ethnicGroup,ethnicPopulation,ethnicPercentage,FileName
Born in Oceania and Antarctica (excluding Australia) (%),1201.242,4.2,AliceSprings.csv
Born in North-West Europe (%),1229.843,4.3,AliceSprings.csv
Born in Southern and Eastern Europe (%),200.207,0.7,AliceSprings.csv
Born in North Africa and the Middle East (%),314.611,1.1,AliceSprings.csv
Born in South-East Asia (%),1001.035,3.5,AliceSprings.csv
Born in North-East Asia (%),400.414,1.4,AliceSprings.csv
Born in Southern and Central Asia (%),1573.055,5.5,AliceSprings.csv
Born in Americas (%),943.833,3.3,AliceSprings.csv
Born in Sub-Saharan Africa (%),657.823,2.3,AliceSprings.csv
Total,7522.063,26.3,AliceSprings.csv
Born in Oceania and Antarctica (excluding Australia) (%),115.248,1.6,Barkly.csv
Born in North-West Europe (%),122.451,1.7,Barkly.csv
Born in Southern and Eastern Europe (%),28.812,0.4,Barkly.csv
Born in North Africa and the Middle East (%),14.406,0.2,Barkly.csv
Born in South-East Asia (%),136.857,1.9,Barkly.csv
Born in North-East Asia (%),21.609,0.3,Barkly.csv
Born in Southern and Central Asia (%),122.451,1.7,Barkly.csv
Born in Americas (%),14.406,0.2,Barkly.csv
Born in Sub-Saharan Africa (%),64.827,0.9,Barkly.csv
Total,641.067,8.9,Barkly.csv
Speaks a language other than English at home (no.),198,120,Belyuen.csv
Speaks a language other than English at home (%),132.825,80.5,Belyuen.csv
Born in Oceania and Antarctica (excluding Australia) (%),200,0.2,Belyuen.csv
Born in North-West Europe (%),312,0.3,Belyuen.csv
Born in Southern and Eastern Europe (%),150,0.1,Belyuen.csv
Born in North Africa and the Middle East (%),943.833,0.8,Belyuen.csv
Born in South-East Asia (%),101,0.1,Belyuen.csv
Total,330.825,1.5,Belyuen.csv
Born in Oceania and Antarctica (excluding Australia) (%),37.116,0.9,CentralDesert.csv
Born in North-West Europe (%),41.24,1,CentralDesert.csv
Born in South-East Asia (%),20.62,0.5,CentralDesert.csv
Born in North-East Asia (%),16.496,0.4,CentralDesert.csv
Born in Southern and Central Asia (%),12.372,0.3,CentralDesert.csv
Born in Americas (%),4.124,0.1,CentralDesert.csv
Born in Sub-Saharan Africa (%),8.248,0.2,CentralDesert.csv
Total,140.216,3.4,CentralDesert.csv
Born in Oceania and Antarctica (excluding Australia) (%),44.896,3.2,Coomalie.csv
Born in North-West Europe (%),65.941,4.7,Coomalie.csv
Born in Southern and Eastern Europe (%),7.015,0.5,Coomalie.csv
Born in South-East Asia (%),42.09,3,Coomalie.csv
Born in North-East Asia (%),0,0,Coomalie.csv
Born in Southern and Central Asia (%),5.612,0.4,Coomalie.csv
Born in Americas (%),9.821,0.7,Coomalie.csv
Born in Sub-Saharan Africa (%),0,0,Coomalie.csv
Total,175.375,12.5,Coomalie.csv
Born in Oceania and Antarctica (excluding Australia) (%),2049.528,2.4,Darwin.csv
Born in North-West Europe (%),4269.85,5,Darwin.csv
Born in Southern and Eastern Europe (%),2134.925,2.5,Darwin.csv
Born in North Africa and the Middle East (%),512.382,0.6,Darwin.csv
Born in South-East Asia (%),7941.921,9.3,Darwin.csv
Born in North-East Asia (%),2220.322,2.6,Darwin.csv
Born in Southern and Central Asia (%),7685.73,9,Darwin.csv
Born in Americas (%),1024.764,1.2,Darwin.csv
Born in Sub-Saharan Africa (%),1280.955,1.5,Darwin.csv
Total,29120.377,34.1,Darwin.csv
Born in Oceania and Antarctica (excluding Australia) (%),15.168,4.8,DarwinWaterfrontPrecinct.csv
Born in North-West Europe (%),33.496,10.6,DarwinWaterfrontPrecinct.csv
Born in Southern and Eastern Europe (%),0,0,DarwinWaterfrontPrecinct.csv
Born in North Africa and the Middle East (%),0,0,DarwinWaterfrontPrecinct.csv
Born in South-East Asia (%),12.008,3.8,DarwinWaterfrontPrecinct.csv
Born in North-East Asia (%),32.232,10.2,DarwinWaterfrontPrecinct.csv
Born in Southern and Central Asia (%),0,0,DarwinWaterfrontPrecinct.csv
Born in Americas (%),6.32,2,DarwinWaterfrontPrecinct.csv
Born in Sub-Saharan Africa (%),12.008,3.8,DarwinWaterfrontPrecinct.csv
Total,111.232,35.2,DarwinWaterfrontPrecinct.csv
Born in Oceania and Antarctica (excluding Australia) (%),80.776,0.8,EastArnhem.csv
Born in North-West Europe (%),40.388,0.4,EastArnhem.csv
Born in Southern and Eastern Europe (%),10.097,0.1,EastArnhem.csv
Born in North Africa and the Middle East (%),10.097,0.1,EastArnhem.csv
Born in South-East Asia (%),30.291,0.3,EastArnhem.csv
Born in North-East Asia (%),10.097,0.1,EastArnhem.csv
Born in Southern and Central Asia (%),10.097,0.1,EastArnhem.csv
Born in Americas (%),10.097,0.1,EastArnhem.csv
Born in Sub-Saharan Africa (%),10.097,0.1,EastArnhem.csv
Total,212.037,2.1,EastArnhem.csv
Born in Oceania and Antarctica (excluding Australia) (%),299.768,2.8,Katherine.csv
Born in North-West Europe (%),278.356,2.6,Katherine.csv
Born in Southern and Eastern Europe (%),64.236,0.6,Katherine.csv
Born in North Africa and the Middle East (%),32.118,0.3,Katherine.csv
Born in South-East Asia (%),374.71,3.5,Katherine.csv
Born in North-East Asia (%),42.824,0.4,Katherine.csv
Born in Southern and Central Asia (%),374.71,3.5,Katherine.csv
Born in Americas (%),42.824,0.4,Katherine.csv
Born in Sub-Saharan Africa (%),107.06,1,Katherine.csv
Total,1616.606,15.1,Katherine.csv
Born in Oceania and Antarctica (excluding Australia) (%),507.056,2.2,Litchfield.csv
Born in North-West Europe (%),1152.4,5,Litchfield.csv
Born in Southern and Eastern Europe (%),138.288,0.6,Litchfield.csv
Born in North Africa and the Middle East (%),23.048,0.1,Litchfield.csv
Born in South-East Asia (%),714.488,3.1,Litchfield.csv
Born in North-East Asia (%),92.192,0.4,Litchfield.csv
Born in Southern and Central Asia (%),115.24,0.5,Litchfield.csv
Born in Americas (%),115.24,0.5,Litchfield.csv
Born in Sub-Saharan Africa (%),161.336,0.7,Litchfield.csv
Total,3019.288,13.1,Litchfield.csv
Born in Oceania and Antarctica (excluding Australia) (%),39.498,0.6,MacDonnell.csv
Born in North-West Europe (%),46.081,0.7,MacDonnell.csv
Born in Southern and Eastern Europe (%),13.166,0.2,MacDonnell.csv
Born in South-East Asia (%),32.915,0.5,MacDonnell.csv
Born in North-East Asia (%),13.166,0.2,MacDonnell.csv
Born in Southern and Central Asia (%),6.583,0.1,MacDonnell.csv
Born in Americas (%),26.332,0.4,MacDonnell.csv
Born in Sub-Saharan Africa (%),26.332,0.4,MacDonnell.csv
Total,204.073,3.1,MacDonnell.csv
Born in Oceania and Antarctica (excluding Australia) (%),989.675,2.5,Palmerston.csv
Born in North-West Europe (%),1464.719,3.7,Palmerston.csv
Born in Southern and Eastern Europe (%),316.696,0.8,Palmerston.csv
Born in North Africa and the Middle East (%),118.761,0.3,Palmerston.csv
Born in South-East Asia (%),2969.025,7.5,Palmerston.csv
Born in North-East Asia (%),356.283,0.9,Palmerston.csv
Born in Southern and Central Asia (%),1464.719,3.7,Palmerston.csv
Born in Americas (%),197.935,0.5,Palmerston.csv
Born in Sub-Saharan Africa (%),870.914,2.2,Palmerston.csv
Total,8748.727,22.1,Palmerston.csv
Born in Oceania and Antarctica (excluding Australia) (%),89.304,1.2,RoperGulf.csv
Born in North-West Europe (%),81.862,1.1,RoperGulf.csv
Born in Southern and Eastern Europe (%),22.326,0.3,RoperGulf.csv
Born in North Africa and the Middle East (%),7.442,0.1,RoperGulf.csv
Born in South-East Asia (%),37.21,0.5,RoperGulf.csv
Born in North-East Asia (%),14.884,0.2,RoperGulf.csv
Born in Southern and Central Asia (%),7.442,0.1,RoperGulf.csv
Born in Americas (%),7.442,0.1,RoperGulf.csv
Born in Sub-Saharan Africa (%),22.326,0.3,RoperGulf.csv
Total,290.238,3.9,RoperGulf.csv
Born in Oceania and Antarctica (excluding Australia) (%),21.904,0.8,TiwiIslands.csv
Born in North-West Europe (%),13.69,0.5,TiwiIslands.csv
Born in Southern and Eastern Europe (%),0,0,TiwiIslands.csv
Born in South-East Asia (%),13.69,0.5,TiwiIslands.csv
Born in Southern and Central Asia (%),2.738,0.1,TiwiIslands.csv
Born in Americas (%),0,0,TiwiIslands.csv
Born in Sub-Saharan Africa (%),0,0,TiwiIslands.csv
Total,52.022,1.9,TiwiIslands.csv
Born in Oceania and Antarctica (excluding Australia) (%),314.538,4.2,UnincorporatedNT.csv
Born in North-West Europe (%),247.137,3.3,UnincorporatedNT.csv
Born in Southern and Eastern Europe (%),59.912,0.8,UnincorporatedNT.csv
Born in North Africa and the Middle East (%),22.467,0.3,UnincorporatedNT.csv
Born in South-East Asia (%),374.45,5,UnincorporatedNT.csv
Born in North-East Asia (%),52.423,0.7,UnincorporatedNT.csv
Born in Southern and Central Asia (%),142.291,1.9,UnincorporatedNT.csv
Born in Americas (%),52.423,0.7,UnincorporatedNT.csv
Born in Sub-Saharan Africa (%),104.846,1.4,UnincorporatedNT.csv
Total,1370.487,18.3,UnincorporatedNT.csv
Born in Oceania and Antarctica (excluding Australia) (%),38.688,1.2,Victoria-Daly.csv
Born in North-West Europe (%),54.808,1.7,Victoria-Daly.csv
Born in Southern and Eastern Europe (%),9.672,0.3,Victoria-Daly.csv
Born in South-East Asia (%),16.12,0.5,Victoria-Daly.csv
Born in North-East Asia (%),6.448,0.2,Victoria-Daly.csv
Born in Southern and Central Asia (%),9.672,0.3,Victoria-Daly.csv
Born in Americas (%),9.672,0.3,Victoria-Daly.csv
Born in Sub-Saharan Africa (%),3.224,0.1,Victoria-Daly.csv
Total,148.304,4.6,Victoria-Daly.csv
Born in Oceania and Antarctica (excluding Australia) (%),23.25,5,Wagait.csv
Born in North-West Europe (%),36.27,7.8,Wagait.csv
Born in Southern and Eastern Europe (%),5.58,1.2,Wagait.csv
Born in South-East Asia (%),12.09,2.6,Wagait.csv
Born in Americas (%),7.905,1.7,Wagait.csv
Total,85.095,18.3,Wagait.csv
Born in Oceania and Antarctica (excluding Australia) (%),86.232,1.2,WestArnhem.csv
Born in North-West Europe (%),43.116,0.6,WestArnhem.csv
Born in Southern and Eastern Europe (%),21.558,0.3,WestArnhem.csv
Born in South-East Asia (%),57.488,0.8,WestArnhem.csv
Born in North-East Asia (%),28.744,0.4,WestArnhem.csv
Born in Southern and Central Asia (%),28.744,0.4,WestArnhem.csv
Born in Americas (%),14.372,0.2,WestArnhem.csv
Born in Sub-Saharan Africa (%),14.372,0.2,WestArnhem.csv
Total,294.626,4.1,WestArnhem.csv
Born in Oceania and Antarctica (excluding Australia) (%),13.704,0.4,WestDaly.csv
Born in North-West Europe (%),10.278,0.3,WestDaly.csv
Born in Southern and Eastern Europe (%),6.852,0.2,WestDaly.csv
Born in South-East Asia (%),6.852,0.2,WestDaly.csv
Born in North-East Asia (%),6.852,0.2,WestDaly.csv
Born in Southern and Central Asia (%),6.852,0.2,WestDaly.csv
Born in Americas (%),6.852,0.2,WestDaly.csv
Total,58.242,1.7,WestDaly.csv
