ethnicGroup,ethnicPopulation,ethnicPercentage,FileName,
Born in Oceania and Antarctica (excluding Australia) (%),762.185,1.9,Albany.csv,
Born in North-West Europe (%),4011.5,10,Albany.csv,
Born in Southern and Eastern Europe (%),320.92,0.8,Albany.csv,
Born in North Africa and the Middle East (%),40.115,0.1,Albany.csv,
Born in South-East Asia (%),1123.22,2.8,Albany.csv,
Born in North-East Asia (%),160.46,0.4,Albany.csv,
Born in Southern and Central Asia (%),200.575,0.5,Albany.csv,
Born in Americas (%),320.92,0.8,Albany.csv,
Born in Sub-Saharan Africa (%),722.07,1.8,Albany.csv,
Total,7661.965,19.1,Albany.csv,
Born in Oceania and Antarctica (excluding Australia) (%),3320.1,3.4,Armadale.csv,
Born in North-West Europe (%),10155.6,10.4,Armadale.csv,
Born in Southern and Eastern Europe (%),878.85,0.9,Armadale.csv,
Born in North Africa and the Middle East (%),781.2,0.8,Armadale.csv,
Born in South-East Asia (%),6347.25,6.5,Armadale.csv,
Born in North-East Asia (%),1367.1,1.4,Armadale.csv,
Born in Southern and Central Asia (%),7421.4,7.6,Armadale.csv,
Born in Americas (%),878.85,0.9,Armadale.csv,
Born in Sub-Saharan Africa (%),3906,4,Armadale.csv,
Total,35056.35,35.9,Armadale.csv,
Born in Oceania and Antarctica (excluding Australia) (%),451.53,5.8,Ashburton.csv,
Born in North-West Europe (%),365.895,4.7,Ashburton.csv,
Born in Southern and Eastern Europe (%),77.85,1,Ashburton.csv,
Born in North Africa and the Middle East (%),31.14,0.4,Ashburton.csv,
Born in South-East Asia (%),249.12,3.2,Ashburton.csv,
Born in North-East Asia (%),31.14,0.4,Ashburton.csv,
Born in Southern and Central Asia (%),70.065,0.9,Ashburton.csv,
Born in Americas (%),54.495,0.7,Ashburton.csv,
Born in Sub-Saharan Africa (%),124.56,1.6,Ashburton.csv,
Total,1455.795,18.7,Ashburton.csv,
Born in Oceania and Antarctica (excluding Australia) (%),553.536,3.2,AugustaMargaretRiver.csv,
Born in North-West Europe (%),2006.568,11.6,AugustaMargaretRiver.csv,
Born in Southern and Eastern Europe (%),190.278,1.1,AugustaMargaretRiver.csv,
Born in North Africa and the Middle East (%),17.298,0.1,AugustaMargaretRiver.csv,
Born in South-East Asia (%),259.47,1.5,AugustaMargaretRiver.csv,
Born in North-East Asia (%),121.086,0.7,AugustaMargaretRiver.csv,
Born in Southern and Central Asia (%),69.192,0.4,AugustaMargaretRiver.csv,
Born in Americas (%),345.96,2,AugustaMargaretRiver.csv,
Born in Sub-Saharan Africa (%),294.066,1.7,AugustaMargaretRiver.csv,
Total,3857.454,22.3,AugustaMargaretRiver.csv,
Born in Oceania and Antarctica (excluding Australia) (%),478.645,2.9,Bassendean.csv,
Born in North-West Europe (%),1683.51,10.2,Bassendean.csv,
Born in Southern and Eastern Europe (%),495.15,3,Bassendean.csv,
Born in North Africa and the Middle East (%),82.525,0.5,Bassendean.csv,
Born in South-East Asia (%),676.705,4.1,Bassendean.csv,
Born in North-East Asia (%),231.07,1.4,Bassendean.csv,
Born in Southern and Central Asia (%),412.625,2.5,Bassendean.csv,
Born in Americas (%),165.05,1,Bassendean.csv,
Born in Sub-Saharan Africa (%),280.585,1.7,Bassendean.csv,
Total,4505.865,27.3,Bassendean.csv,
Born in Oceania and Antarctica (excluding Australia) (%),1651.308,2.3,Bayswater.csv,
Born in North-West Europe (%),6102.66,8.5,Bayswater.csv,
Born in Southern and Eastern Europe (%),3446.208,4.8,Bayswater.csv,
Born in North Africa and the Middle East (%),1005.144,1.4,Bayswater.csv,
Born in South-East Asia (%),5815.476,8.1,Bayswater.csv,
Born in North-East Asia (%),2369.268,3.3,Bayswater.csv,
Born in Southern and Central Asia (%),3661.596,5.1,Bayswater.csv,
Born in Americas (%),1076.94,1.5,Bayswater.csv,
Born in Sub-Saharan Africa (%),1938.492,2.7,Bayswater.csv,
Total,27067.092,37.7,Bayswater.csv,
Born in Oceania and Antarctica (excluding Australia) (%),1579.428,3.6,Belmont.csv,
Born in North-West Europe (%),3071.11,7,Belmont.csv,
Born in Southern and Eastern Europe (%),1009.079,2.3,Belmont.csv,
Born in North Africa and the Middle East (%),921.333,2.1,Belmont.csv,
Born in South-East Asia (%),3904.697,8.9,Belmont.csv,
Born in North-East Asia (%),1974.285,4.5,Belmont.csv,
Born in Southern and Central Asia (%),3422.094,7.8,Belmont.csv,
Born in Americas (%),570.349,1.3,Belmont.csv,
Born in Sub-Saharan Africa (%),1447.809,3.3,Belmont.csv,
Total,17900.184,40.8,Belmont.csv,
Born in Oceania and Antarctica (excluding Australia) (%),43.375,2.5,Beverley.csv,
Born in North-West Europe (%),178.705,10.3,Beverley.csv,
Born in Southern and Eastern Europe (%),8.675,0.5,Beverley.csv,
Born in North Africa and the Middle East (%),5.205,0.3,Beverley.csv,
Born in South-East Asia (%),32.965,1.9,Beverley.csv,
Born in Southern and Central Asia (%),12.145,0.7,Beverley.csv,
Born in Americas (%),10.41,0.6,Beverley.csv,
Born in Sub-Saharan Africa (%),32.965,1.9,Beverley.csv,
Total,324.445,18.7,Beverley.csv,
Born in Oceania and Antarctica (excluding Australia) (%),70.36,4,Boddington.csv,
Born in North-West Europe (%),117.853,6.7,Boddington.csv,
Born in Southern and Eastern Europe (%),3.518,0.2,Boddington.csv,
Born in South-East Asia (%),29.903,1.7,Boddington.csv,
Born in North-East Asia (%),7.036,0.4,Boddington.csv,
Born in Southern and Central Asia (%),7.036,0.4,Boddington.csv,
Born in Americas (%),8.795,0.5,Boddington.csv,
Born in Sub-Saharan Africa (%),22.867,1.3,Boddington.csv,
Total,267.368,15.2,Boddington.csv,
Born in Oceania and Antarctica (excluding Australia) (%),50.598,2.7,BoyupBrook.csv,
Born in North-West Europe (%),148.046,7.9,BoyupBrook.csv,
Born in Southern and Eastern Europe (%),5.622,0.3,BoyupBrook.csv,
Born in North Africa and the Middle East (%),0,0,BoyupBrook.csv,
Born in South-East Asia (%),5.622,0.3,BoyupBrook.csv,
Born in Southern and Central Asia (%),5.622,0.3,BoyupBrook.csv,
Born in Americas (%),3.748,0.2,BoyupBrook.csv,
Born in Sub-Saharan Africa (%),16.866,0.9,BoyupBrook.csv,
Total,236.124,12.6,BoyupBrook.csv,
Born in Oceania and Antarctica (excluding Australia) (%),155.904,2.9,Bridgetown-Greenbushes.csv,
Born in North-West Europe (%),736.512,13.7,Bridgetown-Greenbushes.csv,
Born in Southern and Eastern Europe (%),32.256,0.6,Bridgetown-Greenbushes.csv,
Born in North Africa and the Middle East (%),5.376,0.1,Bridgetown-Greenbushes.csv,
Born in South-East Asia (%),64.512,1.2,Bridgetown-Greenbushes.csv,
Born in North-East Asia (%),10.752,0.2,Bridgetown-Greenbushes.csv,
Born in Southern and Central Asia (%),10.752,0.2,Bridgetown-Greenbushes.csv,
Born in Americas (%),53.76,1,Bridgetown-Greenbushes.csv,
Born in Sub-Saharan Africa (%),86.016,1.6,Bridgetown-Greenbushes.csv,
Total,1155.84,21.5,Bridgetown-Greenbushes.csv,
Born in Oceania and Antarctica (excluding Australia) (%),17.298,1.8,Brookton.csv,
Born in North-West Europe (%),41.323,4.3,Brookton.csv,
Born in Southern and Eastern Europe (%),8.649,0.9,Brookton.csv,
Born in South-East Asia (%),12.493,1.3,Brookton.csv,
Born in Southern and Central Asia (%),2.883,0.3,Brookton.csv,
Born in Americas (%),4.805,0.5,Brookton.csv,
Born in Sub-Saharan Africa (%),11.532,1.2,Brookton.csv,
Total,98.983,10.3,Brookton.csv,
Born in Oceania and Antarctica (excluding Australia) (%),364.18,2,Broome.csv,
Born in North-West Europe (%),928.659,5.1,Broome.csv,
Born in Southern and Eastern Europe (%),145.672,0.8,Broome.csv,
Born in North Africa and the Middle East (%),36.418,0.2,Broome.csv,
Born in South-East Asia (%),437.016,2.4,Broome.csv,
Born in North-East Asia (%),163.881,0.9,Broome.csv,
Born in Southern and Central Asia (%),109.254,0.6,Broome.csv,
Born in Americas (%),200.299,1.1,Broome.csv,
Born in Sub-Saharan Africa (%),218.508,1.2,Broome.csv,
Total,2603.887,14.3,Broome.csv,
Born in Oceania and Antarctica (excluding Australia) (%),18.513,1.7,Broomehill-Tambellup.csv,
Born in North-West Europe (%),58.806,5.4,Broomehill-Tambellup.csv,
Born in Southern and Eastern Europe (%),3.267,0.3,Broomehill-Tambellup.csv,
Born in South-East Asia (%),6.534,0.6,Broomehill-Tambellup.csv,
Born in Americas (%),4.356,0.4,Broomehill-Tambellup.csv,
Born in Sub-Saharan Africa (%),3.267,0.3,Broomehill-Tambellup.csv,
Total,94.743,8.7,Broomehill-Tambellup.csv,
Born in Oceania and Antarctica (excluding Australia) (%),13.208,1.3,BruceRock.csv,
Born in North-West Europe (%),47.752,4.7,BruceRock.csv,
Born in Southern and Eastern Europe (%),3.048,0.3,BruceRock.csv,
Born in South-East Asia (%),11.176,1.1,BruceRock.csv,
Born in Southern and Central Asia (%),0,0,BruceRock.csv,
Born in Americas (%),6.096,0.6,BruceRock.csv,
Born in Sub-Saharan Africa (%),12.192,1.2,BruceRock.csv,
Total,93.472,9.2,BruceRock.csv,
Born in Oceania and Antarctica (excluding Australia) (%),921.996,2.7,Bunbury.csv,
Born in North-West Europe (%),2731.84,8,Bunbury.csv,
Born in Southern and Eastern Europe (%),443.924,1.3,Bunbury.csv,
Born in North Africa and the Middle East (%),136.592,0.4,Bunbury.csv,
Born in South-East Asia (%),887.848,2.6,Bunbury.csv,
Born in North-East Asia (%),307.332,0.9,Bunbury.csv,
Born in Southern and Central Asia (%),409.776,1.2,Bunbury.csv,
Born in Americas (%),239.036,0.7,Bunbury.csv,
Born in Sub-Saharan Africa (%),614.664,1.8,Bunbury.csv,
Total,6693.008,19.6,Bunbury.csv,
Born in Oceania and Antarctica (excluding Australia) (%),1008.144,2.4,Busselton.csv,
Born in North-West Europe (%),4578.654,10.9,Busselton.csv,
Born in Southern and Eastern Europe (%),252.036,0.6,Busselton.csv,
Born in North Africa and the Middle East (%),42.006,0.1,Busselton.csv,
Born in South-East Asia (%),546.078,1.3,Busselton.csv,
Born in North-East Asia (%),210.03,0.5,Busselton.csv,
Born in Southern and Central Asia (%),336.048,0.8,Busselton.csv,
Born in Americas (%),378.054,0.9,Busselton.csv,
Born in Sub-Saharan Africa (%),714.102,1.7,Busselton.csv,
Total,8065.152,19.2,Busselton.csv,
Born in Oceania and Antarctica (excluding Australia) (%),477.376,1.6,Cambridge.csv,
Born in North-West Europe (%),3490.812,11.7,Cambridge.csv,
Born in Southern and Eastern Europe (%),626.556,2.1,Cambridge.csv,
Born in North Africa and the Middle East (%),268.524,0.9,Cambridge.csv,
Born in South-East Asia (%),1163.604,3.9,Cambridge.csv,
Born in North-East Asia (%),745.9,2.5,Cambridge.csv,
Born in Southern and Central Asia (%),656.392,2.2,Cambridge.csv,
Born in Americas (%),745.9,2.5,Cambridge.csv,
Born in Sub-Saharan Africa (%),895.08,3,Cambridge.csv,
Total,9070.144,30.4,Cambridge.csv,
Born in Oceania and Antarctica (excluding Australia) (%),1987.02,2,Canning.csv,
Born in North-West Europe (%),6855.219,6.9,Canning.csv,
Born in Southern and Eastern Europe (%),1490.265,1.5,Canning.csv,
Born in North Africa and the Middle East (%),2185.722,2.2,Canning.csv,
Born in South-East Asia (%),13710.438,13.8,Canning.csv,
Born in North-East Asia (%),7550.676,7.6,Canning.csv,
Born in Southern and Central Asia (%),12716.928,12.8,Canning.csv,
Born in Americas (%),993.51,1,Canning.csv,
Born in Sub-Saharan Africa (%),3079.881,3.1,Canning.csv,
Total,50569.659,50.9,Canning.csv,
Born in Oceania and Antarctica (excluding Australia) (%),525.84,2.8,Capel.csv,
Born in North-West Europe (%),1558.74,8.3,Capel.csv,
Born in Southern and Eastern Europe (%),112.68,0.6,Capel.csv,
Born in North Africa and the Middle East (%),56.34,0.3,Capel.csv,
Born in South-East Asia (%),450.72,2.4,Capel.csv,
Born in North-East Asia (%),56.34,0.3,Capel.csv,
Born in Southern and Central Asia (%),225.36,1.2,Capel.csv,
Born in Americas (%),131.46,0.7,Capel.csv,
Born in Sub-Saharan Africa (%),995.34,5.3,Capel.csv,
Total,4112.82,21.9,Capel.csv,
Born in Oceania and Antarctica (excluding Australia) (%),16.617,2.9,Carnamah.csv,
Born in North-West Europe (%),39.537,6.9,Carnamah.csv,
Born in Southern and Eastern Europe (%),2.865,0.5,Carnamah.csv,
Born in Southern and Central Asia (%),2.865,0.5,Carnamah.csv,
Born in Americas (%),9.168,1.6,Carnamah.csv,
Born in Sub-Saharan Africa (%),2.865,0.5,Carnamah.csv,
Total,73.917,12.9,Carnamah.csv,
Born in Oceania and Antarctica (excluding Australia) (%),138.15,2.5,Carnarvon.csv,
Born in North-West Europe (%),281.826,5.1,Carnarvon.csv,
Born in Southern and Eastern Europe (%),138.15,2.5,Carnarvon.csv,
Born in North Africa and the Middle East (%),11.052,0.2,Carnarvon.csv,
Born in South-East Asia (%),254.196,4.6,Carnarvon.csv,
Born in North-East Asia (%),66.312,1.2,Carnarvon.csv,
Born in Southern and Central Asia (%),38.682,0.7,Carnarvon.csv,
Born in Americas (%),33.156,0.6,Carnarvon.csv,
Born in Sub-Saharan Africa (%),55.26,1,Carnarvon.csv,
Total,1016.784,18.4,Carnarvon.csv,
Born in Oceania and Antarctica (excluding Australia) (%),33.873,2.1,ChapmanValley.csv,
Born in North-West Europe (%),124.201,7.7,ChapmanValley.csv,
Born in Southern and Eastern Europe (%),3.226,0.2,ChapmanValley.csv,
Born in North Africa and the Middle East (%),4.839,0.3,ChapmanValley.csv,
Born in South-East Asia (%),8.065,0.5,ChapmanValley.csv,
Born in Southern and Central Asia (%),4.839,0.3,ChapmanValley.csv,
Born in Americas (%),12.904,0.8,ChapmanValley.csv,
Born in Sub-Saharan Africa (%),24.195,1.5,ChapmanValley.csv,
Total,216.142,13.4,ChapmanValley.csv,
Born in Oceania and Antarctica (excluding Australia) (%),195.2,3.2,Chittering.csv,
Born in North-West Europe (%),902.8,14.8,Chittering.csv,
Born in Southern and Eastern Europe (%),48.8,0.8,Chittering.csv,
Born in North Africa and the Middle East (%),12.2,0.2,Chittering.csv,
Born in South-East Asia (%),67.1,1.1,Chittering.csv,
Born in North-East Asia (%),12.2,0.2,Chittering.csv,
Born in Southern and Central Asia (%),24.4,0.4,Chittering.csv,
Born in Americas (%),36.6,0.6,Chittering.csv,
Born in Sub-Saharan Africa (%),122,2,Chittering.csv,
Total,1421.3,23.3,Chittering.csv,
Born in Oceania and Antarctica (excluding Australia) (%),56.628,3.3,ChristmasIsland.csv,
Born in North-West Europe (%),49.764,2.9,ChristmasIsland.csv,
Born in Southern and Eastern Europe (%),8.58,0.5,ChristmasIsland.csv,
Born in North Africa and the Middle East (%),68.64,4,ChristmasIsland.csv,
Born in South-East Asia (%),437.58,25.5,ChristmasIsland.csv,
Born in North-East Asia (%),20.592,1.2,ChristmasIsland.csv,
Born in Southern and Central Asia (%),49.764,2.9,ChristmasIsland.csv,
Born in Americas (%),8.58,0.5,ChristmasIsland.csv,
Born in Sub-Saharan Africa (%),46.332,2.7,ChristmasIsland.csv,
Total,746.46,43.5,ChristmasIsland.csv,
Born in Oceania and Antarctica (excluding Australia) (%),186.32,1.6,Claremont.csv,
Born in North-West Europe (%),1502.205,12.9,Claremont.csv,
Born in Southern and Eastern Europe (%),163.03,1.4,Claremont.csv,
Born in North Africa and the Middle East (%),93.16,0.8,Claremont.csv,
Born in South-East Asia (%),360.995,3.1,Claremont.csv,
Born in North-East Asia (%),465.8,4,Claremont.csv,
Born in Southern and Central Asia (%),163.03,1.4,Claremont.csv,
Born in Americas (%),302.77,2.6,Claremont.csv,
Born in Sub-Saharan Africa (%),407.575,3.5,Claremont.csv,
Total,3644.885,31.3,Claremont.csv,
Born in Oceania and Antarctica (excluding Australia) (%),3544.119,2.9,Cockburn.csv,
Born in North-West Europe (%),12098.889,9.9,Cockburn.csv,
Born in Southern and Eastern Europe (%),5866.128,4.8,Cockburn.csv,
Born in North Africa and the Middle East (%),977.688,0.8,Cockburn.csv,
Born in South-East Asia (%),7332.66,6,Cockburn.csv,
Born in North-East Asia (%),2810.853,2.3,Cockburn.csv,
Born in Southern and Central Asia (%),3421.908,2.8,Cockburn.csv,
Born in Americas (%),1955.376,1.6,Cockburn.csv,
Born in Sub-Saharan Africa (%),3666.33,3,Cockburn.csv,
Total,41673.951,34.1,Cockburn.csv,
Born in Oceania and Antarctica (excluding Australia) (%),7.224,1.2,CocosIslands.csv,
Born in North-West Europe (%),7.224,1.2,CocosIslands.csv,
Born in South-East Asia (%),28.294,4.7,CocosIslands.csv,
Born in North-East Asia (%),3.01,0.5,CocosIslands.csv,
Born in Americas (%),4.214,0.7,CocosIslands.csv,
Total,49.966,8.3,CocosIslands.csv,
Born in Oceania and Antarctica (excluding Australia) (%),209.024,2.3,Collie.csv,
Born in North-West Europe (%),536.192,5.9,Collie.csv,
Born in Southern and Eastern Europe (%),54.528,0.6,Collie.csv,
Born in North Africa and the Middle East (%),18.176,0.2,Collie.csv,
Born in South-East Asia (%),90.88,1,Collie.csv,
Born in North-East Asia (%),18.176,0.2,Collie.csv,
Born in Southern and Central Asia (%),18.176,0.2,Collie.csv,
Born in Americas (%),18.176,0.2,Collie.csv,
Born in Sub-Saharan Africa (%),72.704,0.8,Collie.csv,
Total,1036.032,11.4,Collie.csv,
Born in Oceania and Antarctica (excluding Australia) (%),287.402,7.9,Coolgardie.csv,
Born in North-West Europe (%),120.054,3.3,Coolgardie.csv,
Born in Southern and Eastern Europe (%),29.104,0.8,Coolgardie.csv,
Born in North Africa and the Middle East (%),3.638,0.1,Coolgardie.csv,
Born in South-East Asia (%),83.674,2.3,Coolgardie.csv,
Born in North-East Asia (%),7.276,0.2,Coolgardie.csv,
Born in Southern and Central Asia (%),21.828,0.6,Coolgardie.csv,
Born in Americas (%),10.914,0.3,Coolgardie.csv,
Born in Sub-Saharan Africa (%),43.656,1.2,Coolgardie.csv,
Total,607.546,16.7,Coolgardie.csv,
Born in Oceania and Antarctica (excluding Australia) (%),29.457,2.7,Coorow.csv,
Born in North-West Europe (%),51.277,4.7,Coorow.csv,
Born in Southern and Eastern Europe (%),6.546,0.6,Coorow.csv,
Born in South-East Asia (%),17.456,1.6,Coorow.csv,
Born in North-East Asia (%),0,0,Coorow.csv,
Born in Southern and Central Asia (%),3.273,0.3,Coorow.csv,
Born in Americas (%),0,0,Coorow.csv,
Born in Sub-Saharan Africa (%),5.455,0.5,Coorow.csv,
Total,113.464,10.4,Coorow.csv,
Born in Oceania and Antarctica (excluding Australia) (%),33.924,3.3,Corrigin.csv,
Born in North-West Europe (%),41.12,4,Corrigin.csv,
Born in Southern and Eastern Europe (%),6.168,0.6,Corrigin.csv,
Born in South-East Asia (%),10.28,1,Corrigin.csv,
Born in North-East Asia (%),0,0,Corrigin.csv,
Born in Southern and Central Asia (%),4.112,0.4,Corrigin.csv,
Born in Americas (%),6.168,0.6,Corrigin.csv,
Born in Sub-Saharan Africa (%),6.168,0.6,Corrigin.csv,
Total,107.94,10.5,Corrigin.csv,
Born in Oceania and Antarctica (excluding Australia) (%),148.428,1.8,Cottesloe.csv,
Born in North-West Europe (%),1030.75,12.5,Cottesloe.csv,
Born in Southern and Eastern Europe (%),131.936,1.6,Cottesloe.csv,
Born in North Africa and the Middle East (%),32.984,0.4,Cottesloe.csv,
Born in South-East Asia (%),123.69,1.5,Cottesloe.csv,
Born in North-East Asia (%),74.214,0.9,Cottesloe.csv,
Born in Southern and Central Asia (%),41.23,0.5,Cottesloe.csv,
Born in Americas (%),222.642,2.7,Cottesloe.csv,
Born in Sub-Saharan Africa (%),214.396,2.6,Cottesloe.csv,
Total,2020.27,24.5,Cottesloe.csv,
Born in Oceania and Antarctica (excluding Australia) (%),32.973,2.9,Cranbrook.csv,
Born in North-West Europe (%),87.549,7.7,Cranbrook.csv,
Born in Southern and Eastern Europe (%),7.959,0.7,Cranbrook.csv,
Born in South-East Asia (%),20.466,1.8,Cranbrook.csv,
Born in Southern and Central Asia (%),5.685,0.5,Cranbrook.csv,
Born in Americas (%),3.411,0.3,Cranbrook.csv,
Born in Sub-Saharan Africa (%),17.055,1.5,Cranbrook.csv,
Total,175.098,15.4,Cranbrook.csv,
Born in Oceania and Antarctica (excluding Australia) (%),20.394,2.2,Cuballing.csv,
Born in North-West Europe (%),78.795,8.5,Cuballing.csv,
Born in Southern and Eastern Europe (%),3.708,0.4,Cuballing.csv,
Born in South-East Asia (%),10.197,1.1,Cuballing.csv,
Born in North-East Asia (%),2.781,0.3,Cuballing.csv,
Born in Americas (%),6.489,0.7,Cuballing.csv,
Born in Sub-Saharan Africa (%),3.708,0.4,Cuballing.csv,
Total,126.072,13.6,Cuballing.csv,
Born in Oceania and Antarctica (excluding Australia) (%),13.68,6,Cue.csv,
Born in North-West Europe (%),31.92,14,Cue.csv,
Born in South-East Asia (%),7.524,3.3,Cue.csv,
Born in Americas (%),0,0,Cue.csv,
Born in Sub-Saharan Africa (%),9.576,4.2,Cue.csv,
Total,62.7,27.5,Cue.csv,
Born in Oceania and Antarctica (excluding Australia) (%),26.84,2,Cunderdin.csv,
Born in North-West Europe (%),75.152,5.6,Cunderdin.csv,
Born in South-East Asia (%),60.39,4.5,Cunderdin.csv,
Born in North-East Asia (%),0,0,Cunderdin.csv,
Born in Southern and Central Asia (%),6.71,0.5,Cunderdin.csv,
Born in Americas (%),4.026,0.3,Cunderdin.csv,
Born in Sub-Saharan Africa (%),20.13,1.5,Cunderdin.csv,
Total,193.248,14.4,Cunderdin.csv,
Born in Oceania and Antarctica (excluding Australia) (%),35.9,2.5,Dalwallinu.csv,
Born in North-West Europe (%),61.748,4.3,Dalwallinu.csv,
Born in Southern and Eastern Europe (%),0,0,Dalwallinu.csv,
Born in North Africa and the Middle East (%),0,0,Dalwallinu.csv,
Born in South-East Asia (%),112.008,7.8,Dalwallinu.csv,
Born in North-East Asia (%),0,0,Dalwallinu.csv,
Born in Southern and Central Asia (%),2.872,0.2,Dalwallinu.csv,
Born in Americas (%),11.488,0.8,Dalwallinu.csv,
Born in Sub-Saharan Africa (%),24.412,1.7,Dalwallinu.csv,
Total,248.428,17.3,Dalwallinu.csv,
Born in Oceania and Antarctica (excluding Australia) (%),97.244,2.8,Dandaragan.csv,
Born in North-West Europe (%),246.583,7.1,Dandaragan.csv,
Born in Southern and Eastern Europe (%),17.365,0.5,Dandaragan.csv,
Born in North Africa and the Middle East (%),6.946,0.2,Dandaragan.csv,
Born in South-East Asia (%),38.203,1.1,Dandaragan.csv,
Born in North-East Asia (%),13.892,0.4,Dandaragan.csv,
Born in Southern and Central Asia (%),17.365,0.5,Dandaragan.csv,
Born in Americas (%),20.838,0.6,Dandaragan.csv,
Born in Sub-Saharan Africa (%),52.095,1.5,Dandaragan.csv,
Total,510.531,14.7,Dandaragan.csv,
Born in Oceania and Antarctica (excluding Australia) (%),440.771,2.9,Dardanup.csv,
Born in North-West Europe (%),1124.726,7.4,Dardanup.csv,
Born in Southern and Eastern Europe (%),75.995,0.5,Dardanup.csv,
Born in North Africa and the Middle East (%),30.398,0.2,Dardanup.csv,
Born in South-East Asia (%),243.184,1.6,Dardanup.csv,
Born in North-East Asia (%),91.194,0.6,Dardanup.csv,
Born in Southern and Central Asia (%),121.592,0.8,Dardanup.csv,
Born in Americas (%),75.995,0.5,Dardanup.csv,
Born in Sub-Saharan Africa (%),349.577,2.3,Dardanup.csv,
Total,2553.432,16.8,Dardanup.csv,
Born in Oceania and Antarctica (excluding Australia) (%),129.34,2,Denmark.csv,
Born in North-West Europe (%),944.182,14.6,Denmark.csv,
Born in Southern and Eastern Europe (%),38.802,0.6,Denmark.csv,
Born in North Africa and the Middle East (%),6.467,0.1,Denmark.csv,
Born in South-East Asia (%),84.071,1.3,Denmark.csv,
Born in North-East Asia (%),19.401,0.3,Denmark.csv,
Born in Southern and Central Asia (%),19.401,0.3,Denmark.csv,
Born in Americas (%),84.071,1.3,Denmark.csv,
Born in Sub-Saharan Africa (%),148.741,2.3,Denmark.csv,
Total,1474.476,22.8,Denmark.csv,
Born in Oceania and Antarctica (excluding Australia) (%),168.28,2,Derby-WestKimberley.csv,
Born in North-West Europe (%),159.866,1.9,Derby-WestKimberley.csv,
Born in Southern and Eastern Europe (%),16.828,0.2,Derby-WestKimberley.csv,
Born in North Africa and the Middle East (%),8.414,0.1,Derby-WestKimberley.csv,
Born in South-East Asia (%),75.726,0.9,Derby-WestKimberley.csv,
Born in North-East Asia (%),33.656,0.4,Derby-WestKimberley.csv,
Born in Southern and Central Asia (%),58.898,0.7,Derby-WestKimberley.csv,
Born in Americas (%),33.656,0.4,Derby-WestKimberley.csv,
Born in Sub-Saharan Africa (%),67.312,0.8,Derby-WestKimberley.csv,
Total,622.636,7.4,Derby-WestKimberley.csv,
Born in Oceania and Antarctica (excluding Australia) (%),157.8,2.5,Donnybrook-Balingup.csv,
Born in North-West Europe (%),656.448,10.4,Donnybrook-Balingup.csv,
Born in Southern and Eastern Europe (%),63.12,1,Donnybrook-Balingup.csv,
Born in North Africa and the Middle East (%),6.312,0.1,Donnybrook-Balingup.csv,
Born in South-East Asia (%),82.056,1.3,Donnybrook-Balingup.csv,
Born in North-East Asia (%),44.184,0.7,Donnybrook-Balingup.csv,
Born in Southern and Central Asia (%),31.56,0.5,Donnybrook-Balingup.csv,
Born in Americas (%),44.184,0.7,Donnybrook-Balingup.csv,
Born in Sub-Saharan Africa (%),82.056,1.3,Donnybrook-Balingup.csv,
Total,1167.72,18.5,Donnybrook-Balingup.csv,
Born in Oceania and Antarctica (excluding Australia) (%),8.063,1.1,Dowerin.csv,
Born in North-West Europe (%),35.184,4.8,Dowerin.csv,
Born in Southern and Eastern Europe (%),0,0,Dowerin.csv,
Born in South-East Asia (%),4.398,0.6,Dowerin.csv,
Born in Sub-Saharan Africa (%),10.995,1.5,Dowerin.csv,
Total,58.64,8,Dowerin.csv,
Born in Oceania and Antarctica (excluding Australia) (%),13.281,1.9,Dumbleyung.csv,
Born in North-West Europe (%),22.368,3.2,Dumbleyung.csv,
Born in Southern and Eastern Europe (%),0,0,Dumbleyung.csv,
Born in South-East Asia (%),2.796,0.4,Dumbleyung.csv,
Born in Americas (%),2.796,0.4,Dumbleyung.csv,
Born in Sub-Saharan Africa (%),9.087,1.3,Dumbleyung.csv,
Total,50.328,7.2,Dumbleyung.csv,
Born in Oceania and Antarctica (excluding Australia) (%),39.144,5.6,Dundas.csv,
Born in North-West Europe (%),48.231,6.9,Dundas.csv,
Born in Southern and Eastern Europe (%),10.485,1.5,Dundas.csv,
Born in South-East Asia (%),21.669,3.1,Dundas.csv,
Born in North-East Asia (%),6.291,0.9,Dundas.csv,
Born in Southern and Central Asia (%),2.796,0.4,Dundas.csv,
Born in Americas (%),2.796,0.4,Dundas.csv,
Born in Sub-Saharan Africa (%),8.388,1.2,Dundas.csv,
Total,139.8,20,Dundas.csv,
Born in Oceania and Antarctica (excluding Australia) (%),161.3,2,EastFremantle.csv,
Born in North-West Europe (%),1072.645,13.3,EastFremantle.csv,
Born in Southern and Eastern Europe (%),201.625,2.5,EastFremantle.csv,
Born in North Africa and the Middle East (%),32.26,0.4,EastFremantle.csv,
Born in South-East Asia (%),104.845,1.3,EastFremantle.csv,
Born in North-East Asia (%),48.39,0.6,EastFremantle.csv,
Born in Southern and Central Asia (%),32.26,0.4,EastFremantle.csv,
Born in Americas (%),169.365,2.1,EastFremantle.csv,
Born in Sub-Saharan Africa (%),120.975,1.5,EastFremantle.csv,
Total,1943.665,24.1,EastFremantle.csv,
Born in Oceania and Antarctica (excluding Australia) (%),716.013,6.9,EastPilbara.csv,
Born in North-West Europe (%),446.211,4.3,EastPilbara.csv,
Born in Southern and Eastern Europe (%),72.639,0.7,EastPilbara.csv,
Born in North Africa and the Middle East (%),41.508,0.4,EastPilbara.csv,
Born in South-East Asia (%),404.703,3.9,EastPilbara.csv,
Born in North-East Asia (%),51.885,0.5,EastPilbara.csv,
Born in Southern and Central Asia (%),114.147,1.1,EastPilbara.csv,
Born in Americas (%),83.016,0.8,EastPilbara.csv,
Born in Sub-Saharan Africa (%),300.933,2.9,EastPilbara.csv,
Total,2231.055,21.5,EastPilbara.csv,
Born in Oceania and Antarctica (excluding Australia) (%),403.144,2.8,Esperance.csv,
Born in North-West Europe (%),791.89,5.5,Esperance.csv,
Born in Southern and Eastern Europe (%),43.194,0.3,Esperance.csv,
Born in North Africa and the Middle East (%),0,0,Esperance.csv,
Born in South-East Asia (%),187.174,1.3,Esperance.csv,
Born in North-East Asia (%),28.796,0.2,Esperance.csv,
Born in Southern and Central Asia (%),57.592,0.4,Esperance.csv,
Born in Americas (%),71.99,0.5,Esperance.csv,
Born in Sub-Saharan Africa (%),259.164,1.8,Esperance.csv,
Total,1842.944,12.8,Esperance.csv,
Born in Oceania and Antarctica (excluding Australia) (%),76.92,2.4,Exmouth.csv,
Born in North-West Europe (%),243.58,7.6,Exmouth.csv,
Born in Southern and Eastern Europe (%),48.075,1.5,Exmouth.csv,
Born in North Africa and the Middle East (%),6.41,0.2,Exmouth.csv,
Born in South-East Asia (%),57.69,1.8,Exmouth.csv,
Born in North-East Asia (%),19.23,0.6,Exmouth.csv,
Born in Southern and Central Asia (%),12.82,0.4,Exmouth.csv,
Born in Americas (%),102.56,3.2,Exmouth.csv,
Born in Sub-Saharan Africa (%),28.845,0.9,Exmouth.csv,
Total,596.13,18.6,Exmouth.csv,
Born in Oceania and Antarctica (excluding Australia) (%),728.398,2.2,Fremantle.csv,
Born in North-West Europe (%),4668.369,14.1,Fremantle.csv,
Born in Southern and Eastern Europe (%),1556.123,4.7,Fremantle.csv,
Born in North Africa and the Middle East (%),165.545,0.5,Fremantle.csv,
Born in South-East Asia (%),629.071,1.9,Fremantle.csv,
Born in North-East Asia (%),264.872,0.8,Fremantle.csv,
Born in Southern and Central Asia (%),198.654,0.6,Fremantle.csv,
Born in Americas (%),827.725,2.5,Fremantle.csv,
Born in Sub-Saharan Africa (%),595.962,1.8,Fremantle.csv,
Total,9634.719,29.1,Fremantle.csv,
Born in Oceania and Antarctica (excluding Australia) (%),287.55,5,Gingin.csv,
Born in North-West Europe (%),695.871,12.1,Gingin.csv,
Born in Southern and Eastern Europe (%),86.265,1.5,Gingin.csv,
Born in North Africa and the Middle East (%),5.751,0.1,Gingin.csv,
Born in South-East Asia (%),155.277,2.7,Gingin.csv,
Born in North-East Asia (%),80.514,1.4,Gingin.csv,
Born in Southern and Central Asia (%),28.755,0.5,Gingin.csv,
Born in Americas (%),34.506,0.6,Gingin.csv,
Born in Sub-Saharan Africa (%),86.265,1.5,Gingin.csv,
Total,1460.754,25.4,Gingin.csv,
Born in Oceania and Antarctica (excluding Australia) (%),32.76,2.6,Gnowangerup.csv,
Born in North-West Europe (%),52.92,4.2,Gnowangerup.csv,
Born in Southern and Eastern Europe (%),8.82,0.7,Gnowangerup.csv,
Born in South-East Asia (%),54.18,4.3,Gnowangerup.csv,
Born in North-East Asia (%),0,0,Gnowangerup.csv,
Born in Southern and Central Asia (%),5.04,0.4,Gnowangerup.csv,
Born in Americas (%),2.52,0.2,Gnowangerup.csv,
Born in Sub-Saharan Africa (%),21.42,1.7,Gnowangerup.csv,
Total,177.66,14.1,Gnowangerup.csv,
Born in Oceania and Antarctica (excluding Australia) (%),17.73,1.8,Goomalling.csv,
Born in North-West Europe (%),67.965,6.9,Goomalling.csv,
Born in Southern and Eastern Europe (%),3.94,0.4,Goomalling.csv,
Born in South-East Asia (%),2.955,0.3,Goomalling.csv,
Born in North-East Asia (%),0,0,Goomalling.csv,
Born in Southern and Central Asia (%),6.895,0.7,Goomalling.csv,
Born in Americas (%),0,0,Goomalling.csv,
Born in Sub-Saharan Africa (%),7.88,0.8,Goomalling.csv,
Total,107.365,10.9,Goomalling.csv,
Born in Oceania and Antarctica (excluding Australia) (%),3941.43,3,Gosnells.csv,
Born in North-West Europe (%),9853.575,7.5,Gosnells.csv,
Born in Southern and Eastern Europe (%),1576.572,1.2,Gosnells.csv,
Born in North Africa and the Middle East (%),2627.62,2,Gosnells.csv,
Born in South-East Asia (%),15108.815,11.5,Gosnells.csv,
Born in North-East Asia (%),4729.716,3.6,Gosnells.csv,
Born in Southern and Central Asia (%),14057.767,10.7,Gosnells.csv,
Born in Americas (%),919.667,0.7,Gosnells.csv,
Born in Sub-Saharan Africa (%),4598.335,3.5,Gosnells.csv,
Total,57413.497,43.7,Gosnells.csv,
Born in Oceania and Antarctica (excluding Australia) (%),782.762,1.9,GreaterGeraldton.csv,
Born in North-West Europe (%),2307.088,5.6,GreaterGeraldton.csv,
Born in Southern and Eastern Europe (%),247.188,0.6,GreaterGeraldton.csv,
Born in North Africa and the Middle East (%),41.198,0.1,GreaterGeraldton.csv,
Born in South-East Asia (%),988.752,2.4,GreaterGeraldton.csv,
Born in North-East Asia (%),123.594,0.3,GreaterGeraldton.csv,
Born in Southern and Central Asia (%),370.782,0.9,GreaterGeraldton.csv,
Born in Americas (%),247.188,0.6,GreaterGeraldton.csv,
Born in Sub-Saharan Africa (%),741.564,1.8,GreaterGeraldton.csv,
Total,5850.116,14.2,GreaterGeraldton.csv,
Born in Oceania and Antarctica (excluding Australia) (%),64.656,1.6,HallsCreek.csv,
Born in North-West Europe (%),60.615,1.5,HallsCreek.csv,
Born in Southern and Eastern Europe (%),8.082,0.2,HallsCreek.csv,
Born in South-East Asia (%),36.369,0.9,HallsCreek.csv,
Born in North-East Asia (%),12.123,0.3,HallsCreek.csv,
Born in Southern and Central Asia (%),12.123,0.3,HallsCreek.csv,
Born in Americas (%),4.041,0.1,HallsCreek.csv,
Born in Sub-Saharan Africa (%),16.164,0.4,HallsCreek.csv,
Total,214.173,5.3,HallsCreek.csv,
Born in Oceania and Antarctica (excluding Australia) (%),1096.347,3.7,Harvey.csv,
Born in North-West Europe (%),2281.587,7.7,Harvey.csv,
Born in Southern and Eastern Europe (%),237.048,0.8,Harvey.csv,
Born in North Africa and the Middle East (%),59.262,0.2,Harvey.csv,
Born in South-East Asia (%),800.037,2.7,Harvey.csv,
Born in North-East Asia (%),266.679,0.9,Harvey.csv,
Born in Southern and Central Asia (%),177.786,0.6,Harvey.csv,
Born in Americas (%),118.524,0.4,Harvey.csv,
Born in Sub-Saharan Africa (%),651.882,2.2,Harvey.csv,
Total,5689.152,19.2,Harvey.csv,
Born in Oceania and Antarctica (excluding Australia) (%),101.817,2.7,Irwin.csv,
Born in North-West Europe (%),282.825,7.5,Irwin.csv,
Born in Southern and Eastern Europe (%),11.313,0.3,Irwin.csv,
Born in South-East Asia (%),37.71,1,Irwin.csv,
Born in North-East Asia (%),0,0,Irwin.csv,
Born in Southern and Central Asia (%),11.313,0.3,Irwin.csv,
Born in Americas (%),7.542,0.2,Irwin.csv,
Born in Sub-Saharan Africa (%),26.397,0.7,Irwin.csv,
Total,478.917,12.7,Irwin.csv,
Born in Oceania and Antarctica (excluding Australia) (%),35.88,3,Jerramungup.csv,
Born in North-West Europe (%),50.232,4.2,Jerramungup.csv,
Born in Southern and Eastern Europe (%),9.568,0.8,Jerramungup.csv,
Born in South-East Asia (%),8.372,0.7,Jerramungup.csv,
Born in North-East Asia (%),4.784,0.4,Jerramungup.csv,
Born in Americas (%),9.568,0.8,Jerramungup.csv,
Born in Sub-Saharan Africa (%),22.724,1.9,Jerramungup.csv,
Total,141.128,11.8,Jerramungup.csv,
Born in Oceania and Antarctica (excluding Australia) (%),4457.025,2.7,Joondalup.csv,
Born in North-West Europe (%),33345.15,20.2,Joondalup.csv,
Born in Southern and Eastern Europe (%),3466.575,2.1,Joondalup.csv,
Born in North Africa and the Middle East (%),1320.6,0.8,Joondalup.csv,
Born in South-East Asia (%),4126.875,2.5,Joondalup.csv,
Born in North-East Asia (%),1815.825,1.1,Joondalup.csv,
Born in Southern and Central Asia (%),1980.9,1.2,Joondalup.csv,
Born in Americas (%),2145.975,1.3,Joondalup.csv,
Born in Sub-Saharan Africa (%),8418.825,5.1,Joondalup.csv,
Total,61077.75,37,Joondalup.csv,
Born in Oceania and Antarctica (excluding Australia) (%),2128.105,3.5,Kalamunda.csv,
Born in North-West Europe (%),7357.163,12.1,Kalamunda.csv,
Born in Southern and Eastern Europe (%),912.045,1.5,Kalamunda.csv,
Born in North Africa and the Middle East (%),243.212,0.4,Kalamunda.csv,
Born in South-East Asia (%),2128.105,3.5,Kalamunda.csv,
Born in North-East Asia (%),547.227,0.9,Kalamunda.csv,
Born in Southern and Central Asia (%),2006.499,3.3,Kalamunda.csv,
Born in Americas (%),425.621,0.7,Kalamunda.csv,
Born in Sub-Saharan Africa (%),1580.878,2.6,Kalamunda.csv,
Total,17328.855,28.5,Kalamunda.csv,
Born in Oceania and Antarctica (excluding Australia) (%),2453.92,8,Kalgoorlie-Boulder.csv,
Born in North-West Europe (%),1134.938,3.7,Kalgoorlie-Boulder.csv,
Born in Southern and Eastern Europe (%),214.718,0.7,Kalgoorlie-Boulder.csv,
Born in North Africa and the Middle East (%),153.37,0.5,Kalgoorlie-Boulder.csv,
Born in South-East Asia (%),1196.286,3.9,Kalgoorlie-Boulder.csv,
Born in North-East Asia (%),245.392,0.8,Kalgoorlie-Boulder.csv,
Born in Southern and Central Asia (%),582.806,1.9,Kalgoorlie-Boulder.csv,
Born in Americas (%),245.392,0.8,Kalgoorlie-Boulder.csv,
Born in Sub-Saharan Africa (%),1134.938,3.7,Kalgoorlie-Boulder.csv,
Total,7361.76,24,Kalgoorlie-Boulder.csv,
Born in Oceania and Antarctica (excluding Australia) (%),1030.524,4.4,Karratha.csv,
Born in North-West Europe (%),983.682,4.2,Karratha.csv,
Born in Southern and Eastern Europe (%),140.526,0.6,Karratha.csv,
Born in North Africa and the Middle East (%),70.263,0.3,Karratha.csv,
Born in South-East Asia (%),889.998,3.8,Karratha.csv,
Born in North-East Asia (%),187.368,0.8,Karratha.csv,
Born in Southern and Central Asia (%),444.999,1.9,Karratha.csv,
Born in Americas (%),187.368,0.8,Karratha.csv,
Born in Sub-Saharan Africa (%),444.999,1.9,Karratha.csv,
Total,4379.727,18.7,Karratha.csv,
Born in Oceania and Antarctica (excluding Australia) (%),207.074,4.9,Katanning.csv,
Born in North-West Europe (%),156.362,3.7,Katanning.csv,
Born in Southern and Eastern Europe (%),29.582,0.7,Katanning.csv,
Born in North Africa and the Middle East (%),8.452,0.2,Katanning.csv,
Born in South-East Asia (%),325.402,7.7,Katanning.csv,
Born in North-East Asia (%),33.808,0.8,Katanning.csv,
Born in Southern and Central Asia (%),59.164,1.4,Katanning.csv,
Born in Americas (%),16.904,0.4,Katanning.csv,
Born in Sub-Saharan Africa (%),54.938,1.3,Katanning.csv,
Total,891.686,21.1,Katanning.csv,
Born in Oceania and Antarctica (excluding Australia) (%),29.45,2.5,Kellerberrin.csv,
Born in North-West Europe (%),54.188,4.6,Kellerberrin.csv,
Born in Southern and Eastern Europe (%),12.958,1.1,Kellerberrin.csv,
Born in North Africa and the Middle East (%),0,0,Kellerberrin.csv,
Born in South-East Asia (%),11.78,1,Kellerberrin.csv,
Born in Southern and Central Asia (%),8.246,0.7,Kellerberrin.csv,
Born in Sub-Saharan Africa (%),21.204,1.8,Kellerberrin.csv,
Total,137.826,11.7,Kellerberrin.csv,
Born in Oceania and Antarctica (excluding Australia) (%),7.084,1.4,Kent.csv,
Born in North-West Europe (%),27.83,5.5,Kent.csv,
Born in Southern and Eastern Europe (%),4.048,0.8,Kent.csv,
Born in Southern and Central Asia (%),4.048,0.8,Kent.csv,
Born in Sub-Saharan Africa (%),8.096,1.6,Kent.csv,
Total,51.106,10.1,Kent.csv,
Born in Oceania and Antarctica (excluding Australia) (%),78.6,4,Kojonup.csv,
Born in North-West Europe (%),70.74,3.6,Kojonup.csv,
Born in Southern and Eastern Europe (%),13.755,0.7,Kojonup.csv,
Born in North Africa and the Middle East (%),0,0,Kojonup.csv,
Born in South-East Asia (%),60.915,3.1,Kojonup.csv,
Born in Southern and Central Asia (%),5.895,0.3,Kojonup.csv,
Born in Americas (%),3.93,0.2,Kojonup.csv,
Born in Sub-Saharan Africa (%),15.72,0.8,Kojonup.csv,
Total,249.555,12.7,Kojonup.csv,
Born in Oceania and Antarctica (excluding Australia) (%),27.904,3.2,Kondinin.csv,
Born in North-West Europe (%),41.856,4.8,Kondinin.csv,
Born in Southern and Eastern Europe (%),3.488,0.4,Kondinin.csv,
Born in North Africa and the Middle East (%),0,0,Kondinin.csv,
Born in South-East Asia (%),3.488,0.4,Kondinin.csv,
Born in Southern and Central Asia (%),5.232,0.6,Kondinin.csv,
Born in Americas (%),5.232,0.6,Kondinin.csv,
Born in Sub-Saharan Africa (%),0,0,Kondinin.csv,
Total,87.2,10,Kondinin.csv,
Born in Oceania and Antarctica (excluding Australia) (%),15.666,4.2,Koorda.csv,
Born in North-West Europe (%),20.515,5.5,Koorda.csv,
Born in Southern and Eastern Europe (%),0,0,Koorda.csv,
Born in South-East Asia (%),6.341,1.7,Koorda.csv,
Born in Southern and Central Asia (%),2.984,0.8,Koorda.csv,
Born in Americas (%),4.103,1.1,Koorda.csv,
Born in Sub-Saharan Africa (%),2.984,0.8,Koorda.csv,
Total,52.593,14.1,Koorda.csv,
Born in Oceania and Antarctica (excluding Australia) (%),14.238,1.8,Kulin.csv,
Born in North-West Europe (%),40.341,5.1,Kulin.csv,
Born in Southern and Eastern Europe (%),7.91,1,Kulin.csv,
Born in South-East Asia (%),3.164,0.4,Kulin.csv,
Born in Americas (%),0,0,Kulin.csv,
Born in Sub-Saharan Africa (%),7.119,0.9,Kulin.csv,
Total,72.772,9.2,Kulin.csv,
Born in Oceania and Antarctica (excluding Australia) (%),2287.584,4.8,Kwinana.csv,
Born in North-West Europe (%),4193.904,8.8,Kwinana.csv,
Born in Southern and Eastern Europe (%),667.212,1.4,Kwinana.csv,
Born in North Africa and the Middle East (%),333.606,0.7,Kwinana.csv,
Born in South-East Asia (%),3955.614,8.3,Kwinana.csv,
Born in North-East Asia (%),571.896,1.2,Kwinana.csv,
Born in Southern and Central Asia (%),2287.584,4.8,Kwinana.csv,
Born in Americas (%),524.238,1.1,Kwinana.csv,
Born in Sub-Saharan Africa (%),1763.346,3.7,Kwinana.csv,
Total,16584.984,34.8,Kwinana.csv,
Born in Oceania and Antarctica (excluding Australia) (%),31.2,2.4,LakeGrace.csv,
Born in North-West Europe (%),71.5,5.5,LakeGrace.csv,
Born in Southern and Eastern Europe (%),2.6,0.2,LakeGrace.csv,
Born in North Africa and the Middle East (%),5.2,0.4,LakeGrace.csv,
Born in South-East Asia (%),16.9,1.3,LakeGrace.csv,
Born in North-East Asia (%),7.8,0.6,LakeGrace.csv,
Born in Southern and Central Asia (%),5.2,0.4,LakeGrace.csv,
Born in Americas (%),0,0,LakeGrace.csv,
Born in Sub-Saharan Africa (%),31.2,2.4,LakeGrace.csv,
Total,171.6,13.2,LakeGrace.csv,
Born in Oceania and Antarctica (excluding Australia) (%),100.24,7,Laverton.csv,
Born in North-West Europe (%),40.096,2.8,Laverton.csv,
Born in Southern and Eastern Europe (%),4.296,0.3,Laverton.csv,
Born in North Africa and the Middle East (%),5.728,0.4,Laverton.csv,
Born in South-East Asia (%),24.344,1.7,Laverton.csv,
Born in North-East Asia (%),0,0,Laverton.csv,
Born in Southern and Central Asia (%),4.296,0.3,Laverton.csv,
Born in Americas (%),4.296,0.3,Laverton.csv,
Born in Sub-Saharan Africa (%),28.64,2,Laverton.csv,
Total,211.936,14.8,Laverton.csv,
Born in Oceania and Antarctica (excluding Australia) (%),118.473,6.9,Leonora.csv,
Born in North-West Europe (%),75.548,4.4,Leonora.csv,
Born in Southern and Eastern Europe (%),8.585,0.5,Leonora.csv,
Born in North Africa and the Middle East (%),8.585,0.5,Leonora.csv,
Born in South-East Asia (%),51.51,3,Leonora.csv,
Born in North-East Asia (%),0,0,Leonora.csv,
Born in Southern and Central Asia (%),10.302,0.6,Leonora.csv,
Born in Americas (%),8.585,0.5,Leonora.csv,
Born in Sub-Saharan Africa (%),39.491,2.3,Leonora.csv,
Total,321.079,18.7,Leonora.csv,
Born in Oceania and Antarctica (excluding Australia) (%),3643.146,3.9,Mandurah.csv,
Born in North-West Europe (%),14012.1,15,Mandurah.csv,
Born in Southern and Eastern Europe (%),840.726,0.9,Mandurah.csv,
Born in North Africa and the Middle East (%),280.242,0.3,Mandurah.csv,
Born in South-East Asia (%),2428.764,2.6,Mandurah.csv,
Born in North-East Asia (%),467.07,0.5,Mandurah.csv,
Born in Southern and Central Asia (%),934.14,1,Mandurah.csv,
Born in Americas (%),747.312,0.8,Mandurah.csv,
Born in Sub-Saharan Africa (%),2335.35,2.5,Mandurah.csv,
Total,25688.85,27.5,Mandurah.csv,
Born in Oceania and Antarctica (excluding Australia) (%),224.424,2.4,Manjimup.csv,
Born in North-West Europe (%),720.027,7.7,Manjimup.csv,
Born in Southern and Eastern Europe (%),149.616,1.6,Manjimup.csv,
Born in North Africa and the Middle East (%),9.351,0.1,Manjimup.csv,
Born in South-East Asia (%),121.563,1.3,Manjimup.csv,
Born in North-East Asia (%),56.106,0.6,Manjimup.csv,
Born in Southern and Central Asia (%),93.51,1,Manjimup.csv,
Born in Americas (%),46.755,0.5,Manjimup.csv,
Born in Sub-Saharan Africa (%),65.457,0.7,Manjimup.csv,
Total,1486.809,15.9,Manjimup.csv,
Born in Oceania and Antarctica (excluding Australia) (%),48.906,3.8,Meekatharra.csv,
Born in North-West Europe (%),38.61,3,Meekatharra.csv,
Born in Southern and Eastern Europe (%),6.435,0.5,Meekatharra.csv,
Born in North Africa and the Middle East (%),6.435,0.5,Meekatharra.csv,
Born in South-East Asia (%),28.314,2.2,Meekatharra.csv,
Born in North-East Asia (%),15.444,1.2,Meekatharra.csv,
Born in Southern and Central Asia (%),12.87,1,Meekatharra.csv,
Born in Americas (%),7.722,0.6,Meekatharra.csv,
Born in Sub-Saharan Africa (%),18.018,1.4,Meekatharra.csv,
Total,182.754,14.2,Meekatharra.csv,
Born in Oceania and Antarctica (excluding Australia) (%),1923.21,1.8,Melville.csv,
Born in North-West Europe (%),10791.345,10.1,Melville.csv,
Born in Southern and Eastern Europe (%),2350.59,2.2,Melville.csv,
Born in North Africa and the Middle East (%),1282.14,1.2,Melville.csv,
Born in South-East Asia (%),8868.135,8.3,Melville.csv,
Born in North-East Asia (%),4060.11,3.8,Melville.csv,
Born in Southern and Central Asia (%),2991.66,2.8,Melville.csv,
Born in Americas (%),1602.675,1.5,Melville.csv,
Born in Sub-Saharan Africa (%),2884.815,2.7,Melville.csv,
Total,36754.68,34.4,Melville.csv,
Born in Oceania and Antarctica (excluding Australia) (%),32.433,5.7,Menzies.csv,
Born in North-West Europe (%),31.295,5.5,Menzies.csv,
Born in Southern and Eastern Europe (%),4.552,0.8,Menzies.csv,
Born in South-East Asia (%),18.208,3.2,Menzies.csv,
Born in Southern and Central Asia (%),0,0,Menzies.csv,
Born in Sub-Saharan Africa (%),8.535,1.5,Menzies.csv,
Total,95.023,16.7,Menzies.csv,
Born in Oceania and Antarctica (excluding Australia) (%),74.083,2.3,Merredin.csv,
Born in North-West Europe (%),148.166,4.6,Merredin.csv,
Born in Southern and Eastern Europe (%),22.547,0.7,Merredin.csv,
Born in North Africa and the Middle East (%),3.221,0.1,Merredin.csv,
Born in South-East Asia (%),35.431,1.1,Merredin.csv,
Born in North-East Asia (%),9.663,0.3,Merredin.csv,
Born in Southern and Central Asia (%),22.547,0.7,Merredin.csv,
Born in Americas (%),6.442,0.2,Merredin.csv,
Born in Sub-Saharan Africa (%),51.536,1.6,Merredin.csv,
Total,373.636,11.6,Merredin.csv,
Born in Oceania and Antarctica (excluding Australia) (%),2.961,0.7,Mingenew.csv,
Born in North-West Europe (%),18.612,4.4,Mingenew.csv,
Born in South-East Asia (%),0,0,Mingenew.csv,
Born in Sub-Saharan Africa (%),4.23,1,Mingenew.csv,
Total,25.803,6.1,Mingenew.csv,
Born in Oceania and Antarctica (excluding Australia) (%),45.296,1.9,Moora.csv,
Born in North-West Europe (%),114.432,4.8,Moora.csv,
Born in Southern and Eastern Europe (%),7.152,0.3,Moora.csv,
Born in North Africa and the Middle East (%),4.768,0.2,Moora.csv,
Born in South-East Asia (%),38.144,1.6,Moora.csv,
Born in North-East Asia (%),0,0,Moora.csv,
Born in Southern and Central Asia (%),4.768,0.2,Moora.csv,
Born in Americas (%),9.536,0.4,Moora.csv,
Born in Sub-Saharan Africa (%),28.608,1.2,Moora.csv,
Total,252.704,10.6,Moora.csv,
Born in Oceania and Antarctica (excluding Australia) (%),10.035,1.5,Morawa.csv,
Born in North-West Europe (%),19.401,2.9,Morawa.csv,
Born in Southern and Eastern Europe (%),3.345,0.5,Morawa.csv,
Born in South-East Asia (%),0,0,Morawa.csv,
Born in Southern and Central Asia (%),3.345,0.5,Morawa.csv,
Born in Americas (%),3.345,0.5,Morawa.csv,
Born in Sub-Saharan Africa (%),4.014,0.6,Morawa.csv,
Total,43.485,6.5,Morawa.csv,
Born in Oceania and Antarctica (excluding Australia) (%),180.158,1.9,MosmanPark.csv,
Born in North-West Europe (%),1204.214,12.7,MosmanPark.csv,
Born in Southern and Eastern Europe (%),227.568,2.4,MosmanPark.csv,
Born in North Africa and the Middle East (%),66.374,0.7,MosmanPark.csv,
Born in South-East Asia (%),331.87,3.5,MosmanPark.csv,
Born in North-East Asia (%),237.05,2.5,MosmanPark.csv,
Born in Southern and Central Asia (%),246.532,2.6,MosmanPark.csv,
Born in Americas (%),265.496,2.8,MosmanPark.csv,
Born in Sub-Saharan Africa (%),303.424,3.2,MosmanPark.csv,
Total,3062.686,32.3,MosmanPark.csv,
Born in Oceania and Antarctica (excluding Australia) (%),19.544,2.8,MountMagnet.csv,
Born in North-West Europe (%),35.598,5.1,MountMagnet.csv,
Born in Southern and Eastern Europe (%),3.49,0.5,MountMagnet.csv,
Born in North Africa and the Middle East (%),0,0,MountMagnet.csv,
Born in South-East Asia (%),11.866,1.7,MountMagnet.csv,
Born in Southern and Central Asia (%),0,0,MountMagnet.csv,
Born in Americas (%),0,0,MountMagnet.csv,
Born in Sub-Saharan Africa (%),7.678,1.1,MountMagnet.csv,
Total,78.176,11.2,MountMagnet.csv,
Born in Oceania and Antarctica (excluding Australia) (%),7.939,1.7,MountMarshall.csv,
Born in North-West Europe (%),23.35,5,MountMarshall.csv,
Born in South-East Asia (%),0,0,MountMarshall.csv,
Born in Sub-Saharan Africa (%),3.269,0.7,MountMarshall.csv,
Total,34.558,7.4,MountMarshall.csv,
Born in Oceania and Antarctica (excluding Australia) (%),14.232,2.4,Mukinbudin.csv,
Born in North-West Europe (%),27.871,4.7,Mukinbudin.csv,
Born in Southern and Eastern Europe (%),5.93,1,Mukinbudin.csv,
Born in South-East Asia (%),5.337,0.9,Mukinbudin.csv,
Born in Americas (%),2.965,0.5,Mukinbudin.csv,
Born in Sub-Saharan Africa (%),5.337,0.9,Mukinbudin.csv,
Total,61.672,10.4,Mukinbudin.csv,
Born in Oceania and Antarctica (excluding Australia) (%),1135.148,2.8,Mundaring.csv,
Born in North-West Europe (%),5432.494,13.4,Mundaring.csv,
Born in Southern and Eastern Europe (%),567.574,1.4,Mundaring.csv,
Born in North Africa and the Middle East (%),81.082,0.2,Mundaring.csv,
Born in South-East Asia (%),689.197,1.7,Mundaring.csv,
Born in North-East Asia (%),202.705,0.5,Mundaring.csv,
Born in Southern and Central Asia (%),324.328,0.8,Mundaring.csv,
Born in Americas (%),364.869,0.9,Mundaring.csv,
Born in Sub-Saharan Africa (%),810.82,2,Mundaring.csv,
Total,9608.217,23.7,Mundaring.csv,
Born in Oceania and Antarctica (excluding Australia) (%),0,0,Murchison.csv,
Born in Sub-Saharan Africa (%),4.32,4,Murchison.csv,
Total,4.32,4,Murchison.csv,
Born in Oceania and Antarctica (excluding Australia) (%),540.589,2.9,Murray.csv,
Born in North-West Europe (%),1994.587,10.7,Murray.csv,
Born in Southern and Eastern Europe (%),74.564,0.4,Murray.csv,
Born in South-East Asia (%),260.974,1.4,Murray.csv,
Born in North-East Asia (%),37.282,0.2,Murray.csv,
Born in Southern and Central Asia (%),37.282,0.2,Murray.csv,
Born in Americas (%),93.205,0.5,Murray.csv,
Born in Sub-Saharan Africa (%),242.333,1.3,Murray.csv,
Total,3280.816,17.6,Murray.csv,
Born in Oceania and Antarctica (excluding Australia) (%),72.404,4.6,Nannup.csv,
Born in North-West Europe (%),201.472,12.8,Nannup.csv,
Born in Southern and Eastern Europe (%),12.592,0.8,Nannup.csv,
Born in South-East Asia (%),9.444,0.6,Nannup.csv,
Born in North-East Asia (%),4.722,0.3,Nannup.csv,
Born in Southern and Central Asia (%),6.296,0.4,Nannup.csv,
Born in Americas (%),3.148,0.2,Nannup.csv,
Born in Sub-Saharan Africa (%),22.036,1.4,Nannup.csv,
Total,332.114,21.1,Nannup.csv,
Born in Oceania and Antarctica (excluding Australia) (%),14.76,1.8,Narembeen.csv,
Born in North-West Europe (%),39.36,4.8,Narembeen.csv,
Born in Southern and Eastern Europe (%),4.1,0.5,Narembeen.csv,
Born in South-East Asia (%),9.02,1.1,Narembeen.csv,
Born in Southern and Central Asia (%),3.28,0.4,Narembeen.csv,
Born in Sub-Saharan Africa (%),4.1,0.5,Narembeen.csv,
Total,74.62,9.1,Narembeen.csv,
Born in Oceania and Antarctica (excluding Australia) (%),128.362,2.6,Narrogin.csv,
Born in North-West Europe (%),286.346,5.8,Narrogin.csv,
Born in Southern and Eastern Europe (%),29.622,0.6,Narrogin.csv,
Born in North Africa and the Middle East (%),4.937,0.1,Narrogin.csv,
Born in South-East Asia (%),162.921,3.3,Narrogin.csv,
Born in North-East Asia (%),14.811,0.3,Narrogin.csv,
Born in Southern and Central Asia (%),49.37,1,Narrogin.csv,
Born in Americas (%),9.874,0.2,Narrogin.csv,
Born in Sub-Saharan Africa (%),108.614,2.2,Narrogin.csv,
Total,794.857,16.1,Narrogin.csv,
Born in Oceania and Antarctica (excluding Australia) (%),321.272,1.4,Nedlands.csv,
Born in North-West Europe (%),2501.332,10.9,Nedlands.csv,
Born in Southern and Eastern Europe (%),321.272,1.4,Nedlands.csv,
Born in North Africa and the Middle East (%),229.48,1,Nedlands.csv,
Born in South-East Asia (%),1422.776,6.2,Nedlands.csv,
Born in North-East Asia (%),917.92,4,Nedlands.csv,
Born in Southern and Central Asia (%),504.856,2.2,Nedlands.csv,
Born in Americas (%),573.7,2.5,Nedlands.csv,
Born in Sub-Saharan Africa (%),711.388,3.1,Nedlands.csv,
Total,7503.996,32.7,Nedlands.csv,
Born in Oceania and Antarctica (excluding Australia) (%),14.76,1,Ngaanyatjarraku.csv,
Born in North-West Europe (%),10.332,0.7,Ngaanyatjarraku.csv,
Born in Southern and Eastern Europe (%),0,0,Ngaanyatjarraku.csv,
Born in South-East Asia (%),2.952,0.2,Ngaanyatjarraku.csv,
Born in North-East Asia (%),0,0,Ngaanyatjarraku.csv,
Born in Americas (%),2.952,0.2,Ngaanyatjarraku.csv,
Born in Sub-Saharan Africa (%),2.952,0.2,Ngaanyatjarraku.csv,
Total,33.948,2.3,Ngaanyatjarraku.csv,
Born in Oceania and Antarctica (excluding Australia) (%),354.3,3,Northam.csv,
Born in North-West Europe (%),862.13,7.3,Northam.csv,
Born in Southern and Eastern Europe (%),106.29,0.9,Northam.csv,
Born in North Africa and the Middle East (%),94.48,0.8,Northam.csv,
Born in South-East Asia (%),318.87,2.7,Northam.csv,
Born in North-East Asia (%),35.43,0.3,Northam.csv,
Born in Southern and Central Asia (%),177.15,1.5,Northam.csv,
Born in Americas (%),35.43,0.3,Northam.csv,
Born in Sub-Saharan Africa (%),141.72,1.2,Northam.csv,
Total,2125.8,18,Northam.csv,
Born in Oceania and Antarctica (excluding Australia) (%),73.37,2.2,Northampton.csv,
Born in North-West Europe (%),263.465,7.9,Northampton.csv,
Born in Southern and Eastern Europe (%),16.675,0.5,Northampton.csv,
Born in North Africa and the Middle East (%),3.335,0.1,Northampton.csv,
Born in South-East Asia (%),30.015,0.9,Northampton.csv,
Born in North-East Asia (%),10.005,0.3,Northampton.csv,
Born in Southern and Central Asia (%),6.67,0.2,Northampton.csv,
Born in Americas (%),16.675,0.5,Northampton.csv,
Born in Sub-Saharan Africa (%),23.345,0.7,Northampton.csv,
Total,443.555,13.3,Northampton.csv,
Born in Oceania and Antarctica (excluding Australia) (%),0,0,Nungarin.csv,
Born in North-West Europe (%),15.517,5.9,Nungarin.csv,
Born in Sub-Saharan Africa (%),6.312,2.4,Nungarin.csv,
Total,21.829,8.3,Nungarin.csv,
Born in Oceania and Antarctica (excluding Australia) (%),18.029,1.1,PeppermintGrove.csv,
Born in North-West Europe (%),186.846,11.4,PeppermintGrove.csv,
Born in Southern and Eastern Europe (%),14.751,0.9,PeppermintGrove.csv,
Born in North Africa and the Middle East (%),22.946,1.4,PeppermintGrove.csv,
Born in South-East Asia (%),47.531,2.9,PeppermintGrove.csv,
Born in North-East Asia (%),45.892,2.8,PeppermintGrove.csv,
Born in Southern and Central Asia (%),19.668,1.2,PeppermintGrove.csv,
Born in Americas (%),44.253,2.7,PeppermintGrove.csv,
Born in Sub-Saharan Africa (%),54.087,3.3,PeppermintGrove.csv,
Total,454.003,27.7,PeppermintGrove.csv,
Born in Oceania and Antarctica (excluding Australia) (%),20.864,3.2,Perenjori.csv,
Born in North-West Europe (%),17.604,2.7,Perenjori.csv,
Born in Southern and Eastern Europe (%),9.128,1.4,Perenjori.csv,
Born in North Africa and the Middle East (%),3.912,0.6,Perenjori.csv,
Born in South-East Asia (%),11.084,1.7,Perenjori.csv,
Born in North-East Asia (%),5.216,0.8,Perenjori.csv,
Born in Americas (%),7.172,1.1,Perenjori.csv,
Born in Sub-Saharan Africa (%),7.172,1.1,Perenjori.csv,
Total,82.152,12.6,Perenjori.csv,
Born in Oceania and Antarctica (excluding Australia) (%),682.341,2.3,Perth.csv,
Born in North-West Europe (%),2907.366,9.8,Perth.csv,
Born in Southern and Eastern Europe (%),979.011,3.3,Perth.csv,
Born in North Africa and the Middle East (%),682.341,2.3,Perth.csv,
Born in South-East Asia (%),3204.036,10.8,Perth.csv,
Born in North-East Asia (%),3174.369,10.7,Perth.csv,
Born in Southern and Central Asia (%),1987.689,6.7,Perth.csv,
Born in Americas (%),1483.35,5,Perth.csv,
Born in Sub-Saharan Africa (%),919.677,3.1,Perth.csv,
Total,16020.18,54,Perth.csv,
Born in Oceania and Antarctica (excluding Australia) (%),43.952,4.1,Pingelly.csv,
Born in North-West Europe (%),87.904,8.2,Pingelly.csv,
Born in Southern and Eastern Europe (%),7.504,0.7,Pingelly.csv,
Born in North Africa and the Middle East (%),0,0,Pingelly.csv,
Born in South-East Asia (%),11.792,1.1,Pingelly.csv,
Born in North-East Asia (%),3.216,0.3,Pingelly.csv,
Born in Southern and Central Asia (%),5.36,0.5,Pingelly.csv,
Born in Americas (%),7.504,0.7,Pingelly.csv,
Born in Sub-Saharan Africa (%),10.72,1,Pingelly.csv,
Total,177.952,16.6,Pingelly.csv,
Born in Oceania and Antarctica (excluding Australia) (%),132.816,2.4,Plantagenet.csv,
Born in North-West Europe (%),575.536,10.4,Plantagenet.csv,
Born in Southern and Eastern Europe (%),33.204,0.6,Plantagenet.csv,
Born in North Africa and the Middle East (%),5.534,0.1,Plantagenet.csv,
Born in South-East Asia (%),83.01,1.5,Plantagenet.csv,
Born in North-East Asia (%),16.602,0.3,Plantagenet.csv,
Born in Southern and Central Asia (%),110.68,2,Plantagenet.csv,
Born in Americas (%),33.204,0.6,Plantagenet.csv,
Born in Sub-Saharan Africa (%),77.476,1.4,Plantagenet.csv,
Total,1068.062,19.3,Plantagenet.csv,
Born in Oceania and Antarctica (excluding Australia) (%),982.94,5.9,PortHedland.csv,
Born in North-West Europe (%),566.44,3.4,PortHedland.csv,
Born in Southern and Eastern Europe (%),99.96,0.6,PortHedland.csv,
Born in North Africa and the Middle East (%),49.98,0.3,PortHedland.csv,
Born in South-East Asia (%),816.34,4.9,PortHedland.csv,
Born in North-East Asia (%),99.96,0.6,PortHedland.csv,
Born in Southern and Central Asia (%),299.88,1.8,PortHedland.csv,
Born in Americas (%),99.96,0.6,PortHedland.csv,
Born in Sub-Saharan Africa (%),399.84,2.4,PortHedland.csv,
Total,3415.3,20.5,PortHedland.csv,
Born in Oceania and Antarctica (excluding Australia) (%),18.658,1.9,Quairading.csv,
Born in North-West Europe (%),43.208,4.4,Quairading.csv,
Born in Southern and Eastern Europe (%),2.946,0.3,Quairading.csv,
Born in South-East Asia (%),15.712,1.6,Quairading.csv,
Born in North-East Asia (%),0,0,Quairading.csv,
Born in Southern and Central Asia (%),3.928,0.4,Quairading.csv,
Born in Americas (%),2.946,0.3,Quairading.csv,
Born in Sub-Saharan Africa (%),8.838,0.9,Quairading.csv,
Total,96.236,9.8,Quairading.csv,
Born in Oceania and Antarctica (excluding Australia) (%),79.809,3.7,Ravensthorpe.csv,
Born in North-West Europe (%),159.618,7.4,Ravensthorpe.csv,
Born in Southern and Eastern Europe (%),10.785,0.5,Ravensthorpe.csv,
Born in North Africa and the Middle East (%),6.471,0.3,Ravensthorpe.csv,
Born in South-East Asia (%),43.14,2,Ravensthorpe.csv,
Born in North-East Asia (%),10.785,0.5,Ravensthorpe.csv,
Born in Southern and Central Asia (%),12.942,0.6,Ravensthorpe.csv,
Born in Americas (%),21.57,1,Ravensthorpe.csv,
Born in Sub-Saharan Africa (%),77.652,3.6,Ravensthorpe.csv,
Total,422.772,19.6,Ravensthorpe.csv,
Born in Oceania and Antarctica (excluding Australia) (%),7310.94,5.2,Rockingham.csv,
Born in North-West Europe (%),23057.58,16.4,Rockingham.csv,
Born in Southern and Eastern Europe (%),1687.14,1.2,Rockingham.csv,
Born in North Africa and the Middle East (%),421.785,0.3,Rockingham.csv,
Born in South-East Asia (%),3233.685,2.3,Rockingham.csv,
Born in North-East Asia (%),562.38,0.4,Rockingham.csv,
Born in Southern and Central Asia (%),1405.95,1,Rockingham.csv,
Born in Americas (%),1124.76,0.8,Rockingham.csv,
Born in Sub-Saharan Africa (%),3936.66,2.8,Rockingham.csv,
Total,42740.88,30.4,Rockingham.csv,
0,0,0,Sandstone.csv,
0,0,0,Sandstone.csv,
0,0,0,Sandstone.csv,
0,0,0,Sandstone.csv,
0,0,0,Sandstone.csv,
0,0,0,Sandstone.csv,
0,0,0,Sandstone.csv,
0,0,0,Sandstone.csv,
0,0,0,Sandstone.csv,
Total,0,0,Sandstone.csv,
Born in Oceania and Antarctica (excluding Australia) (%),1233.802,3.7,Serpentine-Jarrahdale.csv,
Born in North-West Europe (%),3601.368,10.8,Serpentine-Jarrahdale.csv,
Born in Southern and Eastern Europe (%),200.076,0.6,Serpentine-Jarrahdale.csv,
Born in North Africa and the Middle East (%),100.038,0.3,Serpentine-Jarrahdale.csv,
Born in South-East Asia (%),733.612,2.2,Serpentine-Jarrahdale.csv,
Born in North-East Asia (%),100.038,0.3,Serpentine-Jarrahdale.csv,
Born in Southern and Central Asia (%),900.342,2.7,Serpentine-Jarrahdale.csv,
Born in Americas (%),233.422,0.7,Serpentine-Jarrahdale.csv,
Born in Sub-Saharan Africa (%),1200.456,3.6,Serpentine-Jarrahdale.csv,
Total,8303.154,24.9,Serpentine-Jarrahdale.csv,
Born in Oceania and Antarctica (excluding Australia) (%),28.863,2.7,SharkBay.csv,
Born in North-West Europe (%),96.21,9,SharkBay.csv,
Born in Southern and Eastern Europe (%),16.035,1.5,SharkBay.csv,
Born in South-East Asia (%),29.932,2.8,SharkBay.csv,
Born in North-East Asia (%),5.345,0.5,SharkBay.csv,
Born in Southern and Central Asia (%),3.207,0.3,SharkBay.csv,
Born in Americas (%),32.07,3,SharkBay.csv,
Born in Sub-Saharan Africa (%),10.69,1,SharkBay.csv,
Total,222.352,20.8,SharkBay.csv,
Born in Oceania and Antarctica (excluding Australia) (%),899.64,2,SouthPerth.csv,
Born in North-West Europe (%),4273.29,9.5,SouthPerth.csv,
Born in Southern and Eastern Europe (%),944.622,2.1,SouthPerth.csv,
Born in North Africa and the Middle East (%),719.712,1.6,SouthPerth.csv,
Born in South-East Asia (%),3328.668,7.4,SouthPerth.csv,
Born in North-East Asia (%),1574.37,3.5,SouthPerth.csv,
Born in Southern and Central Asia (%),1619.352,3.6,SouthPerth.csv,
Born in Americas (%),854.658,1.9,SouthPerth.csv,
Born in Sub-Saharan Africa (%),1349.46,3,SouthPerth.csv,
Total,15563.772,34.6,SouthPerth.csv,
Born in Oceania and Antarctica (excluding Australia) (%),4921.98,2.1,Stirling.csv,
Born in North-West Europe (%),20625.44,8.8,Stirling.csv,
Born in Southern and Eastern Europe (%),11719,5,Stirling.csv,
Born in North Africa and the Middle East (%),4218.84,1.8,Stirling.csv,
Born in South-East Asia (%),13594.04,5.8,Stirling.csv,
Born in North-East Asia (%),5859.5,2.5,Stirling.csv,
Born in Southern and Central Asia (%),12890.9,5.5,Stirling.csv,
Born in Americas (%),4687.6,2,Stirling.csv,
Born in Sub-Saharan Africa (%),9609.58,4.1,Stirling.csv,
Total,88126.88,37.6,Stirling.csv,
Born in Oceania and Antarctica (excluding Australia) (%),322.452,1.8,Subiaco.csv,
Born in North-West Europe (%),2346.734,13.1,Subiaco.csv,
Born in Southern and Eastern Europe (%),465.764,2.6,Subiaco.csv,
Born in North Africa and the Middle East (%),232.882,1.3,Subiaco.csv,
Born in South-East Asia (%),877.786,4.9,Subiaco.csv,
Born in North-East Asia (%),698.646,3.9,Subiaco.csv,
Born in Southern and Central Asia (%),429.936,2.4,Subiaco.csv,
Born in Americas (%),501.592,2.8,Subiaco.csv,
Born in Sub-Saharan Africa (%),465.764,2.6,Subiaco.csv,
Total,6341.556,35.4,Subiaco.csv,
Born in Oceania and Antarctica (excluding Australia) (%),6030.258,3.8,Swan.csv,
Born in North-West Europe (%),12853.971,8.1,Swan.csv,
Born in Southern and Eastern Europe (%),3491.202,2.2,Swan.csv,
Born in North Africa and the Middle East (%),2380.365,1.5,Swan.csv,
Born in South-East Asia (%),10949.679,6.9,Swan.csv,
Born in North-East Asia (%),1428.219,0.9,Swan.csv,
Born in Southern and Central Asia (%),8410.623,5.3,Swan.csv,
Born in Americas (%),1269.528,0.8,Swan.csv,
Born in Sub-Saharan Africa (%),6188.949,3.9,Swan.csv,
Total,53002.794,33.4,Swan.csv,
Born in Oceania and Antarctica (excluding Australia) (%),9.223,2.3,Tammin.csv,
Born in North-West Europe (%),26.065,6.5,Tammin.csv,
Born in Sub-Saharan Africa (%),9.223,2.3,Tammin.csv,
Total,44.511,11.1,Tammin.csv,
Born in Oceania and Antarctica (excluding Australia) (%),19.371,3.3,ThreeSprings.csv,
Born in North-West Europe (%),32.872,5.6,ThreeSprings.csv,
Born in Southern and Eastern Europe (%),0,0,ThreeSprings.csv,
Born in South-East Asia (%),2.935,0.5,ThreeSprings.csv,
Born in Southern and Central Asia (%),2.935,0.5,ThreeSprings.csv,
Born in Americas (%),4.109,0.7,ThreeSprings.csv,
Born in Sub-Saharan Africa (%),9.392,1.6,ThreeSprings.csv,
Total,71.614,12.2,ThreeSprings.csv,
Born in Oceania and Antarctica (excluding Australia) (%),160.242,3.4,Toodyay.csv,
Born in North-West Europe (%),659.82,14,Toodyay.csv,
Born in Southern and Eastern Europe (%),47.13,1,Toodyay.csv,
Born in North Africa and the Middle East (%),9.426,0.2,Toodyay.csv,
Born in South-East Asia (%),42.417,0.9,Toodyay.csv,
Born in North-East Asia (%),18.852,0.4,Toodyay.csv,
Born in Southern and Central Asia (%),9.426,0.2,Toodyay.csv,
Born in Americas (%),28.278,0.6,Toodyay.csv,
Born in Sub-Saharan Africa (%),56.556,1.2,Toodyay.csv,
Total,1032.147,21.9,Toodyay.csv,
Born in Oceania and Antarctica (excluding Australia) (%),5.219,1.7,Trayning.csv,
Born in North-West Europe (%),24.867,8.1,Trayning.csv,
Born in South-East Asia (%),0,0,Trayning.csv,
Born in Sub-Saharan Africa (%),5.219,1.7,Trayning.csv,
Total,35.305,11.5,Trayning.csv,
Born in Oceania and Antarctica (excluding Australia) (%),5.22,2.9,UpperGascoyne.csv,
Born in North-West Europe (%),3.24,1.8,UpperGascoyne.csv,
Born in Southern and Eastern Europe (%),0,0,UpperGascoyne.csv,
Born in Sub-Saharan Africa (%),7.38,4.1,UpperGascoyne.csv,
Total,15.84,8.8,UpperGascoyne.csv,
Born in Oceania and Antarctica (excluding Australia) (%),996.112,2.6,VictoriaPark.csv,
Born in North-West Europe (%),3486.392,9.1,VictoriaPark.csv,
Born in Southern and Eastern Europe (%),919.488,2.4,VictoriaPark.csv,
Born in North Africa and the Middle East (%),536.368,1.4,VictoriaPark.csv,
Born in South-East Asia (%),2758.464,7.2,VictoriaPark.csv,
Born in North-East Asia (%),1455.856,3.8,VictoriaPark.csv,
Born in Southern and Central Asia (%),2566.904,6.7,VictoriaPark.csv,
Born in Americas (%),766.24,2,VictoriaPark.csv,
Born in Sub-Saharan Africa (%),957.8,2.5,VictoriaPark.csv,
Total,14443.624,37.7,VictoriaPark.csv,
Born in Oceania and Antarctica (excluding Australia) (%),53.248,6.4,VictoriaPlains.csv,
Born in North-West Europe (%),47.424,5.7,VictoriaPlains.csv,
Born in South-East Asia (%),15.808,1.9,VictoriaPlains.csv,
Born in North-East Asia (%),0,0,VictoriaPlains.csv,
Born in Southern and Central Asia (%),3.328,0.4,VictoriaPlains.csv,
Born in Americas (%),7.488,0.9,VictoriaPlains.csv,
Born in Sub-Saharan Africa (%),8.32,1,VictoriaPlains.csv,
Total,135.616,16.3,VictoriaPlains.csv,
Born in Oceania and Antarctica (excluding Australia) (%),795.165,2.1,Vincent.csv,
Born in North-West Europe (%),3900.095,10.3,Vincent.csv,
Born in Southern and Eastern Europe (%),1666.06,4.4,Vincent.csv,
Born in North Africa and the Middle East (%),302.92,0.8,Vincent.csv,
Born in South-East Asia (%),1968.98,5.2,Vincent.csv,
Born in North-East Asia (%),1135.95,3,Vincent.csv,
Born in Southern and Central Asia (%),833.03,2.2,Vincent.csv,
Born in Americas (%),1022.355,2.7,Vincent.csv,
Born in Sub-Saharan Africa (%),833.03,2.2,Vincent.csv,
Total,12457.585,32.9,Vincent.csv,
Born in Oceania and Antarctica (excluding Australia) (%),77.486,4.3,Wagin.csv,
Born in North-West Europe (%),131.546,7.3,Wagin.csv,
Born in Southern and Eastern Europe (%),5.406,0.3,Wagin.csv,
Born in South-East Asia (%),48.654,2.7,Wagin.csv,
Born in Southern and Central Asia (%),0,0,Wagin.csv,
Born in Americas (%),12.614,0.7,Wagin.csv,
Born in Sub-Saharan Africa (%),19.822,1.1,Wagin.csv,
Total,295.528,16.4,Wagin.csv,
Born in Oceania and Antarctica (excluding Australia) (%),13.224,2.4,Wandering.csv,
Born in North-West Europe (%),39.121,7.1,Wandering.csv,
Born in Southern and Eastern Europe (%),0,0,Wandering.csv,
Born in North Africa and the Middle East (%),4.959,0.9,Wandering.csv,
Born in Americas (%),3.306,0.6,Wandering.csv,
Born in Sub-Saharan Africa (%),6.061,1.1,Wandering.csv,
Total,66.671,12.1,Wandering.csv,
Born in Oceania and Antarctica (excluding Australia) (%),7792.2,3.6,Wanneroo.csv,
Born in North-West Europe (%),36363.6,16.8,Wanneroo.csv,
Born in Southern and Eastern Europe (%),5411.25,2.5,Wanneroo.csv,
Born in North Africa and the Middle East (%),3030.3,1.4,Wanneroo.csv,
Born in South-East Asia (%),12337.65,5.7,Wanneroo.csv,
Born in North-East Asia (%),1948.05,0.9,Wanneroo.csv,
Born in Southern and Central Asia (%),6277.05,2.9,Wanneroo.csv,
Born in Americas (%),2164.5,1,Wanneroo.csv,
Born in Sub-Saharan Africa (%),12554.1,5.8,Wanneroo.csv,
Total,87878.7,40.6,Wanneroo.csv,
Born in Oceania and Antarctica (excluding Australia) (%),135.067,3.1,Waroona.csv,
Born in North-West Europe (%),418.272,9.6,Waroona.csv,
Born in Southern and Eastern Europe (%),74.069,1.7,Waroona.csv,
Born in North Africa and the Middle East (%),8.714,0.2,Waroona.csv,
Born in South-East Asia (%),65.355,1.5,Waroona.csv,
Born in North-East Asia (%),8.714,0.2,Waroona.csv,
Born in Southern and Central Asia (%),8.714,0.2,Waroona.csv,
Born in Americas (%),17.428,0.4,Waroona.csv,
Born in Sub-Saharan Africa (%),43.57,1,Waroona.csv,
Total,779.903,17.9,Waroona.csv,
Born in Oceania and Antarctica (excluding Australia) (%),23.85,3,WestArthur.csv,
Born in North-West Europe (%),34.98,4.4,WestArthur.csv,
Born in South-East Asia (%),4.77,0.6,WestArthur.csv,
Born in Americas (%),0,0,WestArthur.csv,
Born in Sub-Saharan Africa (%),6.36,0.8,WestArthur.csv,
Total,69.96,8.8,WestArthur.csv,
Born in Oceania and Antarctica (excluding Australia) (%),11.22,4.4,Westonia.csv,
Born in North-West Europe (%),22.695,8.9,Westonia.csv,
Born in South-East Asia (%),0,0,Westonia.csv,
Born in Sub-Saharan Africa (%),3.06,1.2,Westonia.csv,
Total,36.975,14.5,Westonia.csv,
Born in Oceania and Antarctica (excluding Australia) (%),9.968,1.4,Wickepin.csv,
Born in North-West Europe (%),23.496,3.3,Wickepin.csv,
Born in Southern and Eastern Europe (%),0,0,Wickepin.csv,
Born in North-East Asia (%),6.408,0.9,Wickepin.csv,
Born in Americas (%),7.12,1,Wickepin.csv,
Born in Sub-Saharan Africa (%),2.848,0.4,Wickepin.csv,
Total,49.84,7,Wickepin.csv,
Born in Oceania and Antarctica (excluding Australia) (%),25.2,2.4,Williams.csv,
Born in North-West Europe (%),50.4,4.8,Williams.csv,
Born in Southern and Eastern Europe (%),10.5,1,Williams.csv,
Born in South-East Asia (%),8.4,0.8,Williams.csv,
Born in Americas (%),7.35,0.7,Williams.csv,
Born in Sub-Saharan Africa (%),16.8,1.6,Williams.csv,
Total,118.65,11.3,Williams.csv,
Born in Oceania and Antarctica (excluding Australia) (%),26.79,4.7,Wiluna.csv,
Born in North-West Europe (%),18.24,3.2,Wiluna.csv,
Born in Southern and Eastern Europe (%),0,0,Wiluna.csv,
Born in South-East Asia (%),10.83,1.9,Wiluna.csv,
Born in North-East Asia (%),5.13,0.9,Wiluna.csv,
Born in Southern and Central Asia (%),5.13,0.9,Wiluna.csv,
Born in Americas (%),5.13,0.9,Wiluna.csv,
Born in Sub-Saharan Africa (%),3.42,0.6,Wiluna.csv,
Total,74.67,13.1,Wiluna.csv,
Born in Oceania and Antarctica (excluding Australia) (%),45.492,3.4,Wongan-Ballidu.csv,
Born in North-West Europe (%),69.576,5.2,Wongan-Ballidu.csv,
Born in Southern and Eastern Europe (%),6.69,0.5,Wongan-Ballidu.csv,
Born in North Africa and the Middle East (%),0,0,Wongan-Ballidu.csv,
Born in South-East Asia (%),18.732,1.4,Wongan-Ballidu.csv,
Born in North-East Asia (%),2.676,0.2,Wongan-Ballidu.csv,
Born in Southern and Central Asia (%),6.69,0.5,Wongan-Ballidu.csv,
Born in Sub-Saharan Africa (%),16.056,1.2,Wongan-Ballidu.csv,
Total,165.912,12.4,Wongan-Ballidu.csv,
Born in Oceania and Antarctica (excluding Australia) (%),4.212,0.9,Woodanilling.csv,
Born in North-West Europe (%),43.992,9.4,Woodanilling.csv,
Born in Sub-Saharan Africa (%),10.296,2.2,Woodanilling.csv,
Total,58.5,12.5,Woodanilling.csv,
Born in Oceania and Antarctica (excluding Australia) (%),11.132,2.3,Wyalkatchem.csv,
Born in North-West Europe (%),42.108,8.7,Wyalkatchem.csv,
Born in South-East Asia (%),4.356,0.9,Wyalkatchem.csv,
Born in Southern and Central Asia (%),5.324,1.1,Wyalkatchem.csv,
Born in Americas (%),2.904,0.6,Wyalkatchem.csv,
Born in Sub-Saharan Africa (%),2.904,0.6,Wyalkatchem.csv,
Total,68.728,14.2,Wyalkatchem.csv,
Born in Oceania and Antarctica (excluding Australia) (%),177.166,2.2,Wyndham-EastKimberley.csv,
Born in North-West Europe (%),410.703,5.1,Wyndham-EastKimberley.csv,
Born in Southern and Eastern Europe (%),40.265,0.5,Wyndham-EastKimberley.csv,
Born in North Africa and the Middle East (%),16.106,0.2,Wyndham-EastKimberley.csv,
Born in South-East Asia (%),128.848,1.6,Wyndham-EastKimberley.csv,
Born in North-East Asia (%),48.318,0.6,Wyndham-EastKimberley.csv,
Born in Southern and Central Asia (%),56.371,0.7,Wyndham-EastKimberley.csv,
Born in Americas (%),40.265,0.5,Wyndham-EastKimberley.csv,
Born in Sub-Saharan Africa (%),72.477,0.9,Wyndham-EastKimberley.csv,
Total,990.519,12.3,Wyndham-EastKimberley.csv,
Born in Oceania and Antarctica (excluding Australia) (%),11.648,3.2,Yalgoo.csv,
Born in North-West Europe (%),7.644,2.1,Yalgoo.csv,
Born in South-East Asia (%),7.644,2.1,Yalgoo.csv,
Born in North-East Asia (%),0,0,Yalgoo.csv,
Born in Americas (%),3.276,0.9,Yalgoo.csv,
Born in Sub-Saharan Africa (%),11.648,3.2,Yalgoo.csv,
Total,41.86,11.5,Yalgoo.csv,
Born in Oceania and Antarctica (excluding Australia) (%),65.124,5.4,Yilgarn.csv,
Born in North-West Europe (%),66.33,5.5,Yilgarn.csv,
Born in Southern and Eastern Europe (%),6.03,0.5,Yilgarn.csv,
Born in South-East Asia (%),38.592,3.2,Yilgarn.csv,
Born in North-East Asia (%),16.884,1.4,Yilgarn.csv,
Born in Southern and Central Asia (%),10.854,0.9,Yilgarn.csv,
Born in Americas (%),6.03,0.5,Yilgarn.csv,
Born in Sub-Saharan Africa (%),15.678,1.3,Yilgarn.csv,
Total,225.522,18.7,Yilgarn.csv,
Born in Oceania and Antarctica (excluding Australia) (%),95.931,2.7,York.csv,
Born in North-West Europe (%),394.383,11.1,York.csv,
Born in Southern and Eastern Europe (%),21.318,0.6,York.csv,
Born in South-East Asia (%),28.424,0.8,York.csv,
Born in North-East Asia (%),3.553,0.1,York.csv,
Born in Southern and Central Asia (%),14.212,0.4,York.csv,
Born in Americas (%),24.871,0.7,York.csv,
Born in Sub-Saharan Africa (%),39.083,1.1,York.csv,
Total,621.775,17.5,York.csv,
Born in Oceania and Antarctica (excluding Australia) (%),478.645,2.9,Mullewa.csv,
Born in North-West Europe (%),1683.51,10.2,Mullewa.csv,
Born in Southern and Eastern Europe (%),495.15,3,Mullewa.csv,
Born in North Africa and the Middle East (%),82.525,0.5,Mullewa.csv,
Born in South-East Asia (%),676.705,4.1,Mullewa.csv,
Born in North-East Asia (%),231.07,1.4,Mullewa.csv,
Born in Southern and Central Asia (%),412.625,2.5,Mullewa.csv,
Born in Americas (%),165.05,1,Mullewa.csv,
Born in Sub-Saharan Africa (%),280.585,1.7,Mullewa.csv,
Total,4505.865,27.3,Mullewa.csv,
Born in Oceania and Antarctica (excluding Australia) (%),1233.802,3.7,Roebourne.csv,
Born in North-West Europe (%),3601.368,10.8,Roebourne.csv,
Born in Southern and Eastern Europe (%),200.076,0.6,Roebourne.csv,
Born in North Africa and the Middle East (%),100.038,0.3,Roebourne.csv,
Born in South-East Asia (%),733.612,2.2,Roebourne.csv,
Born in North-East Asia (%),100.038,0.3,Roebourne.csv,
Born in Southern and Central Asia (%),900.342,2.7,Roebourne.csv,
Born in Americas (%),233.422,0.7,Roebourne.csv,
Born in Sub-Saharan Africa (%),1200.456,3.6,Roebourne.csv,
Total,7913.154,24.9,Roebourne.csv,
