ethnicGroup,ethnicPopulation,ethnicPercentage,FileName
Born in Oceania and Antarctica (excluding Australia) (%),672.432,1.2,Albury.csv
Born in North-West Europe (%),1961.26,3.5,Albury.csv
Born in Southern and Eastern Europe (%),448.288,0.8,Albury.csv
Born in North Africa and the Middle East (%),112.072,0.2,Albury.csv
Born in South-East Asia (%),784.504,1.4,Albury.csv
Born in North-East Asia (%),224.144,0.4,Albury.csv
Born in Southern and Central Asia (%),2017.296,3.6,Albury.csv
Born in Americas (%),280.18,0.5,Albury.csv
Born in Sub-Saharan Africa (%),504.324,0.9,Albury.csv
Total,7004.5,12.5,Albury.csv
Born in Oceania and Antarctica (excluding Australia) (%),439.98,1.5,ArmidaleRegional.csv
Born in North-West Europe (%),967.956,3.3,ArmidaleRegional.csv
Born in Southern and Eastern Europe (%),117.328,0.4,ArmidaleRegional.csv
Born in North Africa and the Middle East (%),733.3,2.5,ArmidaleRegional.csv
Born in South-East Asia (%),381.316,1.3,ArmidaleRegional.csv
Born in North-East Asia (%),263.988,0.9,ArmidaleRegional.csv
Born in Southern and Central Asia (%),821.296,2.8,ArmidaleRegional.csv
Born in Americas (%),322.652,1.1,ArmidaleRegional.csv
Born in Sub-Saharan Africa (%),293.32,1,ArmidaleRegional.csv
Total,4341.136,14.8,ArmidaleRegional.csv
Born in Oceania and Antarctica (excluding Australia) (%),923.44,2,Ballina.csv
Born in North-West Europe (%),2631.804,5.7,Ballina.csv
Born in Southern and Eastern Europe (%),277.032,0.6,Ballina.csv
Born in North Africa and the Middle East (%),92.344,0.2,Ballina.csv
Born in South-East Asia (%),507.892,1.1,Ballina.csv
Born in North-East Asia (%),184.688,0.4,Ballina.csv
Born in Southern and Central Asia (%),277.032,0.6,Ballina.csv
Born in Americas (%),600.236,1.3,Ballina.csv
Born in Sub-Saharan Africa (%),369.376,0.8,Ballina.csv
Total,5863.844,12.7,Ballina.csv
Born in Oceania and Antarctica (excluding Australia) (%),39.726,1.8,Balranald.csv
Born in North-West Europe (%),24.277,1.1,Balranald.csv
Born in Southern and Eastern Europe (%),17.656,0.8,Balranald.csv
Born in North Africa and the Middle East (%),0,0,Balranald.csv
Born in South-East Asia (%),66.21,3,Balranald.csv
Born in North-East Asia (%),15.449,0.7,Balranald.csv
Born in Southern and Central Asia (%),17.656,0.8,Balranald.csv
Born in Americas (%),8.828,0.4,Balranald.csv
Total,189.802,8.6,Balranald.csv
Born in Oceania and Antarctica (excluding Australia) (%),567.489,1.3,BathurstRegional.csv
Born in North-West Europe (%),1440.549,3.3,BathurstRegional.csv
Born in Southern and Eastern Europe (%),218.265,0.5,BathurstRegional.csv
Born in North Africa and the Middle East (%),174.612,0.4,BathurstRegional.csv
Born in South-East Asia (%),523.836,1.2,BathurstRegional.csv
Born in North-East Asia (%),174.612,0.4,BathurstRegional.csv
Born in Southern and Central Asia (%),785.754,1.8,BathurstRegional.csv
Born in Americas (%),218.265,0.5,BathurstRegional.csv
Born in Sub-Saharan Africa (%),218.265,0.5,BathurstRegional.csv
Total,4321.647,9.9,BathurstRegional.csv
Born in Oceania and Antarctica (excluding Australia) (%),4049.403,2.3,Bayside.csv
Born in North-West Europe (%),6866.379,3.9,Bayside.csv
Born in Southern and Eastern Europe (%),14613.063,8.3,Bayside.csv
Born in North Africa and the Middle East (%),7746.684,4.4,Bayside.csv
Born in South-East Asia (%),14084.88,8,Bayside.csv
Born in North-East Asia (%),17253.978,9.8,Bayside.csv
Born in Southern and Central Asia (%),11091.843,6.3,Bayside.csv
Born in Americas (%),7570.623,4.3,Bayside.csv
Born in Sub-Saharan Africa (%),1408.488,0.8,Bayside.csv
Total,84685.341,48.1,Bayside.csv
Born in Oceania and Antarctica (excluding Australia) (%),464.893,1.3,BegaValley.csv
Born in North-West Europe (%),2395.987,6.7,BegaValley.csv
Born in Southern and Eastern Europe (%),286.088,0.8,BegaValley.csv
Born in North Africa and the Middle East (%),71.522,0.2,BegaValley.csv
Born in South-East Asia (%),321.849,0.9,BegaValley.csv
Born in North-East Asia (%),107.283,0.3,BegaValley.csv
Born in Southern and Central Asia (%),178.805,0.5,BegaValley.csv
Born in Americas (%),321.849,0.9,BegaValley.csv
Born in Sub-Saharan Africa (%),178.805,0.5,BegaValley.csv
Total,4327.081,12.1,BegaValley.csv
Born in Oceania and Antarctica (excluding Australia) (%),197.955,1.5,Bellingen.csv
Born in North-West Europe (%),989.775,7.5,Bellingen.csv
Born in Southern and Eastern Europe (%),79.182,0.6,Bellingen.csv
Born in North Africa and the Middle East (%),13.197,0.1,Bellingen.csv
Born in South-East Asia (%),92.379,0.7,Bellingen.csv
Born in North-East Asia (%),39.591,0.3,Bellingen.csv
Born in Southern and Central Asia (%),26.394,0.2,Bellingen.csv
Born in Americas (%),131.97,1,Bellingen.csv
Born in Sub-Saharan Africa (%),79.182,0.6,Bellingen.csv
Total,1649.625,12.5,Bellingen.csv
Born in Oceania and Antarctica (excluding Australia) (%),86.12,1,Berrigan.csv
Born in North-West Europe (%),344.48,4,Berrigan.csv
Born in Southern and Eastern Europe (%),34.448,0.4,Berrigan.csv
Born in North Africa and the Middle East (%),17.224,0.2,Berrigan.csv
Born in South-East Asia (%),68.896,0.8,Berrigan.csv
Born in North-East Asia (%),17.224,0.2,Berrigan.csv
Born in Southern and Central Asia (%),51.672,0.6,Berrigan.csv
Born in Americas (%),25.836,0.3,Berrigan.csv
Born in Sub-Saharan Africa (%),34.448,0.4,Berrigan.csv
Total,680.348,7.9,Berrigan.csv
Born in Oceania and Antarctica (excluding Australia) (%),20784.972,5.2,Blacktown.csv
Born in North-West Europe (%),8393.931,2.1,Blacktown.csv
Born in Southern and Eastern Europe (%),9593.064,2.4,Blacktown.csv
Born in North Africa and the Middle East (%),15189.018,3.8,Blacktown.csv
Born in South-East Asia (%),33575.724,8.4,Blacktown.csv
Born in North-East Asia (%),10392.486,2.6,Blacktown.csv
Born in Southern and Central Asia (%),69949.425,17.5,Blacktown.csv
Born in Americas (%),3997.11,1,Blacktown.csv
Born in Sub-Saharan Africa (%),5995.665,1.5,Blacktown.csv
Total,177871.395,44.5,Blacktown.csv
Born in Oceania and Antarctica (excluding Australia) (%),60.962,1.1,Bland.csv
Born in North-West Europe (%),94.214,1.7,Bland.csv
Born in Southern and Eastern Europe (%),5.542,0.1,Bland.csv
Born in North Africa and the Middle East (%),5.542,0.1,Bland.csv
Born in South-East Asia (%),49.878,0.9,Bland.csv
Born in North-East Asia (%),16.626,0.3,Bland.csv
Born in Southern and Central Asia (%),33.252,0.6,Bland.csv
Born in Americas (%),16.626,0.3,Bland.csv
Born in Sub-Saharan Africa (%),33.252,0.6,Bland.csv
Total,315.894,5.7,Bland.csv
Born in Oceania and Antarctica (excluding Australia) (%),90.096,1.2,Blayney.csv
Born in North-West Europe (%),240.256,3.2,Blayney.csv
Born in Southern and Eastern Europe (%),30.032,0.4,Blayney.csv
Born in South-East Asia (%),37.54,0.5,Blayney.csv
Born in North-East Asia (%),22.524,0.3,Blayney.csv
Born in Southern and Central Asia (%),15.016,0.2,Blayney.csv
Born in Americas (%),22.524,0.3,Blayney.csv
Born in Sub-Saharan Africa (%),15.016,0.2,Blayney.csv
Total,473.004,6.3,Blayney.csv
Born in Oceania and Antarctica (excluding Australia) (%),1332.12,1.7,BlueMountains.csv
Born in North-West Europe (%),6738.96,8.6,BlueMountains.csv
Born in Southern and Eastern Europe (%),1253.76,1.6,BlueMountains.csv
Born in North Africa and the Middle East (%),313.44,0.4,BlueMountains.csv
Born in South-East Asia (%),1097.04,1.4,BlueMountains.csv
Born in North-East Asia (%),626.88,0.8,BlueMountains.csv
Born in Southern and Central Asia (%),548.52,0.7,BlueMountains.csv
Born in Americas (%),1175.4,1.5,BlueMountains.csv
Born in Sub-Saharan Africa (%),548.52,0.7,BlueMountains.csv
Total,13634.64,17.4,BlueMountains.csv
Born in Oceania and Antarctica (excluding Australia) (%),34.734,1.4,Bogan.csv
Born in North-West Europe (%),29.772,1.2,Bogan.csv
Born in Southern and Eastern Europe (%),0,0,Bogan.csv
Born in South-East Asia (%),19.848,0.8,Bogan.csv
Born in North-East Asia (%),9.924,0.4,Bogan.csv
Born in Southern and Central Asia (%),27.291,1.1,Bogan.csv
Born in Americas (%),4.962,0.2,Bogan.csv
Born in Sub-Saharan Africa (%),14.886,0.6,Bogan.csv
Total,141.417,5.7,Bogan.csv
Born in Oceania and Antarctica (excluding Australia) (%),12.085,0.5,Bourke.csv
Born in North-West Europe (%),21.753,0.9,Bourke.csv
Born in Southern and Eastern Europe (%),0,0,Bourke.csv
Born in North Africa and the Middle East (%),0,0,Bourke.csv
Born in South-East Asia (%),14.502,0.6,Bourke.csv
Born in North-East Asia (%),4.834,0.2,Bourke.csv
Born in Southern and Central Asia (%),45.923,1.9,Bourke.csv
Born in Americas (%),2.417,0.1,Bourke.csv
Born in Sub-Saharan Africa (%),0,0,Bourke.csv
Total,101.514,4.2,Bourke.csv
Born in Oceania and Antarctica (excluding Australia) (%),10.416,0.7,Brewarrina.csv
Born in North-West Europe (%),10.416,0.7,Brewarrina.csv
Born in North Africa and the Middle East (%),2.976,0.2,Brewarrina.csv
Born in South-East Asia (%),5.952,0.4,Brewarrina.csv
Born in Southern and Central Asia (%),26.784,1.8,Brewarrina.csv
Born in Sub-Saharan Africa (%),7.44,0.5,Brewarrina.csv
Total,63.984,4.3,Brewarrina.csv
Born in Oceania and Antarctica (excluding Australia) (%),105.966,0.6,BrokenHill.csv
Born in North-West Europe (%),247.254,1.4,BrokenHill.csv
Born in Southern and Eastern Europe (%),70.644,0.4,BrokenHill.csv
Born in North Africa and the Middle East (%),17.661,0.1,BrokenHill.csv
Born in South-East Asia (%),247.254,1.4,BrokenHill.csv
Born in North-East Asia (%),35.322,0.2,BrokenHill.csv
Born in Southern and Central Asia (%),88.305,0.5,BrokenHill.csv
Born in Americas (%),52.983,0.3,BrokenHill.csv
Born in Sub-Saharan Africa (%),52.983,0.3,BrokenHill.csv
Total,918.372,5.2,BrokenHill.csv
Born in Oceania and Antarctica (excluding Australia) (%),605.955,1.5,Burwood.csv
Born in North-West Europe (%),767.543,1.9,Burwood.csv
Born in Southern and Eastern Europe (%),1979.453,4.9,Burwood.csv
Born in North Africa and the Middle East (%),1009.925,2.5,Burwood.csv
Born in South-East Asia (%),3595.333,8.9,Burwood.csv
Born in North-East Asia (%),9816.471,24.3,Burwood.csv
Born in Southern and Central Asia (%),4726.449,11.7,Burwood.csv
Born in Americas (%),605.955,1.5,Burwood.csv
Born in Sub-Saharan Africa (%),161.588,0.4,Burwood.csv
Total,23268.672,57.6,Burwood.csv
Born in Oceania and Antarctica (excluding Australia) (%),938.002,2.6,Byron.csv
Born in North-West Europe (%),3463.392,9.6,Byron.csv
Born in Southern and Eastern Europe (%),613.309,1.7,Byron.csv
Born in North Africa and the Middle East (%),288.616,0.8,Byron.csv
Born in South-East Asia (%),360.77,1,Byron.csv
Born in North-East Asia (%),288.616,0.8,Byron.csv
Born in Southern and Central Asia (%),144.308,0.4,Byron.csv
Born in Americas (%),1443.08,4,Byron.csv
Born in Sub-Saharan Africa (%),324.693,0.9,Byron.csv
Total,7864.786,21.8,Byron.csv
Born in Oceania and Antarctica (excluding Australia) (%),137.6,1,Cabonne.csv
Born in North-West Europe (%),357.76,2.6,Cabonne.csv
Born in Southern and Eastern Europe (%),41.28,0.3,Cabonne.csv
Born in North Africa and the Middle East (%),13.76,0.1,Cabonne.csv
Born in South-East Asia (%),68.8,0.5,Cabonne.csv
Born in North-East Asia (%),27.52,0.2,Cabonne.csv
Born in Southern and Central Asia (%),41.28,0.3,Cabonne.csv
Born in Americas (%),55.04,0.4,Cabonne.csv
Born in Sub-Saharan Africa (%),55.04,0.4,Cabonne.csv
Total,798.08,5.8,Cabonne.csv
Born in Oceania and Antarctica (excluding Australia) (%),3478.579,2.9,Camden.csv
Born in North-West Europe (%),4558.138,3.8,Camden.csv
Born in Southern and Eastern Europe (%),3118.726,2.6,Camden.csv
Born in North Africa and the Middle East (%),2998.775,2.5,Camden.csv
Born in South-East Asia (%),3238.677,2.7,Camden.csv
Born in North-East Asia (%),1199.51,1,Camden.csv
Born in Southern and Central Asia (%),5517.746,4.6,Camden.csv
Born in Americas (%),1799.265,1.5,Camden.csv
Born in Sub-Saharan Africa (%),1679.314,1.4,Camden.csv
Total,27588.73,23,Camden.csv
Born in Oceania and Antarctica (excluding Australia) (%),10128.273,5.7,Campbelltown.csv
Born in North-West Europe (%),5686.048,3.2,Campbelltown.csv
Born in Southern and Eastern Europe (%),3909.158,2.2,Campbelltown.csv
Born in North Africa and the Middle East (%),5508.359,3.1,Campbelltown.csv
Born in South-East Asia (%),10128.273,5.7,Campbelltown.csv
Born in North-East Asia (%),2843.024,1.6,Campbelltown.csv
Born in Southern and Central Asia (%),19012.723,10.7,Campbelltown.csv
Born in Americas (%),2665.335,1.5,Campbelltown.csv
Born in Sub-Saharan Africa (%),2309.957,1.3,Campbelltown.csv
Total,62191.15,35,Campbelltown.csv
Born in Oceania and Antarctica (excluding Australia) (%),1524.339,1.7,CanadaBay.csv
Born in North-West Europe (%),3945.348,4.4,CanadaBay.csv
Born in Southern and Eastern Europe (%),5828.355,6.5,CanadaBay.csv
Born in North Africa and the Middle East (%),2241.675,2.5,CanadaBay.csv
Born in South-East Asia (%),4035.015,4.5,CanadaBay.csv
Born in North-East Asia (%),11656.71,13,CanadaBay.csv
Born in Southern and Central Asia (%),4035.015,4.5,CanadaBay.csv
Born in Americas (%),1972.674,2.2,CanadaBay.csv
Born in Sub-Saharan Africa (%),807.003,0.9,CanadaBay.csv
Total,36046.134,40.2,CanadaBay.csv
Born in Oceania and Antarctica (excluding Australia) (%),8563.406,2.3,Canterbury-Bankstown.csv
Born in North-West Europe (%),5212.508,1.4,Canterbury-Bankstown.csv
Born in Southern and Eastern Europe (%),19733.066,5.3,Canterbury-Bankstown.csv
Born in North Africa and the Middle East (%),34998.268,9.4,Canterbury-Bankstown.csv
Born in South-East Asia (%),38349.166,10.3,Canterbury-Bankstown.csv
Born in North-East Asia (%),26434.862,7.1,Canterbury-Bankstown.csv
Born in Southern and Central Asia (%),24945.574,6.7,Canterbury-Bankstown.csv
Born in Americas (%),4467.864,1.2,Canterbury-Bankstown.csv
Born in Sub-Saharan Africa (%),3350.898,0.9,Canterbury-Bankstown.csv
Total,166055.612,44.6,Canterbury-Bankstown.csv
Born in Oceania and Antarctica (excluding Australia) (%),66.033,2.3,Carrathool.csv
Born in North-West Europe (%),57.42,2,Carrathool.csv
Born in Southern and Eastern Europe (%),22.968,0.8,Carrathool.csv
Born in North Africa and the Middle East (%),8.613,0.3,Carrathool.csv
Born in South-East Asia (%),71.775,2.5,Carrathool.csv
Born in North-East Asia (%),28.71,1,Carrathool.csv
Born in Southern and Central Asia (%),77.517,2.7,Carrathool.csv
Born in Americas (%),28.71,1,Carrathool.csv
Born in Sub-Saharan Africa (%),37.323,1.3,Carrathool.csv
Total,399.069,13.9,Carrathool.csv
Born in Oceania and Antarctica (excluding Australia) (%),6967.58,2,CentralCoast.csv
Born in North-West Europe (%),23341.393,6.7,CentralCoast.csv
Born in Southern and Eastern Europe (%),4877.306,1.4,CentralCoast.csv
Born in North Africa and the Middle East (%),1393.516,0.4,CentralCoast.csv
Born in South-East Asia (%),5225.685,1.5,CentralCoast.csv
Born in North-East Asia (%),3483.79,1,CentralCoast.csv
Born in Southern and Central Asia (%),3483.79,1,CentralCoast.csv
Born in Americas (%),3832.169,1.1,CentralCoast.csv
Born in Sub-Saharan Africa (%),3135.411,0.9,CentralCoast.csv
Total,55740.64,16,CentralCoast.csv
Born in Oceania and Antarctica (excluding Australia) (%),24.64,1.4,CentralDarling.csv
Born in North-West Europe (%),26.4,1.5,CentralDarling.csv
Born in Southern and Eastern Europe (%),5.28,0.3,CentralDarling.csv
Born in North Africa and the Middle East (%),0,0,CentralDarling.csv
Born in South-East Asia (%),0,0,CentralDarling.csv
Born in North-East Asia (%),3.52,0.2,CentralDarling.csv
Born in Southern and Central Asia (%),3.52,0.2,CentralDarling.csv
Born in Americas (%),3.52,0.2,CentralDarling.csv
Total,66.88,3.8,CentralDarling.csv
Born in Oceania and Antarctica (excluding Australia) (%),704.902,1.1,Cessnock.csv
Born in North-West Europe (%),1922.46,3,Cessnock.csv
Born in Southern and Eastern Europe (%),256.328,0.4,Cessnock.csv
Born in North Africa and the Middle East (%),128.164,0.2,Cessnock.csv
Born in South-East Asia (%),640.82,1,Cessnock.csv
Born in North-East Asia (%),192.246,0.3,Cessnock.csv
Born in Southern and Central Asia (%),256.328,0.4,Cessnock.csv
Born in Americas (%),256.328,0.4,Cessnock.csv
Born in Sub-Saharan Africa (%),256.328,0.4,Cessnock.csv
Total,4613.904,7.2,Cessnock.csv
Born in Oceania and Antarctica (excluding Australia) (%),758.52,1.4,ClarenceValley.csv
Born in North-West Europe (%),2058.84,3.8,ClarenceValley.csv
Born in Southern and Eastern Europe (%),162.54,0.3,ClarenceValley.csv
Born in North Africa and the Middle East (%),54.18,0.1,ClarenceValley.csv
Born in South-East Asia (%),433.44,0.8,ClarenceValley.csv
Born in North-East Asia (%),162.54,0.3,ClarenceValley.csv
Born in Southern and Central Asia (%),216.72,0.4,ClarenceValley.csv
Born in Americas (%),270.9,0.5,ClarenceValley.csv
Born in Sub-Saharan Africa (%),216.72,0.4,ClarenceValley.csv
Total,4334.4,8,ClarenceValley.csv
Born in Oceania and Antarctica (excluding Australia) (%),73.764,1.8,Cobar.csv
Born in North-West Europe (%),61.47,1.5,Cobar.csv
Born in Southern and Eastern Europe (%),8.196,0.2,Cobar.csv
Born in North Africa and the Middle East (%),12.294,0.3,Cobar.csv
Born in South-East Asia (%),53.274,1.3,Cobar.csv
Born in North-East Asia (%),8.196,0.2,Cobar.csv
Born in Southern and Central Asia (%),36.882,0.9,Cobar.csv
Born in Americas (%),16.392,0.4,Cobar.csv
Born in Sub-Saharan Africa (%),32.784,0.8,Cobar.csv
Total,303.252,7.4,Cobar.csv
Born in Oceania and Antarctica (excluding Australia) (%),1496.022,1.9,CoffsHarbour.csv
Born in North-West Europe (%),4094.376,5.2,CoffsHarbour.csv
Born in Southern and Eastern Europe (%),551.166,0.7,CoffsHarbour.csv
Born in North Africa and the Middle East (%),629.904,0.8,CoffsHarbour.csv
Born in South-East Asia (%),1653.498,2.1,CoffsHarbour.csv
Born in North-East Asia (%),551.166,0.7,CoffsHarbour.csv
Born in Southern and Central Asia (%),1653.498,2.1,CoffsHarbour.csv
Born in Americas (%),708.642,0.9,CoffsHarbour.csv
Born in Sub-Saharan Africa (%),866.118,1.1,CoffsHarbour.csv
Total,12204.39,15.5,CoffsHarbour.csv
Born in Oceania and Antarctica (excluding Australia) (%),39.609,0.9,Coolamon.csv
Born in North-West Europe (%),96.822,2.2,Coolamon.csv
Born in Southern and Eastern Europe (%),4.401,0.1,Coolamon.csv
Born in North Africa and the Middle East (%),0,0,Coolamon.csv
Born in South-East Asia (%),8.802,0.2,Coolamon.csv
Born in North-East Asia (%),4.401,0.1,Coolamon.csv
Born in Southern and Central Asia (%),17.604,0.4,Coolamon.csv
Born in Americas (%),13.203,0.3,Coolamon.csv
Born in Sub-Saharan Africa (%),8.802,0.2,Coolamon.csv
Total,193.644,4.4,Coolamon.csv
Born in Oceania and Antarctica (excluding Australia) (%),15.336,0.4,Coonamble.csv
Born in North-West Europe (%),42.174,1.1,Coonamble.csv
Born in Southern and Eastern Europe (%),7.668,0.2,Coonamble.csv
Born in North Africa and the Middle East (%),0,0,Coonamble.csv
Born in South-East Asia (%),19.17,0.5,Coonamble.csv
Born in North-East Asia (%),7.668,0.2,Coonamble.csv
Born in Southern and Central Asia (%),38.34,1,Coonamble.csv
Born in Americas (%),3.834,0.1,Coonamble.csv
Born in Sub-Saharan Africa (%),3.834,0.1,Coonamble.csv
Total,138.024,3.6,Coonamble.csv
Born in Oceania and Antarctica (excluding Australia) (%),148.031,1.3,Cootamundra.csv
Born in North-West Europe (%),284.675,2.5,Cootamundra.csv
Born in Southern and Eastern Europe (%),34.161,0.3,Cootamundra.csv
Born in North Africa and the Middle East (%),11.387,0.1,Cootamundra.csv
Born in South-East Asia (%),102.483,0.9,Cootamundra.csv
Born in North-East Asia (%),91.096,0.8,Cootamundra.csv
Born in Southern and Central Asia (%),56.935,0.5,Cootamundra.csv
Born in Americas (%),22.774,0.2,Cootamundra.csv
Born in Sub-Saharan Africa (%),34.161,0.3,Cootamundra.csv
Total,785.703,6.9,Cootamundra.csv
Born in Oceania and Antarctica (excluding Australia) (%),102.024,0.8,Cowra.csv
Born in North-West Europe (%),357.084,2.8,Cowra.csv
Born in Southern and Eastern Europe (%),63.765,0.5,Cowra.csv
Born in North Africa and the Middle East (%),12.753,0.1,Cowra.csv
Born in South-East Asia (%),102.024,0.8,Cowra.csv
Born in North-East Asia (%),38.259,0.3,Cowra.csv
Born in Southern and Central Asia (%),63.765,0.5,Cowra.csv
Born in Americas (%),51.012,0.4,Cowra.csv
Born in Sub-Saharan Africa (%),89.271,0.7,Cowra.csv
Total,879.957,6.9,Cowra.csv
Born in Oceania and Antarctica (excluding Australia) (%),5450.908,2.3,Cumberland.csv
Born in North-West Europe (%),2369.96,1,Cumberland.csv
Born in Southern and Eastern Europe (%),5924.9,2.5,Cumberland.csv
Born in North Africa and the Middle East (%),24647.584,10.4,Cumberland.csv
Born in South-East Asia (%),13982.764,5.9,Cumberland.csv
Born in North-East Asia (%),22277.624,9.4,Cumberland.csv
Born in Southern and Central Asia (%),46925.208,19.8,Cumberland.csv
Born in Americas (%),1895.968,0.8,Cumberland.csv
Born in Sub-Saharan Africa (%),2606.956,1.1,Cumberland.csv
Total,126081.872,53.2,Cumberland.csv
Born in Oceania and Antarctica (excluding Australia) (%),555.18,1,Dubbo.csv
Born in North-West Europe (%),943.806,1.7,Dubbo.csv
Born in Southern and Eastern Europe (%),166.554,0.3,Dubbo.csv
Born in North Africa and the Middle East (%),166.554,0.3,Dubbo.csv
Born in South-East Asia (%),666.216,1.2,Dubbo.csv
Born in North-East Asia (%),333.108,0.6,Dubbo.csv
Born in Southern and Central Asia (%),1998.648,3.6,Dubbo.csv
Born in Americas (%),222.072,0.4,Dubbo.csv
Born in Sub-Saharan Africa (%),333.108,0.6,Dubbo.csv
Total,5385.246,9.7,Dubbo.csv
Born in Oceania and Antarctica (excluding Australia) (%),76.2,0.8,Dungog.csv
Born in North-West Europe (%),314.325,3.3,Dungog.csv
Born in Southern and Eastern Europe (%),28.575,0.3,Dungog.csv
Born in South-East Asia (%),28.575,0.3,Dungog.csv
Born in North-East Asia (%),9.525,0.1,Dungog.csv
Born in Southern and Central Asia (%),9.525,0.1,Dungog.csv
Born in Americas (%),28.575,0.3,Dungog.csv
Born in Sub-Saharan Africa (%),28.575,0.3,Dungog.csv
Total,523.875,5.5,Dungog.csv
Born in Oceania and Antarctica (excluding Australia) (%),75.933,0.9,Conargo.csv
Born in North-West Europe (%),168.74,2,Conargo.csv
Born in Southern and Eastern Europe (%),33.748,0.4,Conargo.csv
Born in North Africa and the Middle East (%),0,0,Conargo.csv
Born in South-East Asia (%),67.496,0.8,Conargo.csv
Born in North-East Asia (%),16.874,0.2,Conargo.csv
Born in Southern and Central Asia (%),75.933,0.9,Conargo.csv
Born in Americas (%),16.874,0.2,Conargo.csv
Born in Sub-Saharan Africa (%),25.311,0.3,Conargo.csv
Total,480.909,5.7,Conargo.csv
Born in Oceania and Antarctica (excluding Australia) (%),606.795,1.5,Eurobodalla.csv
Born in North-West Europe (%),3033.975,7.5,Eurobodalla.csv
Born in Southern and Eastern Europe (%),606.795,1.5,Eurobodalla.csv
Born in North Africa and the Middle East (%),80.906,0.2,Eurobodalla.csv
Born in South-East Asia (%),323.624,0.8,Eurobodalla.csv
Born in North-East Asia (%),121.359,0.3,Eurobodalla.csv
Born in Southern and Central Asia (%),242.718,0.6,Eurobodalla.csv
Born in Americas (%),323.624,0.8,Eurobodalla.csv
Born in Sub-Saharan Africa (%),202.265,0.5,Eurobodalla.csv
Total,5542.061,13.7,Eurobodalla.csv
Born in Oceania and Antarctica (excluding Australia) (%),5016.72,2.4,Fairfield.csv
Born in North-West Europe (%),2090.3,1,Fairfield.csv
Born in Southern and Eastern Europe (%),11078.59,5.3,Fairfield.csv
Born in North Africa and the Middle East (%),37207.34,17.8,Fairfield.csv
Born in South-East Asia (%),49749.14,23.8,Fairfield.csv
Born in North-East Asia (%),4598.66,2.2,Fairfield.csv
Born in Southern and Central Asia (%),1881.27,0.9,Fairfield.csv
Born in Americas (%),4180.6,2,Fairfield.csv
Born in Sub-Saharan Africa (%),836.12,0.4,Fairfield.csv
Total,116638.74,55.8,Fairfield.csv
Born in Oceania and Antarctica (excluding Australia) (%),128.21,1,Urana.csv
Born in North-West Europe (%),500.019,3.9,Urana.csv
Born in Southern and Eastern Europe (%),64.105,0.5,Urana.csv
Born in South-East Asia (%),128.21,1,Urana.csv
Born in North-East Asia (%),51.284,0.4,Urana.csv
Born in Southern and Central Asia (%),25.642,0.2,Urana.csv
Born in Americas (%),12.821,0.1,Urana.csv
Born in Sub-Saharan Africa (%),12.821,0.1,Urana.csv
Total,923.112,7.2,Urana.csv
Born in Oceania and Antarctica (excluding Australia) (%),56.298,0.6,Forbes.csv
Born in North-West Europe (%),140.745,1.5,Forbes.csv
Born in Southern and Eastern Europe (%),28.149,0.3,Forbes.csv
Born in North Africa and the Middle East (%),0,0,Forbes.csv
Born in South-East Asia (%),56.298,0.6,Forbes.csv
Born in North-East Asia (%),28.149,0.3,Forbes.csv
Born in Southern and Central Asia (%),56.298,0.6,Forbes.csv
Born in Americas (%),18.766,0.2,Forbes.csv
Born in Sub-Saharan Africa (%),18.766,0.2,Forbes.csv
Total,403.469,4.3,Forbes.csv
Born in Oceania and Antarctica (excluding Australia) (%),3054.06,2,GeorgesRiver.csv
Born in North-West Europe (%),3359.466,2.2,GeorgesRiver.csv
Born in Southern and Eastern Europe (%),8856.774,5.8,GeorgesRiver.csv
Born in North Africa and the Middle East (%),4122.981,2.7,GeorgesRiver.csv
Born in South-East Asia (%),8704.071,5.7,GeorgesRiver.csv
Born in North-East Asia (%),26264.916,17.2,GeorgesRiver.csv
Born in Southern and Central Asia (%),12368.943,8.1,GeorgesRiver.csv
Born in Americas (%),2595.951,1.7,GeorgesRiver.csv
Born in Sub-Saharan Africa (%),916.218,0.6,GeorgesRiver.csv
Total,70243.38,46,GeorgesRiver.csv
Born in Oceania and Antarctica (excluding Australia) (%),17.276,0.4,Gilgandra.csv
Born in North-West Europe (%),64.785,1.5,Gilgandra.csv
Born in Southern and Eastern Europe (%),4.319,0.1,Gilgandra.csv
Born in South-East Asia (%),21.595,0.5,Gilgandra.csv
Born in North-East Asia (%),4.319,0.1,Gilgandra.csv
Born in Southern and Central Asia (%),17.276,0.4,Gilgandra.csv
Born in Americas (%),0,0,Gilgandra.csv
Born in Sub-Saharan Africa (%),8.638,0.2,Gilgandra.csv
Total,138.208,3.2,Gilgandra.csv
Born in Oceania and Antarctica (excluding Australia) (%),107.064,1.2,GlenInnesSevern.csv
Born in North-West Europe (%),303.348,3.4,GlenInnesSevern.csv
Born in Southern and Eastern Europe (%),17.844,0.2,GlenInnesSevern.csv
Born in North Africa and the Middle East (%),8.922,0.1,GlenInnesSevern.csv
Born in South-East Asia (%),62.454,0.7,GlenInnesSevern.csv
Born in North-East Asia (%),35.688,0.4,GlenInnesSevern.csv
Born in Southern and Central Asia (%),80.298,0.9,GlenInnesSevern.csv
Born in Americas (%),26.766,0.3,GlenInnesSevern.csv
Born in Sub-Saharan Africa (%),26.766,0.3,GlenInnesSevern.csv
Total,669.15,7.5,GlenInnesSevern.csv
Born in Oceania and Antarctica (excluding Australia) (%),449.932,1.4,GoulburnMulwaree.csv
Born in North-West Europe (%),1124.83,3.5,GoulburnMulwaree.csv
Born in Southern and Eastern Europe (%),289.242,0.9,GoulburnMulwaree.csv
Born in North Africa and the Middle East (%),128.552,0.4,GoulburnMulwaree.csv
Born in South-East Asia (%),417.794,1.3,GoulburnMulwaree.csv
Born in North-East Asia (%),224.966,0.7,GoulburnMulwaree.csv
Born in Southern and Central Asia (%),482.07,1.5,GoulburnMulwaree.csv
Born in Americas (%),192.828,0.6,GoulburnMulwaree.csv
Born in Sub-Saharan Africa (%),192.828,0.6,GoulburnMulwaree.csv
Total,3503.042,10.9,GoulburnMulwaree.csv
Born in Oceania and Antarctica (excluding Australia) (%),122.155,1.1,CorowaShire.csv
Born in North-West Europe (%),344.255,3.1,CorowaShire.csv
Born in Southern and Eastern Europe (%),22.21,0.2,CorowaShire.csv
Born in North Africa and the Middle East (%),11.105,0.1,CorowaShire.csv
Born in South-East Asia (%),66.63,0.6,CorowaShire.csv
Born in North-East Asia (%),22.21,0.2,CorowaShire.csv
Born in Southern and Central Asia (%),44.42,0.4,CorowaShire.csv
Born in Americas (%),33.315,0.3,CorowaShire.csv
Born in Sub-Saharan Africa (%),22.21,0.2,CorowaShire.csv
Total,688.51,6.2,CorowaShire.csv
Born in Oceania and Antarctica (excluding Australia) (%),1005.734,3.7,Griffith.csv
Born in North-West Europe (%),407.73,1.5,Griffith.csv
Born in Southern and Eastern Europe (%),951.37,3.5,Griffith.csv
Born in North Africa and the Middle East (%),135.91,0.5,Griffith.csv
Born in South-East Asia (%),788.278,2.9,Griffith.csv
Born in North-East Asia (%),244.638,0.9,Griffith.csv
Born in Southern and Central Asia (%),2228.924,8.2,Griffith.csv
Born in Americas (%),135.91,0.5,Griffith.csv
Born in Sub-Saharan Africa (%),217.456,0.8,Griffith.csv
Total,6115.95,22.5,Griffith.csv
Born in Oceania and Antarctica (excluding Australia) (%),117.765,0.9,Gunnedah.csv
Born in North-West Europe (%),209.36,1.6,Gunnedah.csv
Born in Southern and Eastern Europe (%),26.17,0.2,Gunnedah.csv
Born in North Africa and the Middle East (%),0,0,Gunnedah.csv
Born in South-East Asia (%),130.85,1,Gunnedah.csv
Born in North-East Asia (%),52.34,0.4,Gunnedah.csv
Born in Southern and Central Asia (%),39.255,0.3,Gunnedah.csv
Born in Americas (%),52.34,0.4,Gunnedah.csv
Born in Sub-Saharan Africa (%),52.34,0.4,Gunnedah.csv
Total,680.42,5.2,Gunnedah.csv
Born in Oceania and Antarctica (excluding Australia) (%),44.199,0.9,Gwydir.csv
Born in North-West Europe (%),112.953,2.3,Gwydir.csv
Born in Southern and Eastern Europe (%),4.911,0.1,Gwydir.csv
Born in South-East Asia (%),14.733,0.3,Gwydir.csv
Born in North-East Asia (%),0,0,Gwydir.csv
Born in Southern and Central Asia (%),9.822,0.2,Gwydir.csv
Born in Americas (%),14.733,0.3,Gwydir.csv
Born in Sub-Saharan Africa (%),9.822,0.2,Gwydir.csv
Total,211.173,4.3,Gwydir.csv
Born in Oceania and Antarctica (excluding Australia) (%),1013.715,1.5,Hawkesbury.csv
Born in North-West Europe (%),3514.212,5.2,Hawkesbury.csv
Born in Southern and Eastern Europe (%),1284.039,1.9,Hawkesbury.csv
Born in North Africa and the Middle East (%),270.324,0.4,Hawkesbury.csv
Born in South-East Asia (%),743.391,1.1,Hawkesbury.csv
Born in North-East Asia (%),473.067,0.7,Hawkesbury.csv
Born in Southern and Central Asia (%),810.972,1.2,Hawkesbury.csv
Born in Americas (%),473.067,0.7,Hawkesbury.csv
Born in Sub-Saharan Africa (%),473.067,0.7,Hawkesbury.csv
Total,9055.854,13.4,Hawkesbury.csv
Born in Oceania and Antarctica (excluding Australia) (%),49.011,1.7,Hay.csv
Born in North-West Europe (%),54.777,1.9,Hay.csv
Born in Southern and Eastern Europe (%),23.064,0.8,Hay.csv
Born in South-East Asia (%),11.532,0.4,Hay.csv
Born in Southern and Central Asia (%),37.479,1.3,Hay.csv
Born in Americas (%),5.766,0.2,Hay.csv
Born in Sub-Saharan Africa (%),14.415,0.5,Hay.csv
Total,196.044,6.8,Hay.csv
Born in Oceania and Antarctica (excluding Australia) (%),211.376,1.1,Hilltops.csv
Born in North-West Europe (%),499.616,2.6,Hilltops.csv
Born in Southern and Eastern Europe (%),115.296,0.6,Hilltops.csv
Born in North Africa and the Middle East (%),115.296,0.6,Hilltops.csv
Born in South-East Asia (%),192.16,1,Hilltops.csv
Born in North-East Asia (%),96.08,0.5,Hilltops.csv
Born in Southern and Central Asia (%),115.296,0.6,Hilltops.csv
Born in Americas (%),76.864,0.4,Hilltops.csv
Born in Sub-Saharan Africa (%),38.432,0.2,Hilltops.csv
Total,1460.416,7.6,Hilltops.csv
Born in Oceania and Antarctica (excluding Australia) (%),2740.05,1.8,Hornsby.csv
Born in North-West Europe (%),8829.05,5.8,Hornsby.csv
Born in Southern and Eastern Europe (%),3044.5,2,Hornsby.csv
Born in North Africa and the Middle East (%),3653.4,2.4,Hornsby.csv
Born in South-East Asia (%),7459.025,4.9,Hornsby.csv
Born in North-East Asia (%),18419.225,12.1,Hornsby.csv
Born in Southern and Central Asia (%),12330.225,8.1,Hornsby.csv
Born in Americas (%),2435.6,1.6,Hornsby.csv
Born in Sub-Saharan Africa (%),2892.275,1.9,Hornsby.csv
Total,61803.35,40.6,Hornsby.csv
Born in Oceania and Antarctica (excluding Australia) (%),258.229,1.9,HuntersHill.csv
Born in North-West Europe (%),897.006,6.6,HuntersHill.csv
Born in Southern and Eastern Europe (%),570.822,4.2,HuntersHill.csv
Born in North Africa and the Middle East (%),271.82,2,HuntersHill.csv
Born in South-East Asia (%),366.957,2.7,HuntersHill.csv
Born in North-East Asia (%),774.687,5.7,HuntersHill.csv
Born in Southern and Central Asia (%),203.865,1.5,HuntersHill.csv
Born in Americas (%),285.411,2.1,HuntersHill.csv
Born in Sub-Saharan Africa (%),190.274,1.4,HuntersHill.csv
Total,3819.071,28.1,HuntersHill.csv
Born in Oceania and Antarctica (excluding Australia) (%),4778.072,2.6,InnerWest.csv
Born in North-West Europe (%),13782.9,7.5,InnerWest.csv
Born in Southern and Eastern Europe (%),9923.688,5.4,InnerWest.csv
Born in North Africa and the Middle East (%),2756.58,1.5,InnerWest.csv
Born in South-East Asia (%),9556.144,5.2,InnerWest.csv
Born in North-East Asia (%),8637.284,4.7,InnerWest.csv
Born in Southern and Central Asia (%),4961.844,2.7,InnerWest.csv
Born in Americas (%),5145.616,2.8,InnerWest.csv
Born in Sub-Saharan Africa (%),1653.948,0.9,InnerWest.csv
Total,61196.076,33.3,InnerWest.csv
Born in Oceania and Antarctica (excluding Australia) (%),250.866,1.4,Inverell.csv
Born in North-West Europe (%),358.38,2,Inverell.csv
Born in Southern and Eastern Europe (%),53.757,0.3,Inverell.csv
Born in North Africa and the Middle East (%),17.919,0.1,Inverell.csv
Born in South-East Asia (%),215.028,1.2,Inverell.csv
Born in North-East Asia (%),71.676,0.4,Inverell.csv
Born in Southern and Central Asia (%),71.676,0.4,Inverell.csv
Born in Americas (%),197.109,1.1,Inverell.csv
Born in Sub-Saharan Africa (%),53.757,0.3,Inverell.csv
Total,1290.168,7.2,Inverell.csv
Born in Oceania and Antarctica (excluding Australia) (%),122.55,1.9,Junee.csv
Born in North-West Europe (%),129,2,Junee.csv
Born in Southern and Eastern Europe (%),25.8,0.4,Junee.csv
Born in North Africa and the Middle East (%),25.8,0.4,Junee.csv
Born in South-East Asia (%),70.95,1.1,Junee.csv
Born in North-East Asia (%),116.1,1.8,Junee.csv
Born in Southern and Central Asia (%),25.8,0.4,Junee.csv
Born in Americas (%),19.35,0.3,Junee.csv
Born in Sub-Saharan Africa (%),19.35,0.3,Junee.csv
Total,554.7,8.6,Junee.csv
Born in Oceania and Antarctica (excluding Australia) (%),338.976,1.1,Kempsey.csv
Born in North-West Europe (%),1109.376,3.6,Kempsey.csv
Born in Southern and Eastern Europe (%),92.448,0.3,Kempsey.csv
Born in North Africa and the Middle East (%),61.632,0.2,Kempsey.csv
Born in South-East Asia (%),338.976,1.1,Kempsey.csv
Born in North-East Asia (%),123.264,0.4,Kempsey.csv
Born in Southern and Central Asia (%),123.264,0.4,Kempsey.csv
Born in Americas (%),154.08,0.5,Kempsey.csv
Born in Sub-Saharan Africa (%),61.632,0.2,Kempsey.csv
Total,2403.648,7.8,Kempsey.csv
Born in Oceania and Antarctica (excluding Australia) (%),344.415,1.5,Kiama.csv
Born in North-West Europe (%),1836.88,8,Kiama.csv
Born in Southern and Eastern Europe (%),298.493,1.3,Kiama.csv
Born in North Africa and the Middle East (%),68.883,0.3,Kiama.csv
Born in South-East Asia (%),183.688,0.8,Kiama.csv
Born in North-East Asia (%),114.805,0.5,Kiama.csv
Born in Southern and Central Asia (%),45.922,0.2,Kiama.csv
Born in Americas (%),275.532,1.2,Kiama.csv
Born in Sub-Saharan Africa (%),160.727,0.7,Kiama.csv
Total,3329.345,14.5,Kiama.csv
Born in Oceania and Antarctica (excluding Australia) (%),2617.839,2.1,Ku-ring-gai.csv
Born in North-West Europe (%),9100.107,7.3,Ku-ring-gai.csv
Born in Southern and Eastern Europe (%),1994.544,1.6,Ku-ring-gai.csv
Born in North Africa and the Middle East (%),2617.839,2.1,Ku-ring-gai.csv
Born in South-East Asia (%),4861.701,3.9,Ku-ring-gai.csv
Born in North-East Asia (%),20942.712,16.8,Ku-ring-gai.csv
Born in Southern and Central Asia (%),3864.429,3.1,Ku-ring-gai.csv
Born in Americas (%),2493.18,2,Ku-ring-gai.csv
Born in Sub-Saharan Africa (%),4487.724,3.6,Ku-ring-gai.csv
Total,52980.075,42.5,Ku-ring-gai.csv
Born in Oceania and Antarctica (excluding Australia) (%),205.568,2.2,Kyogle.csv
Born in North-West Europe (%),439.168,4.7,Kyogle.csv
Born in Southern and Eastern Europe (%),37.376,0.4,Kyogle.csv
Born in North Africa and the Middle East (%),9.344,0.1,Kyogle.csv
Born in South-East Asia (%),74.752,0.8,Kyogle.csv
Born in North-East Asia (%),18.688,0.2,Kyogle.csv
Born in Southern and Central Asia (%),37.376,0.4,Kyogle.csv
Born in Americas (%),74.752,0.8,Kyogle.csv
Born in Sub-Saharan Africa (%),56.064,0.6,Kyogle.csv
Total,953.088,10.2,Kyogle.csv
Born in Oceania and Antarctica (excluding Australia) (%),30.745,0.5,Lachlan.csv
Born in North-West Europe (%),61.49,1,Lachlan.csv
Born in Southern and Eastern Europe (%),6.149,0.1,Lachlan.csv
Born in North Africa and the Middle East (%),0,0,Lachlan.csv
Born in South-East Asia (%),55.341,0.9,Lachlan.csv
Born in North-East Asia (%),12.298,0.2,Lachlan.csv
Born in Southern and Central Asia (%),67.639,1.1,Lachlan.csv
Born in Americas (%),18.447,0.3,Lachlan.csv
Born in Sub-Saharan Africa (%),30.745,0.5,Lachlan.csv
Total,282.854,4.6,Lachlan.csv
Born in Oceania and Antarctica (excluding Australia) (%),3209.505,1.5,LakeMacquarie.csv
Born in North-West Europe (%),9200.581,4.3,LakeMacquarie.csv
Born in Southern and Eastern Europe (%),2139.67,1,LakeMacquarie.csv
Born in North Africa and the Middle East (%),427.934,0.2,LakeMacquarie.csv
Born in South-East Asia (%),2353.637,1.1,LakeMacquarie.csv
Born in North-East Asia (%),1283.802,0.6,LakeMacquarie.csv
Born in Southern and Central Asia (%),1711.736,0.8,LakeMacquarie.csv
Born in Americas (%),1497.769,0.7,LakeMacquarie.csv
Born in Sub-Saharan Africa (%),1497.769,0.7,LakeMacquarie.csv
Total,23322.403,10.9,LakeMacquarie.csv
Born in Oceania and Antarctica (excluding Australia) (%),871.222,2.2,LaneCove.csv
Born in North-West Europe (%),2890.873,7.3,LaneCove.csv
Born in Southern and Eastern Europe (%),1148.429,2.9,LaneCove.csv
Born in North Africa and the Middle East (%),990.025,2.5,LaneCove.csv
Born in South-East Asia (%),1980.05,5,LaneCove.csv
Born in North-East Asia (%),3643.292,9.2,LaneCove.csv
Born in Southern and Central Asia (%),1663.242,4.2,LaneCove.csv
Born in Americas (%),1346.434,3.4,LaneCove.csv
Born in Sub-Saharan Africa (%),752.419,1.9,LaneCove.csv
Total,15285.986,38.6,LaneCove.csv
Born in Oceania and Antarctica (excluding Australia) (%),183.696,1.6,Leeton.csv
Born in North-West Europe (%),160.734,1.4,Leeton.csv
Born in Southern and Eastern Europe (%),172.215,1.5,Leeton.csv
Born in North Africa and the Middle East (%),11.481,0.1,Leeton.csv
Born in South-East Asia (%),287.025,2.5,Leeton.csv
Born in North-East Asia (%),114.81,1,Leeton.csv
Born in Southern and Central Asia (%),206.658,1.8,Leeton.csv
Born in Americas (%),22.962,0.2,Leeton.csv
Born in Sub-Saharan Africa (%),91.848,0.8,Leeton.csv
Total,1251.429,10.9,Leeton.csv
Born in Oceania and Antarctica (excluding Australia) (%),665.16,1.5,Lismore.csv
Born in North-West Europe (%),1906.792,4.3,Lismore.csv
Born in Southern and Eastern Europe (%),266.064,0.6,Lismore.csv
Born in North Africa and the Middle East (%),133.032,0.3,Lismore.csv
Born in South-East Asia (%),487.784,1.1,Lismore.csv
Born in North-East Asia (%),221.72,0.5,Lismore.csv
Born in Southern and Central Asia (%),310.408,0.7,Lismore.csv
Born in Americas (%),399.096,0.9,Lismore.csv
Born in Sub-Saharan Africa (%),266.064,0.6,Lismore.csv
Total,4656.12,10.5,Lismore.csv
Born in Oceania and Antarctica (excluding Australia) (%),271.102,1.3,Lithgow.csv
Born in North-West Europe (%),855.014,4.1,Lithgow.csv
Born in Southern and Eastern Europe (%),229.394,1.1,Lithgow.csv
Born in North Africa and the Middle East (%),41.708,0.2,Lithgow.csv
Born in South-East Asia (%),271.102,1.3,Lithgow.csv
Born in North-East Asia (%),104.27,0.5,Lithgow.csv
Born in Southern and Central Asia (%),145.978,0.7,Lithgow.csv
Born in Americas (%),125.124,0.6,Lithgow.csv
Born in Sub-Saharan Africa (%),41.708,0.2,Lithgow.csv
Total,2085.4,10,Lithgow.csv
Born in Oceania and Antarctica (excluding Australia) (%),12656.142,5.4,Liverpool.csv
Born in North-West Europe (%),3515.595,1.5,Liverpool.csv
Born in Southern and Eastern Europe (%),13359.261,5.7,Liverpool.csv
Born in North Africa and the Middle East (%),27187.268,11.6,Liverpool.csv
Born in South-East Asia (%),19921.705,8.5,Liverpool.csv
Born in North-East Asia (%),4218.714,1.8,Liverpool.csv
Born in Southern and Central Asia (%),12890.515,5.5,Liverpool.csv
Born in Americas (%),4453.087,1.9,Liverpool.csv
Born in Sub-Saharan Africa (%),2812.476,1.2,Liverpool.csv
Total,101014.763,43.1,Liverpool.csv
Born in Oceania and Antarctica (excluding Australia) (%),68.472,0.9,LiverpoolPlains.csv
Born in North-West Europe (%),159.768,2.1,LiverpoolPlains.csv
Born in Southern and Eastern Europe (%),22.824,0.3,LiverpoolPlains.csv
Born in North Africa and the Middle East (%),7.608,0.1,LiverpoolPlains.csv
Born in South-East Asia (%),30.432,0.4,LiverpoolPlains.csv
Born in North-East Asia (%),15.216,0.2,LiverpoolPlains.csv
Born in Southern and Central Asia (%),38.04,0.5,LiverpoolPlains.csv
Born in Americas (%),15.216,0.2,LiverpoolPlains.csv
Born in Sub-Saharan Africa (%),7.608,0.1,LiverpoolPlains.csv
Total,365.184,4.8,LiverpoolPlains.csv
Born in Oceania and Antarctica (excluding Australia) (%),23.296,0.7,Lockhart.csv
Born in North-West Europe (%),79.872,2.4,Lockhart.csv
Born in Southern and Eastern Europe (%),6.656,0.2,Lockhart.csv
Born in South-East Asia (%),16.64,0.5,Lockhart.csv
Born in North-East Asia (%),6.656,0.2,Lockhart.csv
Born in Southern and Central Asia (%),3.328,0.1,Lockhart.csv
Born in Americas (%),13.312,0.4,Lockhart.csv
Born in Sub-Saharan Africa (%),6.656,0.2,Lockhart.csv
Total,156.416,4.7,Lockhart.csv
Born in Oceania and Antarctica (excluding Australia) (%),1177.189,1.3,Maitland.csv
Born in North-West Europe (%),2626.037,2.9,Maitland.csv
Born in Southern and Eastern Europe (%),452.765,0.5,Maitland.csv
Born in North Africa and the Middle East (%),181.106,0.2,Maitland.csv
Born in South-East Asia (%),1086.636,1.2,Maitland.csv
Born in North-East Asia (%),452.765,0.5,Maitland.csv
Born in Southern and Central Asia (%),1177.189,1.3,Maitland.csv
Born in Americas (%),452.765,0.5,Maitland.csv
Born in Sub-Saharan Africa (%),633.871,0.7,Maitland.csv
Total,8240.323,9.1,Maitland.csv
Born in Oceania and Antarctica (excluding Australia) (%),1253.525,1.3,MidCoast.csv
Born in North-West Europe (%),5014.1,5.2,MidCoast.csv
Born in Southern and Eastern Europe (%),674.975,0.7,MidCoast.csv
Born in North Africa and the Middle East (%),192.85,0.2,MidCoast.csv
Born in South-East Asia (%),867.825,0.9,MidCoast.csv
Born in North-East Asia (%),289.275,0.3,MidCoast.csv
Born in Southern and Central Asia (%),578.55,0.6,MidCoast.csv
Born in Americas (%),578.55,0.6,MidCoast.csv
Born in Sub-Saharan Africa (%),385.7,0.4,MidCoast.csv
Total,9835.35,10.2,MidCoast.csv
Born in Oceania and Antarctica (excluding Australia) (%),257.04,1,MidWestern.csv
Born in North-West Europe (%),951.048,3.7,MidWestern.csv
Born in Southern and Eastern Europe (%),154.224,0.6,MidWestern.csv
Born in North Africa and the Middle East (%),25.704,0.1,MidWestern.csv
Born in South-East Asia (%),205.632,0.8,MidWestern.csv
Born in North-East Asia (%),51.408,0.2,MidWestern.csv
Born in Southern and Central Asia (%),128.52,0.5,MidWestern.csv
Born in Americas (%),128.52,0.5,MidWestern.csv
Born in Sub-Saharan Africa (%),102.816,0.4,MidWestern.csv
Total,2004.912,7.8,MidWestern.csv
Born in Oceania and Antarctica (excluding Australia) (%),142.571,1.1,MoreePlains.csv
Born in North-West Europe (%),155.532,1.2,MoreePlains.csv
Born in Southern and Eastern Europe (%),51.844,0.4,MoreePlains.csv
Born in North Africa and the Middle East (%),12.961,0.1,MoreePlains.csv
Born in South-East Asia (%),116.649,0.9,MoreePlains.csv
Born in North-East Asia (%),51.844,0.4,MoreePlains.csv
Born in Southern and Central Asia (%),90.727,0.7,MoreePlains.csv
Born in Americas (%),38.883,0.3,MoreePlains.csv
Born in Sub-Saharan Africa (%),64.805,0.5,MoreePlains.csv
Total,725.816,5.6,MoreePlains.csv
Born in Oceania and Antarctica (excluding Australia) (%),825.369,2.9,Mosman.csv
Born in North-West Europe (%),3728.391,13.1,Mosman.csv
Born in Southern and Eastern Europe (%),967.674,3.4,Mosman.csv
Born in North Africa and the Middle East (%),284.61,1,Mosman.csv
Born in South-East Asia (%),739.986,2.6,Mosman.csv
Born in North-East Asia (%),1280.745,4.5,Mosman.csv
Born in Southern and Central Asia (%),426.915,1.5,Mosman.csv
Born in Americas (%),1138.44,4,Mosman.csv
Born in Sub-Saharan Africa (%),626.142,2.2,Mosman.csv
Total,10018.272,35.2,Mosman.csv
Born in Oceania and Antarctica (excluding Australia) (%),115.02,0.9,Wakool.csv
Born in North-West Europe (%),408.96,3.2,Wakool.csv
Born in Southern and Eastern Europe (%),63.9,0.5,Wakool.csv
Born in North Africa and the Middle East (%),0,0,Wakool.csv
Born in South-East Asia (%),178.92,1.4,Wakool.csv
Born in North-East Asia (%),38.34,0.3,Wakool.csv
Born in Southern and Central Asia (%),63.9,0.5,Wakool.csv
Born in Americas (%),25.56,0.2,Wakool.csv
Born in Sub-Saharan Africa (%),38.34,0.3,Wakool.csv
Total,932.94,7.3,Wakool.csv
Born in Oceania and Antarctica (excluding Australia) (%),24.948,0.7,Murrumbidgee.csv
Born in North-West Europe (%),64.152,1.8,Murrumbidgee.csv
Born in Southern and Eastern Europe (%),14.256,0.4,Murrumbidgee.csv
Born in North Africa and the Middle East (%),7.128,0.2,Murrumbidgee.csv
Born in South-East Asia (%),35.64,1,Murrumbidgee.csv
Born in North-East Asia (%),10.692,0.3,Murrumbidgee.csv
Born in Southern and Central Asia (%),35.64,1,Murrumbidgee.csv
Born in Americas (%),10.692,0.3,Murrumbidgee.csv
Born in Sub-Saharan Africa (%),17.82,0.5,Murrumbidgee.csv
Total,220.968,6.2,Murrumbidgee.csv
Born in Oceania and Antarctica (excluding Australia) (%),263.408,1.6,Muswellbrook.csv
Born in North-West Europe (%),378.649,2.3,Muswellbrook.csv
Born in Southern and Eastern Europe (%),65.852,0.4,Muswellbrook.csv
Born in North Africa and the Middle East (%),32.926,0.2,Muswellbrook.csv
Born in South-East Asia (%),246.945,1.5,Muswellbrook.csv
Born in North-East Asia (%),65.852,0.4,Muswellbrook.csv
Born in Southern and Central Asia (%),148.167,0.9,Muswellbrook.csv
Born in Americas (%),65.852,0.4,Muswellbrook.csv
Born in Sub-Saharan Africa (%),115.241,0.7,Muswellbrook.csv
Total,1382.892,8.4,Muswellbrook.csv
Born in Oceania and Antarctica (excluding Australia) (%),305.625,1.5,NambuccaValley.csv
Born in North-West Europe (%),1039.125,5.1,NambuccaValley.csv
Born in Southern and Eastern Europe (%),122.25,0.6,NambuccaValley.csv
Born in North Africa and the Middle East (%),20.375,0.1,NambuccaValley.csv
Born in South-East Asia (%),142.625,0.7,NambuccaValley.csv
Born in North-East Asia (%),40.75,0.2,NambuccaValley.csv
Born in Southern and Central Asia (%),142.625,0.7,NambuccaValley.csv
Born in Americas (%),122.25,0.6,NambuccaValley.csv
Born in Sub-Saharan Africa (%),81.5,0.4,NambuccaValley.csv
Total,2017.125,9.9,NambuccaValley.csv
Born in Oceania and Antarctica (excluding Australia) (%),89.663,0.7,Narrabri.csv
Born in North-West Europe (%),179.326,1.4,Narrabri.csv
Born in Southern and Eastern Europe (%),12.809,0.1,Narrabri.csv
Born in South-East Asia (%),89.663,0.7,Narrabri.csv
Born in North-East Asia (%),51.236,0.4,Narrabri.csv
Born in Southern and Central Asia (%),64.045,0.5,Narrabri.csv
Born in Americas (%),38.427,0.3,Narrabri.csv
Born in Sub-Saharan Africa (%),38.427,0.3,Narrabri.csv
Total,563.596,4.4,Narrabri.csv
Born in Oceania and Antarctica (excluding Australia) (%),57.31,1,Narrandera.csv
Born in North-West Europe (%),103.158,1.8,Narrandera.csv
Born in Southern and Eastern Europe (%),17.193,0.3,Narrandera.csv
Born in North Africa and the Middle East (%),5.731,0.1,Narrandera.csv
Born in South-East Asia (%),40.117,0.7,Narrandera.csv
Born in North-East Asia (%),11.462,0.2,Narrandera.csv
Born in Southern and Central Asia (%),34.386,0.6,Narrandera.csv
Born in Americas (%),17.193,0.3,Narrandera.csv
Born in Sub-Saharan Africa (%),28.655,0.5,Narrandera.csv
Total,315.205,5.5,Narrandera.csv
Born in Oceania and Antarctica (excluding Australia) (%),32.24,0.5,Narromine.csv
Born in North-West Europe (%),109.616,1.7,Narromine.csv
Born in Southern and Eastern Europe (%),19.344,0.3,Narromine.csv
Born in North Africa and the Middle East (%),0,0,Narromine.csv
Born in South-East Asia (%),25.792,0.4,Narromine.csv
Born in North-East Asia (%),6.448,0.1,Narromine.csv
Born in Southern and Central Asia (%),25.792,0.4,Narromine.csv
Born in Americas (%),19.344,0.3,Narromine.csv
Born in Sub-Saharan Africa (%),19.344,0.3,Narromine.csv
Total,257.92,4,Narromine.csv
Born in Oceania and Antarctica (excluding Australia) (%),2201.121,1.3,Newcastle.csv
Born in North-West Europe (%),6264.729,3.7,Newcastle.csv
Born in Southern and Eastern Europe (%),2878.389,1.7,Newcastle.csv
Born in North Africa and the Middle East (%),1354.536,0.8,Newcastle.csv
Born in South-East Asia (%),3047.706,1.8,Newcastle.csv
Born in North-East Asia (%),2370.438,1.4,Newcastle.csv
Born in Southern and Central Asia (%),3555.657,2.1,Newcastle.csv
Born in Americas (%),1693.17,1,Newcastle.csv
Born in Sub-Saharan Africa (%),1523.853,0.9,Newcastle.csv
Total,24889.599,14.7,Newcastle.csv
Born in Oceania and Antarctica (excluding Australia) (%),6612.025,2.5,NorthernBeaches.csv
Born in North-West Europe (%),32531.163,12.3,NorthernBeaches.csv
Born in Southern and Eastern Europe (%),7669.949,2.9,NorthernBeaches.csv
Born in North Africa and the Middle East (%),2644.81,1,NorthernBeaches.csv
Born in South-East Asia (%),5289.62,2,NorthernBeaches.csv
Born in North-East Asia (%),6876.506,2.6,NorthernBeaches.csv
Born in Southern and Central Asia (%),3438.253,1.3,NorthernBeaches.csv
Born in Americas (%),10050.278,3.8,NorthernBeaches.csv
Born in Sub-Saharan Africa (%),5025.139,1.9,NorthernBeaches.csv
Total,80137.743,30.3,NorthernBeaches.csv
Born in Oceania and Antarctica (excluding Australia) (%),2083.8,3,NorthSydney.csv
Born in North-West Europe (%),7015.46,10.1,NorthSydney.csv
Born in Southern and Eastern Europe (%),2222.72,3.2,NorthSydney.csv
Born in North Africa and the Middle East (%),1111.36,1.6,NorthSydney.csv
Born in South-East Asia (%),2917.32,4.2,NorthSydney.csv
Born in North-East Asia (%),5417.88,7.8,NorthSydney.csv
Born in Southern and Central Asia (%),2361.64,3.4,NorthSydney.csv
Born in Americas (%),2986.78,4.3,NorthSydney.csv
Born in Sub-Saharan Africa (%),1597.58,2.3,NorthSydney.csv
Total,27714.54,39.9,NorthSydney.csv
Born in Oceania and Antarctica (excluding Australia) (%),100.152,1.8,Oberon.csv
Born in North-West Europe (%),222.56,4,Oberon.csv
Born in Southern and Eastern Europe (%),61.204,1.1,Oberon.csv
Born in North Africa and the Middle East (%),16.692,0.3,Oberon.csv
Born in South-East Asia (%),38.948,0.7,Oberon.csv
Born in North-East Asia (%),27.82,0.5,Oberon.csv
Born in Southern and Central Asia (%),55.64,1,Oberon.csv
Born in Americas (%),16.692,0.3,Oberon.csv
Born in Sub-Saharan Africa (%),33.384,0.6,Oberon.csv
Total,573.092,10.3,Oberon.csv
Born in Oceania and Antarctica (excluding Australia) (%),524.832,1.2,Orange.csv
Born in North-West Europe (%),1180.872,2.7,Orange.csv
Born in Southern and Eastern Europe (%),306.152,0.7,Orange.csv
Born in North Africa and the Middle East (%),131.208,0.3,Orange.csv
Born in South-East Asia (%),612.304,1.4,Orange.csv
Born in North-East Asia (%),306.152,0.7,Orange.csv
Born in Southern and Central Asia (%),918.456,2.1,Orange.csv
Born in Americas (%),262.416,0.6,Orange.csv
Born in Sub-Saharan Africa (%),393.624,0.9,Orange.csv
Total,4636.016,10.6,Orange.csv
Born in Oceania and Antarctica (excluding Australia) (%),115.624,0.8,Parkes.csv
Born in North-West Europe (%),245.701,1.7,Parkes.csv
Born in Southern and Eastern Europe (%),43.359,0.3,Parkes.csv
Born in North Africa and the Middle East (%),14.453,0.1,Parkes.csv
Born in South-East Asia (%),144.53,1,Parkes.csv
Born in North-East Asia (%),57.812,0.4,Parkes.csv
Born in Southern and Central Asia (%),86.718,0.6,Parkes.csv
Born in Americas (%),28.906,0.2,Parkes.csv
Born in Sub-Saharan Africa (%),72.265,0.5,Parkes.csv
Total,809.368,5.6,Parkes.csv
Born in Oceania and Antarctica (excluding Australia) (%),5166.3,2,Parramatta.csv
Born in North-West Europe (%),5682.93,2.2,Parramatta.csv
Born in Southern and Eastern Europe (%),4907.985,1.9,Parramatta.csv
Born in North Africa and the Middle East (%),11107.545,4.3,Parramatta.csv
Born in South-East Asia (%),14465.64,5.6,Parramatta.csv
Born in North-East Asia (%),48563.22,18.8,Parramatta.csv
Born in Southern and Central Asia (%),41847.03,16.2,Parramatta.csv
Born in Americas (%),3358.095,1.3,Parramatta.csv
Born in Sub-Saharan Africa (%),2583.15,1,Parramatta.csv
Total,137681.895,53.3,Parramatta.csv
Born in Oceania and Antarctica (excluding Australia) (%),7231.917,3.3,Penrith.csv
Born in North-West Europe (%),9204.258,4.2,Penrith.csv
Born in Southern and Eastern Europe (%),5259.576,2.4,Penrith.csv
Born in North Africa and the Middle East (%),4382.98,2,Penrith.csv
Born in South-East Asia (%),7670.215,3.5,Penrith.csv
Born in North-East Asia (%),2629.788,1.2,Penrith.csv
Born in Southern and Central Asia (%),10957.45,5,Penrith.csv
Born in Americas (%),1753.192,0.8,Penrith.csv
Born in Sub-Saharan Africa (%),2191.49,1,Penrith.csv
Total,51280.866,23.4,Penrith.csv
Born in Oceania and Antarctica (excluding Australia) (%),1385.36,1.6,PortMacquarie-Hastings.csv
Born in North-West Europe (%),5368.27,6.2,PortMacquarie-Hastings.csv
Born in Southern and Eastern Europe (%),606.095,0.7,PortMacquarie-Hastings.csv
Born in North Africa and the Middle East (%),173.17,0.2,PortMacquarie-Hastings.csv
Born in South-East Asia (%),865.85,1,PortMacquarie-Hastings.csv
Born in North-East Asia (%),346.34,0.4,PortMacquarie-Hastings.csv
Born in Southern and Central Asia (%),606.095,0.7,PortMacquarie-Hastings.csv
Born in Americas (%),692.68,0.8,PortMacquarie-Hastings.csv
Born in Sub-Saharan Africa (%),519.51,0.6,PortMacquarie-Hastings.csv
Total,10563.37,12.2,PortMacquarie-Hastings.csv
Born in Oceania and Antarctica (excluding Australia) (%),1129.23,1.5,PortStephens.csv
Born in North-West Europe (%),4516.92,6,PortStephens.csv
Born in Southern and Eastern Europe (%),752.82,1,PortStephens.csv
Born in North Africa and the Middle East (%),150.564,0.2,PortStephens.csv
Born in South-East Asia (%),828.102,1.1,PortStephens.csv
Born in North-East Asia (%),225.846,0.3,PortStephens.csv
Born in Southern and Central Asia (%),301.128,0.4,PortStephens.csv
Born in Americas (%),526.974,0.7,PortStephens.csv
Born in Sub-Saharan Africa (%),526.974,0.7,PortStephens.csv
Total,8958.558,11.9,PortStephens.csv
Born in Oceania and Antarctica (excluding Australia) (%),1267.28,2,Palerang.csv
Born in North-West Europe (%),2851.38,4.5,Palerang.csv
Born in Southern and Eastern Europe (%),2027.648,3.2,Palerang.csv
Born in North Africa and the Middle East (%),253.456,0.4,Palerang.csv
Born in South-East Asia (%),1267.28,2,Palerang.csv
Born in North-East Asia (%),380.184,0.6,Palerang.csv
Born in Southern and Central Asia (%),2407.832,3.8,Palerang.csv
Born in Americas (%),697.004,1.1,Palerang.csv
Born in Sub-Saharan Africa (%),506.912,0.8,Palerang.csv
Total,11658.976,18.4,Palerang.csv
Born in Oceania and Antarctica (excluding Australia) (%),3246.6,2.4,Randwick.csv
Born in North-West Europe (%),15286.075,11.3,Randwick.csv
Born in Southern and Eastern Europe (%),7304.85,5.4,Randwick.csv
Born in North Africa and the Middle East (%),2434.95,1.8,Randwick.csv
Born in South-East Asia (%),7034.3,5.2,Randwick.csv
Born in North-East Asia (%),6899.025,5.1,Randwick.csv
Born in Southern and Central Asia (%),2705.5,2,Randwick.csv
Born in Americas (%),5816.825,4.3,Randwick.csv
Born in Sub-Saharan Africa (%),2434.95,1.8,Randwick.csv
Total,53163.075,39.3,Randwick.csv
Born in Oceania and Antarctica (excluding Australia) (%),259.479,1.1,RichmondValley.csv
Born in North-West Europe (%),613.314,2.6,RichmondValley.csv
Born in Southern and Eastern Europe (%),70.767,0.3,RichmondValley.csv
Born in North Africa and the Middle East (%),0,0,RichmondValley.csv
Born in South-East Asia (%),212.301,0.9,RichmondValley.csv
Born in North-East Asia (%),47.178,0.2,RichmondValley.csv
Born in Southern and Central Asia (%),47.178,0.2,RichmondValley.csv
Born in Americas (%),94.356,0.4,RichmondValley.csv
Born in Sub-Saharan Africa (%),47.178,0.2,RichmondValley.csv
Total,1391.751,5.9,RichmondValley.csv
Born in Oceania and Antarctica (excluding Australia) (%),2076.368,1.6,Ryde.csv
Born in North-West Europe (%),4282.509,3.3,Ryde.csv
Born in Southern and Eastern Europe (%),4412.282,3.4,Ryde.csv
Born in North Africa and the Middle East (%),5061.147,3.9,Ryde.csv
Born in South-East Asia (%),8954.337,6.9,Ryde.csv
Born in North-East Asia (%),26473.692,20.4,Ryde.csv
Born in Southern and Central Asia (%),8565.018,6.6,Ryde.csv
Born in Americas (%),2465.687,1.9,Ryde.csv
Born in Sub-Saharan Africa (%),1297.73,1,Ryde.csv
Total,63588.77,49,Ryde.csv
Born in Oceania and Antarctica (excluding Australia) (%),840.873,1.1,Shellharbour.csv
Born in North-West Europe (%),5045.238,6.6,Shellharbour.csv
Born in Southern and Eastern Europe (%),3134.163,4.1,Shellharbour.csv
Born in North Africa and the Middle East (%),535.101,0.7,Shellharbour.csv
Born in South-East Asia (%),993.759,1.3,Shellharbour.csv
Born in North-East Asia (%),229.329,0.3,Shellharbour.csv
Born in Southern and Central Asia (%),458.658,0.6,Shellharbour.csv
Born in Americas (%),611.544,0.8,Shellharbour.csv
Born in Sub-Saharan Africa (%),382.215,0.5,Shellharbour.csv
Total,12230.88,16,Shellharbour.csv
Born in Oceania and Antarctica (excluding Australia) (%),1518.958,1.4,Shoalhaven.csv
Born in North-West Europe (%),7160.802,6.6,Shoalhaven.csv
Born in Southern and Eastern Europe (%),1518.958,1.4,Shoalhaven.csv
Born in North Africa and the Middle East (%),325.491,0.3,Shoalhaven.csv
Born in South-East Asia (%),1193.467,1.1,Shoalhaven.csv
Born in North-East Asia (%),542.485,0.5,Shoalhaven.csv
Born in Southern and Central Asia (%),867.976,0.8,Shoalhaven.csv
Born in Americas (%),976.473,0.9,Shoalhaven.csv
Born in Sub-Saharan Africa (%),542.485,0.5,Shoalhaven.csv
Total,14647.095,13.5,Shoalhaven.csv
Born in Oceania and Antarctica (excluding Australia) (%),519.099,2.1,Singleton.csv
Born in North-West Europe (%),642.694,2.6,Singleton.csv
Born in Southern and Eastern Europe (%),98.876,0.4,Singleton.csv
Born in North Africa and the Middle East (%),24.719,0.1,Singleton.csv
Born in South-East Asia (%),346.066,1.4,Singleton.csv
Born in North-East Asia (%),74.157,0.3,Singleton.csv
Born in Southern and Central Asia (%),123.595,0.5,Singleton.csv
Born in Americas (%),74.157,0.3,Singleton.csv
Born in Sub-Saharan Africa (%),173.033,0.7,Singleton.csv
Total,2076.396,8.4,Singleton.csv
Born in Oceania and Antarctica (excluding Australia) (%),346.544,1.6,Bombala.csv
Born in North-West Europe (%),1234.563,5.7,Bombala.csv
Born in Southern and Eastern Europe (%),303.226,1.4,Bombala.csv
Born in North Africa and the Middle East (%),64.977,0.3,Bombala.csv
Born in South-East Asia (%),216.59,1,Bombala.csv
Born in North-East Asia (%),216.59,1,Bombala.csv
Born in Southern and Central Asia (%),194.931,0.9,Bombala.csv
Born in Americas (%),281.567,1.3,Bombala.csv
Born in Sub-Saharan Africa (%),129.954,0.6,Bombala.csv
Total,2988.942,13.8,Bombala.csv
Born in Oceania and Antarctica (excluding Australia) (%),223.515,1.5,SnowyValleys.csv
Born in North-West Europe (%),461.931,3.1,SnowyValleys.csv
Born in Southern and Eastern Europe (%),104.307,0.7,SnowyValleys.csv
Born in North Africa and the Middle East (%),29.802,0.2,SnowyValleys.csv
Born in South-East Asia (%),163.911,1.1,SnowyValleys.csv
Born in North-East Asia (%),59.604,0.4,SnowyValleys.csv
Born in Southern and Central Asia (%),89.406,0.6,SnowyValleys.csv
Born in Americas (%),74.505,0.5,SnowyValleys.csv
Born in Sub-Saharan Africa (%),163.911,1.1,SnowyValleys.csv
Total,1370.892,9.2,SnowyValleys.csv
Born in Oceania and Antarctica (excluding Australia) (%),643.02,1.4,Strathfield.csv
Born in North-West Europe (%),643.02,1.4,Strathfield.csv
Born in Southern and Eastern Europe (%),1194.18,2.6,Strathfield.csv
Born in North Africa and the Middle East (%),1561.62,3.4,Strathfield.csv
Born in South-East Asia (%),3444.75,7.5,Strathfield.csv
Born in North-East Asia (%),8267.4,18,Strathfield.csv
Born in Southern and Central Asia (%),10380.18,22.6,Strathfield.csv
Born in Americas (%),597.09,1.3,Strathfield.csv
Born in Sub-Saharan Africa (%),275.58,0.6,Strathfield.csv
Total,27006.84,58.8,Strathfield.csv
Born in Oceania and Antarctica (excluding Australia) (%),3925.351,1.7,SutherlandShire.csv
Born in North-West Europe (%),13161.471,5.7,SutherlandShire.csv
Born in Southern and Eastern Europe (%),7388.896,3.2,SutherlandShire.csv
Born in North Africa and the Middle East (%),2539.933,1.1,SutherlandShire.csv
Born in South-East Asia (%),4387.157,1.9,SutherlandShire.csv
Born in North-East Asia (%),5310.769,2.3,SutherlandShire.csv
Born in Southern and Central Asia (%),1847.224,0.8,SutherlandShire.csv
Born in Americas (%),3694.448,1.6,SutherlandShire.csv
Born in Sub-Saharan Africa (%),2078.127,0.9,SutherlandShire.csv
Total,44333.376,19.2,SutherlandShire.csv
Born in Oceania and Antarctica (excluding Australia) (%),6660.381,3.1,Sydney.csv
Born in North-West Europe (%),19336.59,9,Sydney.csv
Born in Southern and Eastern Europe (%),8379.189,3.9,Sydney.csv
Born in North Africa and the Middle East (%),3437.616,1.6,Sydney.csv
Born in South-East Asia (%),21914.802,10.2,Sydney.csv
Born in North-East Asia (%),25137.567,11.7,Sydney.csv
Born in Southern and Central Asia (%),5800.977,2.7,Sydney.csv
Born in Americas (%),10957.401,5.1,Sydney.csv
Born in Sub-Saharan Africa (%),2578.212,1.2,Sydney.csv
Total,104202.735,48.5,Sydney.csv
Born in Oceania and Antarctica (excluding Australia) (%),636.52,1,Tamworth.csv
Born in North-West Europe (%),1273.04,2,Tamworth.csv
Born in Southern and Eastern Europe (%),190.956,0.3,Tamworth.csv
Born in North Africa and the Middle East (%),127.304,0.2,Tamworth.csv
Born in South-East Asia (%),1209.388,1.9,Tamworth.csv
Born in North-East Asia (%),509.216,0.8,Tamworth.csv
Born in Southern and Central Asia (%),891.128,1.4,Tamworth.csv
Born in Americas (%),190.956,0.3,Tamworth.csv
Born in Sub-Saharan Africa (%),254.608,0.4,Tamworth.csv
Total,5283.116,8.3,Tamworth.csv
Born in Oceania and Antarctica (excluding Australia) (%),24.048,0.4,Temora.csv
Born in North-West Europe (%),132.264,2.2,Temora.csv
Born in Southern and Eastern Europe (%),18.036,0.3,Temora.csv
Born in North Africa and the Middle East (%),6.012,0.1,Temora.csv
Born in South-East Asia (%),54.108,0.9,Temora.csv
Born in North-East Asia (%),12.024,0.2,Temora.csv
Born in Southern and Central Asia (%),30.06,0.5,Temora.csv
Born in Americas (%),18.036,0.3,Temora.csv
Born in Sub-Saharan Africa (%),12.024,0.2,Temora.csv
Total,306.612,5.1,Temora.csv
Born in Oceania and Antarctica (excluding Australia) (%),129.162,1.9,Tenterfield.csv
Born in North-West Europe (%),258.324,3.8,Tenterfield.csv
Born in Southern and Eastern Europe (%),40.788,0.6,Tenterfield.csv
Born in North Africa and the Middle East (%),6.798,0.1,Tenterfield.csv
Born in South-East Asia (%),33.99,0.5,Tenterfield.csv
Born in North-East Asia (%),13.596,0.2,Tenterfield.csv
Born in Southern and Central Asia (%),33.99,0.5,Tenterfield.csv
Born in Americas (%),33.99,0.5,Tenterfield.csv
Born in Sub-Saharan Africa (%),27.192,0.4,Tenterfield.csv
Total,577.83,8.5,Tenterfield.csv
Born in Oceania and Antarctica (excluding Australia) (%),3657.671,1.9,TheHillsShire.csv
Born in North-West Europe (%),8085.378,4.2,TheHillsShire.csv
Born in Southern and Eastern Europe (%),4235.198,2.2,TheHillsShire.csv
Born in North Africa and the Middle East (%),6930.324,3.6,TheHillsShire.csv
Born in South-East Asia (%),9240.432,4.8,TheHillsShire.csv
Born in North-East Asia (%),18865.882,9.8,TheHillsShire.csv
Born in Southern and Central Asia (%),19250.9,10,TheHillsShire.csv
Born in Americas (%),2887.635,1.5,TheHillsShire.csv
Born in Sub-Saharan Africa (%),4235.198,2.2,TheHillsShire.csv
Total,77388.618,40.2,TheHillsShire.csv
Born in Oceania and Antarctica (excluding Australia) (%),3011.681,3.1,Tweed.csv
Born in North-West Europe (%),6606.268,6.8,Tweed.csv
Born in Southern and Eastern Europe (%),777.208,0.8,Tweed.csv
Born in North Africa and the Middle East (%),194.302,0.2,Tweed.csv
Born in South-East Asia (%),1165.812,1.2,Tweed.csv
Born in North-East Asia (%),582.906,0.6,Tweed.csv
Born in Southern and Central Asia (%),680.057,0.7,Tweed.csv
Born in Americas (%),1262.963,1.3,Tweed.csv
Born in Sub-Saharan Africa (%),680.057,0.7,Tweed.csv
Total,14961.254,15.4,Tweed.csv
Born in Oceania and Antarctica (excluding Australia) (%),38.76,3.8,UnincorporatedNSW.csv
Born in North-West Europe (%),32.64,3.2,UnincorporatedNSW.csv
Born in Southern and Eastern Europe (%),0,0,UnincorporatedNSW.csv
Born in South-East Asia (%),4.08,0.4,UnincorporatedNSW.csv
Born in North-East Asia (%),8.16,0.8,UnincorporatedNSW.csv
Born in Americas (%),14.28,1.4,UnincorporatedNSW.csv
Total,97.92,9.6,UnincorporatedNSW.csv
Born in Oceania and Antarctica (excluding Australia) (%),285.08,2,UpperHunterShire.csv
Born in North-West Europe (%),484.636,3.4,UpperHunterShire.csv
Born in Southern and Eastern Europe (%),42.762,0.3,UpperHunterShire.csv
Born in North Africa and the Middle East (%),14.254,0.1,UpperHunterShire.csv
Born in South-East Asia (%),142.54,1,UpperHunterShire.csv
Born in North-East Asia (%),128.286,0.9,UpperHunterShire.csv
Born in Southern and Central Asia (%),85.524,0.6,UpperHunterShire.csv
Born in Americas (%),71.27,0.5,UpperHunterShire.csv
Born in Sub-Saharan Africa (%),57.016,0.4,UpperHunterShire.csv
Total,1311.368,9.2,UpperHunterShire.csv
Born in Oceania and Antarctica (excluding Australia) (%),93.401,1.1,UpperLachlanShire.csv
Born in North-West Europe (%),348.131,4.1,UpperLachlanShire.csv
Born in Southern and Eastern Europe (%),59.437,0.7,UpperLachlanShire.csv
Born in North Africa and the Middle East (%),16.982,0.2,UpperLachlanShire.csv
Born in South-East Asia (%),33.964,0.4,UpperLachlanShire.csv
Born in North-East Asia (%),16.982,0.2,UpperLachlanShire.csv
Born in Southern and Central Asia (%),25.473,0.3,UpperLachlanShire.csv
Born in Americas (%),50.946,0.6,UpperLachlanShire.csv
Born in Sub-Saharan Africa (%),16.982,0.2,UpperLachlanShire.csv
Total,662.298,7.8,UpperLachlanShire.csv
Born in Oceania and Antarctica (excluding Australia) (%),65.923,1.1,Uralla.csv
Born in North-West Europe (%),221.741,3.7,Uralla.csv
Born in Southern and Eastern Europe (%),11.986,0.2,Uralla.csv
Born in North Africa and the Middle East (%),5.993,0.1,Uralla.csv
Born in South-East Asia (%),41.951,0.7,Uralla.csv
Born in North-East Asia (%),17.979,0.3,Uralla.csv
Born in Southern and Central Asia (%),5.993,0.1,Uralla.csv
Born in Americas (%),35.958,0.6,Uralla.csv
Born in Sub-Saharan Africa (%),17.979,0.3,Uralla.csv
Total,425.503,7.1,Uralla.csv
Born in Oceania and Antarctica (excluding Australia) (%),746.46,1.1,WaggaWagga.csv
Born in North-West Europe (%),1357.2,2,WaggaWagga.csv
Born in Southern and Eastern Europe (%),271.44,0.4,WaggaWagga.csv
Born in North Africa and the Middle East (%),1221.48,1.8,WaggaWagga.csv
Born in South-East Asia (%),1085.76,1.6,WaggaWagga.csv
Born in North-East Asia (%),475.02,0.7,WaggaWagga.csv
Born in Southern and Central Asia (%),1628.64,2.4,WaggaWagga.csv
Born in Americas (%),271.44,0.4,WaggaWagga.csv
Born in Sub-Saharan Africa (%),542.88,0.8,WaggaWagga.csv
Total,7600.32,11.2,WaggaWagga.csv
Born in Oceania and Antarctica (excluding Australia) (%),39.234,1.3,Walcha.csv
Born in North-West Europe (%),78.468,2.6,Walcha.csv
Born in Southern and Eastern Europe (%),6.036,0.2,Walcha.csv
Born in North Africa and the Middle East (%),3.018,0.1,Walcha.csv
Born in South-East Asia (%),6.036,0.2,Walcha.csv
Born in North-East Asia (%),3.018,0.1,Walcha.csv
Born in Southern and Central Asia (%),3.018,0.1,Walcha.csv
Born in Americas (%),3.018,0.1,Walcha.csv
Born in Sub-Saharan Africa (%),12.072,0.4,Walcha.csv
Total,153.918,5.1,Walcha.csv
Born in Oceania and Antarctica (excluding Australia) (%),55.9,1,Walgett.csv
Born in North-West Europe (%),150.93,2.7,Walgett.csv
Born in Southern and Eastern Europe (%),106.21,1.9,Walgett.csv
Born in North Africa and the Middle East (%),5.59,0.1,Walgett.csv
Born in South-East Asia (%),55.9,1,Walgett.csv
Born in North-East Asia (%),16.77,0.3,Walgett.csv
Born in Southern and Central Asia (%),39.13,0.7,Walgett.csv
Born in Americas (%),27.95,0.5,Walgett.csv
Born in Sub-Saharan Africa (%),11.18,0.2,Walgett.csv
Total,469.56,8.4,Walgett.csv
Born in Oceania and Antarctica (excluding Australia) (%),18.102,0.7,Warren.csv
Born in North-West Europe (%),36.204,1.4,Warren.csv
Born in Southern and Eastern Europe (%),10.344,0.4,Warren.csv
Born in North Africa and the Middle East (%),10.344,0.4,Warren.csv
Born in South-East Asia (%),25.86,1,Warren.csv
Born in North-East Asia (%),10.344,0.4,Warren.csv
Born in Southern and Central Asia (%),10.344,0.4,Warren.csv
Born in Americas (%),7.758,0.3,Warren.csv
Born in Sub-Saharan Africa (%),10.344,0.4,Warren.csv
Total,139.644,5.4,Warren.csv
Born in Oceania and Antarctica (excluding Australia) (%),74.032,0.8,WarrumbungleShire.csv
Born in North-West Europe (%),268.366,2.9,WarrumbungleShire.csv
Born in Southern and Eastern Europe (%),27.762,0.3,WarrumbungleShire.csv
Born in North Africa and the Middle East (%),0,0,WarrumbungleShire.csv
Born in South-East Asia (%),55.524,0.6,WarrumbungleShire.csv
Born in North-East Asia (%),18.508,0.2,WarrumbungleShire.csv
Born in Southern and Central Asia (%),37.016,0.4,WarrumbungleShire.csv
Born in Americas (%),27.762,0.3,WarrumbungleShire.csv
Born in Sub-Saharan Africa (%),27.762,0.3,WarrumbungleShire.csv
Total,536.732,5.8,WarrumbungleShire.csv
Born in Oceania and Antarctica (excluding Australia) (%),1734.7,2.5,Waverley.csv
Born in North-West Europe (%),9922.484,14.3,Waverley.csv
Born in Southern and Eastern Europe (%),4163.28,6,Waverley.csv
Born in North Africa and the Middle East (%),1318.372,1.9,Waverley.csv
Born in South-East Asia (%),1457.148,2.1,Waverley.csv
Born in North-East Asia (%),1665.312,2.4,Waverley.csv
Born in Southern and Central Asia (%),555.104,0.8,Waverley.csv
Born in Americas (%),4440.832,6.4,Waverley.csv
Born in Sub-Saharan Africa (%),3400.012,4.9,Waverley.csv
Total,28657.244,41.3,Waverley.csv
Born in Oceania and Antarctica (excluding Australia) (%),21.534,0.6,Weddin.csv
Born in North-West Europe (%),89.725,2.5,Weddin.csv
Born in Southern and Eastern Europe (%),21.534,0.6,Weddin.csv
Born in North Africa and the Middle East (%),7.178,0.2,Weddin.csv
Born in South-East Asia (%),21.534,0.6,Weddin.csv
Born in North-East Asia (%),10.767,0.3,Weddin.csv
Born in Southern and Central Asia (%),10.767,0.3,Weddin.csv
Born in Americas (%),17.945,0.5,Weddin.csv
Born in Sub-Saharan Africa (%),7.178,0.2,Weddin.csv
Total,208.162,5.8,Weddin.csv
Born in Oceania and Antarctica (excluding Australia) (%),112.305,1.5,Wentworth.csv
Born in North-West Europe (%),134.766,1.8,Wentworth.csv
Born in Southern and Eastern Europe (%),59.896,0.8,Wentworth.csv
Born in North Africa and the Middle East (%),7.487,0.1,Wentworth.csv
Born in South-East Asia (%),74.87,1,Wentworth.csv
Born in North-East Asia (%),7.487,0.1,Wentworth.csv
Born in Southern and Central Asia (%),22.461,0.3,Wentworth.csv
Born in Americas (%),14.974,0.2,Wentworth.csv
Born in Sub-Saharan Africa (%),14.974,0.2,Wentworth.csv
Total,449.22,6,Wentworth.csv
Born in Oceania and Antarctica (excluding Australia) (%),1748.782,2.3,Willoughby.csv
Born in North-West Europe (%),4257.904,5.6,Willoughby.csv
Born in Southern and Eastern Europe (%),1824.816,2.4,Willoughby.csv
Born in North Africa and the Middle East (%),1596.714,2.1,Willoughby.csv
Born in South-East Asia (%),4790.142,6.3,Willoughby.csv
Born in North-East Asia (%),15130.766,19.9,Willoughby.csv
Born in Southern and Central Asia (%),3345.496,4.4,Willoughby.csv
Born in Americas (%),1672.748,2.2,Willoughby.csv
Born in Sub-Saharan Africa (%),988.442,1.3,Willoughby.csv
Total,35355.81,46.5,Willoughby.csv
Born in Oceania and Antarctica (excluding Australia) (%),944.208,1.8,Wingecarribee.csv
Born in North-West Europe (%),4301.392,8.2,Wingecarribee.csv
Born in Southern and Eastern Europe (%),839.296,1.6,Wingecarribee.csv
Born in North Africa and the Middle East (%),209.824,0.4,Wingecarribee.csv
Born in South-East Asia (%),629.472,1.2,Wingecarribee.csv
Born in North-East Asia (%),419.648,0.8,Wingecarribee.csv
Born in Southern and Central Asia (%),944.208,1.8,Wingecarribee.csv
Born in Americas (%),629.472,1.2,Wingecarribee.csv
Born in Sub-Saharan Africa (%),472.104,0.9,Wingecarribee.csv
Total,9389.624,17.9,Wingecarribee.csv
Born in Oceania and Antarctica (excluding Australia) (%),650.112,1.2,Wollondilly.csv
Born in North-West Europe (%),2762.976,5.1,Wollondilly.csv
Born in Southern and Eastern Europe (%),920.992,1.7,Wollondilly.csv
Born in North Africa and the Middle East (%),325.056,0.6,Wollondilly.csv
Born in South-East Asia (%),379.232,0.7,Wollondilly.csv
Born in North-East Asia (%),162.528,0.3,Wollondilly.csv
Born in Southern and Central Asia (%),162.528,0.3,Wollondilly.csv
Born in Americas (%),379.232,0.7,Wollondilly.csv
Born in Sub-Saharan Africa (%),270.88,0.5,Wollondilly.csv
Total,6013.536,11.1,Wollondilly.csv
Born in Oceania and Antarctica (excluding Australia) (%),2790.541,1.3,Wollongong.csv
Born in North-West Europe (%),13094.077,6.1,Wollongong.csv
Born in Southern and Eastern Europe (%),10732.85,5,Wollongong.csv
Born in North Africa and the Middle East (%),3434.512,1.6,Wollongong.csv
Born in South-East Asia (%),4293.14,2,Wollongong.csv
Born in North-East Asia (%),2790.541,1.3,Wollongong.csv
Born in Southern and Central Asia (%),3649.169,1.7,Wollongong.csv
Born in Americas (%),2790.541,1.3,Wollongong.csv
Born in Sub-Saharan Africa (%),1717.256,0.8,Wollongong.csv
Total,45292.627,21.1,Wollongong.csv
Born in Oceania and Antarctica (excluding Australia) (%),1616.73,3,Woollahra.csv
Born in North-West Europe (%),5442.991,10.1,Woollahra.csv
Born in Southern and Eastern Europe (%),2209.531,4.1,Woollahra.csv
Born in North Africa and the Middle East (%),916.147,1.7,Woollahra.csv
Born in South-East Asia (%),1347.275,2.5,Woollahra.csv
Born in North-East Asia (%),2047.858,3.8,Woollahra.csv
Born in Southern and Central Asia (%),485.019,0.9,Woollahra.csv
Born in Americas (%),1940.076,3.6,Woollahra.csv
Born in Sub-Saharan Africa (%),2425.095,4.5,Woollahra.csv
Total,18430.722,34.2,Woollahra.csv
Born in Oceania and Antarctica (excluding Australia) (%),206.808,1.2,YassValley.csv
Born in North-West Europe (%),913.402,5.3,YassValley.csv
Born in Southern and Eastern Europe (%),155.106,0.9,YassValley.csv
Born in North Africa and the Middle East (%),51.702,0.3,YassValley.csv
Born in South-East Asia (%),137.872,0.8,YassValley.csv
Born in North-East Asia (%),51.702,0.3,YassValley.csv
Born in Southern and Central Asia (%),103.404,0.6,YassValley.csv
Born in Americas (%),155.106,0.9,YassValley.csv
Born in Sub-Saharan Africa (%),103.404,0.6,YassValley.csv
Total,1878.506,10.9,YassValley.csv
Born in Oceania and Antarctica (excluding Australia) (%),112.305,1.5,Cooma-Monaro.csv
Born in North-West Europe (%),134.766,1.8,Cooma-Monaro.csv
Born in Southern and Eastern Europe (%),59.896,0.8,Cooma-Monaro.csv
Born in North Africa and the Middle East (%),7.487,0.1,Cooma-Monaro.csv
Born in South-East Asia (%),74.87,1,Cooma-Monaro.csv
Born in North-East Asia (%),7.487,0.1,Cooma-Monaro.csv
Born in Southern and Central Asia (%),22.461,7.5,Cooma-Monaro.csv
Born in Americas (%),14.974,0.2,Cooma-Monaro.csv
Born in Sub-Saharan Africa (%),14.974,0.2,Cooma-Monaro.csv
Total,452.22,13.2,Cooma-Monaro.csv
Born in Oceania and Antarctica (excluding Australia) (%),186.226,1.2,Gosford.csv
Born in North-West Europe (%),123.24,5.3,Gosford.csv
Born in Southern and Eastern Europe (%),123.64,2.3,Gosford.csv
Born in North Africa and the Middle East (%),95.123,7.1,Gosford.csv
Born in South-East Asia (%),22.34,8.1,Gosford.csv
Born in North-East Asia (%),72.89,0.3,Gosford.csv
Born in Southern and Central Asia (%),202.22,8.3,Gosford.csv
Born in Americas (%),5.23,0.5,Gosford.csv
Born in Sub-Saharan Africa (%),103.404,3.2,Gosford.csv
Total,1878.506,19.2,Gosford.csv
Born in Oceania and Antarctica (excluding Australia) (%),119.23,3.2,Gundagai.csv
Born in North-West Europe (%),71.34,1.6,Gundagai.csv
Born in Southern and Eastern Europe (%),92.12,2.9,Gundagai.csv
Born in North Africa and the Middle East (%),22.34,0.6,Gundagai.csv
Born in South-East Asia (%),62.11,0.6,Gundagai.csv
Born in North-East Asia (%),182.12,5.5,Gundagai.csv
Born in Southern and Central Asia (%),92.12,0.7,Gundagai.csv
Born in Americas (%),33.33,0.2,Gundagai.csv
Born in Sub-Saharan Africa (%),23.67,0.1,Gundagai.csv
Total,698.38,15.4,Gundagai.csv
Born in Oceania and Antarctica (excluding Australia) (%),206.808,1.2,Mid-WesternRegional.csv
Born in North-West Europe (%),913.402,8.2,Mid-WesternRegional.csv
Born in Southern and Eastern Europe (%),155.106,3.9,Mid-WesternRegional.csv
Born in North Africa and the Middle East (%),151.702,2.3,Mid-WesternRegional.csv
Born in South-East Asia (%),137.872,0.8,Mid-WesternRegional.csv
Born in North-East Asia (%),51.702,0.3,Mid-WesternRegional.csv
Born in Southern and Central Asia (%),103.404,0.6,Mid-WesternRegional.csv
Born in Americas (%),255.106,0.9,Mid-WesternRegional.csv
Born in Sub-Saharan Africa (%),103.404,0.6,Mid-WesternRegional.csv
Total,2013.412,18.5,Mid-WesternRegional.csv
