ethnicGroup,ethnicPopulation,ethnicPercentage,FileName
Born in Oceania and Antarctica (excluding Australia) (%),124.848,1.8,BreakO'Day.csv
Born in North-West Europe (%),534.072,7.7,BreakO'Day.csv
Born in Southern and Eastern Europe (%),20.808,0.3,BreakO'Day.csv
Born in North Africa and the Middle East (%),6.936,0.1,BreakO'Day.csv
Born in South-East Asia (%),69.36,1.0,BreakO'Day.csv
Born in North-East Asia (%),13.872,0.2,BreakO'Day.csv
Born in Southern and Central Asia (%),34.68,0.5,BreakO'Day.csv
Born in Americas (%),55.488,0.8,BreakO'Day.csv
Born in Sub-Saharan Africa (%),34.68,0.5,BreakO'Day.csv
Total,894.7439999999999,12.9,BreakO'Day.csv
Born in Oceania and Antarctica (excluding Australia) (%),115.578,0.6,Brighton.csv
Born in North-West Europe (%),443.049,2.3,Brighton.csv
Born in Southern and Eastern Europe (%),77.052,0.4,Brighton.csv
Born in North Africa and the Middle East (%),19.263,0.1,Brighton.csv
Born in South-East Asia (%),154.104,0.8,Brighton.csv
Born in North-East Asia (%),57.789,0.3,Brighton.csv
Born in Southern and Central Asia (%),173.367,0.9,Brighton.csv
Born in Americas (%),77.052,0.4,Brighton.csv
Born in Sub-Saharan Africa (%),77.052,0.4,Brighton.csv
Total,1194.3059999999998,6.200000000000001,Brighton.csv
Born in Oceania and Antarctica (excluding Australia) (%),224.851,1.1,Burnie.csv
Born in North-West Europe (%),776.758,3.8,Burnie.csv
Born in Southern and Eastern Europe (%),102.205,0.5,Burnie.csv
Born in North Africa and the Middle East (%),61.323,0.3,Burnie.csv
Born in South-East Asia (%),204.41,1.0,Burnie.csv
Born in North-East Asia (%),122.646,0.6,Burnie.csv
Born in Southern and Central Asia (%),347.497,1.7,Burnie.csv
Born in Americas (%),102.205,0.5,Burnie.csv
Born in Sub-Saharan Africa (%),122.646,0.6,Burnie.csv
Total,2064.541,10.1,Burnie.csv
Born in Oceania and Antarctica (excluding Australia) (%),256.058,1.1,CentralCoast.csv
Born in North-West Europe (%),1257.012,5.4,CentralCoast.csv
Born in Southern and Eastern Europe (%),93.112,0.4,CentralCoast.csv
Born in North Africa and the Middle East (%),23.278,0.1,CentralCoast.csv
Born in South-East Asia (%),162.946,0.7,CentralCoast.csv
Born in North-East Asia (%),93.112,0.4,CentralCoast.csv
Born in Southern and Central Asia (%),139.668,0.6,CentralCoast.csv
Born in Americas (%),116.39,0.5,CentralCoast.csv
Born in Sub-Saharan Africa (%),93.112,0.4,CentralCoast.csv
Total,2234.688,9.6,CentralCoast.csv
Born in Oceania and Antarctica (excluding Australia) (%),33.54,1.3,CentralHighlands.csv
Born in North-West Europe (%),134.16,5.2,CentralHighlands.csv
Born in Southern and Eastern Europe (%),15.48,0.6,CentralHighlands.csv
Born in South-East Asia (%),20.64,0.8,CentralHighlands.csv
Born in North-East Asia (%),12.9,0.5,CentralHighlands.csv
Born in Southern and Central Asia (%),25.8,1.0,CentralHighlands.csv
Born in Americas (%),10.32,0.4,CentralHighlands.csv
Born in Sub-Saharan Africa (%),5.16,0.2,CentralHighlands.csv
Total,258.0,10.0,CentralHighlands.csv
Born in Oceania and Antarctica (excluding Australia) (%),250.05,3.0,CircularHead.csv
Born in North-West Europe (%),258.385,3.1,CircularHead.csv
Born in Southern and Eastern Europe (%),16.67,0.2,CircularHead.csv
Born in North Africa and the Middle East (%),0.0,0.0,CircularHead.csv
Born in South-East Asia (%),50.01,0.6,CircularHead.csv
Born in North-East Asia (%),41.675,0.5,CircularHead.csv
Born in Southern and Central Asia (%),175.035,2.1,CircularHead.csv
Born in Americas (%),41.675,0.5,CircularHead.csv
Born in Sub-Saharan Africa (%),33.34,0.4,CircularHead.csv
Total,866.84,10.4,CircularHead.csv
Born in Oceania and Antarctica (excluding Australia) (%),561.564,0.9,Clarence.csv
Born in North-West Europe (%),3057.404,4.9,Clarence.csv
Born in Southern and Eastern Europe (%),436.772,0.7,Clarence.csv
Born in North Africa and the Middle East (%),124.792,0.2,Clarence.csv
Born in South-East Asia (%),811.148,1.3,Clarence.csv
Born in North-East Asia (%),1123.128,1.8,Clarence.csv
Born in Southern and Central Asia (%),1747.088,2.8,Clarence.csv
Born in Americas (%),623.96,1.0,Clarence.csv
Born in Sub-Saharan Africa (%),436.772,0.7,Clarence.csv
Total,8922.628,14.3,Clarence.csv
Born in Oceania and Antarctica (excluding Australia) (%),111.14,1.0,DerwentValley.csv
Born in North-West Europe (%),477.902,4.3,DerwentValley.csv
Born in Southern and Eastern Europe (%),55.57,0.5,DerwentValley.csv
Born in North Africa and the Middle East (%),11.114,0.1,DerwentValley.csv
Born in South-East Asia (%),44.456,0.4,DerwentValley.csv
Born in North-East Asia (%),33.342,0.3,DerwentValley.csv
Born in Southern and Central Asia (%),44.456,0.4,DerwentValley.csv
Born in Americas (%),55.57,0.5,DerwentValley.csv
Born in Sub-Saharan Africa (%),22.228,0.2,DerwentValley.csv
Total,855.7779999999999,7.7,DerwentValley.csv
Born in Oceania and Antarctica (excluding Australia) (%),349.986,1.3,Devonport.csv
Born in North-West Europe (%),1157.646,4.3,Devonport.csv
Born in Southern and Eastern Europe (%),107.688,0.4,Devonport.csv
Born in North Africa and the Middle East (%),26.922,0.1,Devonport.csv
Born in South-East Asia (%),323.064,1.2,Devonport.csv
Born in North-East Asia (%),296.142,1.1,Devonport.csv
Born in Southern and Central Asia (%),484.596,1.8,Devonport.csv
Born in Americas (%),134.61,0.5,Devonport.csv
Born in Sub-Saharan Africa (%),107.688,0.4,Devonport.csv
Total,2988.3420000000006,11.1,Devonport.csv
Born in Oceania and Antarctica (excluding Australia) (%),104.865,1.5,Dorset.csv
Born in North-West Europe (%),314.595,4.5,Dorset.csv
Born in Southern and Eastern Europe (%),27.964,0.4,Dorset.csv
Born in North Africa and the Middle East (%),6.991,0.1,Dorset.csv
Born in South-East Asia (%),27.964,0.4,Dorset.csv
Born in North-East Asia (%),20.973,0.3,Dorset.csv
Born in Southern and Central Asia (%),55.928,0.8,Dorset.csv
Born in Americas (%),41.946,0.6,Dorset.csv
Born in Sub-Saharan Africa (%),27.964,0.4,Dorset.csv
Total,629.19,9.0,Dorset.csv
Born in Oceania and Antarctica (excluding Australia) (%),15.946,1.7,Flinders.csv
Born in North-West Europe (%),50.652,5.4,Flinders.csv
Born in Southern and Eastern Europe (%),7.504,0.8,Flinders.csv
Born in South-East Asia (%),10.318,1.1,Flinders.csv
Born in Americas (%),4.69,0.5,Flinders.csv
Born in Sub-Saharan Africa (%),0.0,0.0,Flinders.csv
Total born overseas (%),90.986,9.7,Flinders.csv
Buddhism (%),7.504,0.8,Flinders.csv
Total,187.60000000000002,20.0,Flinders.csv
Born in Oceania and Antarctica (excluding Australia) (%),108.195,1.5,GeorgeTown.csv
Born in North-West Europe (%),497.697,6.9,GeorgeTown.csv
Born in Southern and Eastern Europe (%),43.278,0.6,GeorgeTown.csv
Born in North Africa and the Middle East (%),14.426,0.2,GeorgeTown.csv
Born in South-East Asia (%),43.278,0.6,GeorgeTown.csv
Born in North-East Asia (%),14.426,0.2,GeorgeTown.csv
Born in Southern and Central Asia (%),57.704,0.8,GeorgeTown.csv
Born in Americas (%),36.065,0.5,GeorgeTown.csv
Born in Sub-Saharan Africa (%),21.639,0.3,GeorgeTown.csv
Total,836.708,11.600000000000001,GeorgeTown.csv
Born in Oceania and Antarctica (excluding Australia) (%),61.416,1.2,Glamorgan-SpringBay.csv
Born in North-West Europe (%),327.552,6.4,Glamorgan-SpringBay.csv
Born in Southern and Eastern Europe (%),35.826,0.7,Glamorgan-SpringBay.csv
Born in North Africa and the Middle East (%),5.118,0.1,Glamorgan-SpringBay.csv
Born in South-East Asia (%),51.18,1.0,Glamorgan-SpringBay.csv
Born in North-East Asia (%),61.416,1.2,Glamorgan-SpringBay.csv
Born in Southern and Central Asia (%),143.304,2.8,Glamorgan-SpringBay.csv
Born in Americas (%),51.18,1.0,Glamorgan-SpringBay.csv
Born in Sub-Saharan Africa (%),20.472,0.4,Glamorgan-SpringBay.csv
Total,757.464,14.8,Glamorgan-SpringBay.csv
Born in Oceania and Antarctica (excluding Australia) (%),358.631,0.7,Glenorchy.csv
Born in North-West Europe (%),1639.456,3.2,Glenorchy.csv
Born in Southern and Eastern Europe (%),614.796,1.2,Glenorchy.csv
Born in North Africa and the Middle East (%),358.631,0.7,Glenorchy.csv
Born in South-East Asia (%),1229.592,2.4,Glenorchy.csv
Born in North-East Asia (%),819.728,1.6,Glenorchy.csv
Born in Southern and Central Asia (%),5123.3,10.0,Glenorchy.csv
Born in Americas (%),358.631,0.7,Glenorchy.csv
Born in Sub-Saharan Africa (%),563.563,1.1,Glenorchy.csv
Total,11066.328,21.6,Glenorchy.csv
Born in Oceania and Antarctica (excluding Australia) (%),729.092,1.3,Hobart.csv
Born in North-West Europe (%),3533.292,6.3,Hobart.csv
Born in Southern and Eastern Europe (%),897.344,1.6,Hobart.csv
Born in North Africa and the Middle East (%),448.672,0.8,Hobart.csv
Born in South-East Asia (%),1626.436,2.9,Hobart.csv
Born in North-East Asia (%),3925.88,7.0,Hobart.csv
Born in Southern and Central Asia (%),3028.536,5.4,Hobart.csv
Born in Americas (%),1065.596,1.9,Hobart.csv
Born in Sub-Saharan Africa (%),673.008,1.2,Hobart.csv
Total,15927.856,28.400000000000002,Hobart.csv
Born in Oceania and Antarctica (excluding Australia) (%),300.944,1.6,HuonValley.csv
Born in North-West Europe (%),1636.383,8.7,HuonValley.csv
Born in Southern and Eastern Europe (%),112.854,0.6,HuonValley.csv
Born in North Africa and the Middle East (%),18.809,0.1,HuonValley.csv
Born in South-East Asia (%),131.663,0.7,HuonValley.csv
Born in North-East Asia (%),131.663,0.7,HuonValley.csv
Born in Southern and Central Asia (%),94.045,0.5,HuonValley.csv
Born in Americas (%),244.517,1.3,HuonValley.csv
Born in Sub-Saharan Africa (%),131.663,0.7,HuonValley.csv
Total,2802.5409999999997,14.899999999999999,HuonValley.csv
Born in Oceania and Antarctica (excluding Australia) (%),88.114,1.3,Kentish.csv
Born in North-West Europe (%),467.682,6.9,Kentish.csv
Born in Southern and Eastern Europe (%),40.668,0.6,Kentish.csv
Born in North Africa and the Middle East (%),6.778,0.1,Kentish.csv
Born in South-East Asia (%),61.002,0.9,Kentish.csv
Born in North-East Asia (%),33.89,0.5,Kentish.csv
Born in Southern and Central Asia (%),67.78,1.0,Kentish.csv
Born in Americas (%),40.668,0.6,Kentish.csv
Born in Sub-Saharan Africa (%),27.112,0.4,Kentish.csv
Total,833.6940000000001,12.3,Kentish.csv
Born in Oceania and Antarctica (excluding Australia) (%),530.595,1.3,Kingborough.csv
Born in North-West Europe (%),3469.275,8.5,Kingborough.csv
Born in Southern and Eastern Europe (%),326.52,0.8,Kingborough.csv
Born in North Africa and the Middle East (%),163.26,0.4,Kingborough.csv
Born in South-East Asia (%),612.225,1.5,Kingborough.csv
Born in North-East Asia (%),1510.155,3.7,Kingborough.csv
Born in Southern and Central Asia (%),775.485,1.9,Kingborough.csv
Born in Americas (%),653.04,1.6,Kingborough.csv
Born in Sub-Saharan Africa (%),612.225,1.5,Kingborough.csv
Total,8652.78,21.2,Kingborough.csv
Born in Oceania and Antarctica (excluding Australia) (%),36.388,2.2,KingIsland.csv
Born in North-West Europe (%),67.814,4.1,KingIsland.csv
Born in Southern and Eastern Europe (%),8.27,0.5,KingIsland.csv
Born in South-East Asia (%),36.388,2.2,KingIsland.csv
Born in North-East Asia (%),3.308,0.2,KingIsland.csv
Born in Southern and Central Asia (%),24.81,1.5,KingIsland.csv
Born in Americas (%),13.232,0.8,KingIsland.csv
Born in Sub-Saharan Africa (%),19.848,1.2,KingIsland.csv
Total,210.058,12.7,KingIsland.csv
Born in Oceania and Antarctica (excluding Australia) (%),165.165,1.3,Latrobe.csv
Born in North-West Europe (%),736.89,5.8,Latrobe.csv
Born in Southern and Eastern Europe (%),38.115,0.3,Latrobe.csv
Born in North Africa and the Middle East (%),25.41,0.2,Latrobe.csv
Born in South-East Asia (%),88.935,0.7,Latrobe.csv
Born in North-East Asia (%),38.115,0.3,Latrobe.csv
Born in Southern and Central Asia (%),88.935,0.7,Latrobe.csv
Born in Americas (%),38.115,0.3,Latrobe.csv
Born in Sub-Saharan Africa (%),63.525,0.5,Latrobe.csv
Total,1283.205,10.1,Latrobe.csv
Born in Oceania and Antarctica (excluding Australia) (%),719.06,1.0,Launceston.csv
Born in North-West Europe (%),2948.146,4.1,Launceston.csv
Born in Southern and Eastern Europe (%),359.53,0.5,Launceston.csv
Born in North Africa and the Middle East (%),431.436,0.6,Launceston.csv
Born in South-East Asia (%),1366.214,1.9,Launceston.csv
Born in North-East Asia (%),1006.684,1.4,Launceston.csv
Born in Southern and Central Asia (%),3595.3,5.0,Launceston.csv
Born in Americas (%),503.342,0.7,Launceston.csv
Born in Sub-Saharan Africa (%),575.248,0.8,Launceston.csv
Total,11504.96,16.0,Launceston.csv
Born in Oceania and Antarctica (excluding Australia) (%),274.989,1.3,MeanderValley.csv
Born in North-West Europe (%),1205.721,5.7,MeanderValley.csv
Born in Southern and Eastern Europe (%),126.918,0.6,MeanderValley.csv
Born in North Africa and the Middle East (%),42.306,0.2,MeanderValley.csv
Born in South-East Asia (%),274.989,1.3,MeanderValley.csv
Born in North-East Asia (%),84.612,0.4,MeanderValley.csv
Born in Southern and Central Asia (%),169.224,0.8,MeanderValley.csv
Born in Americas (%),148.071,0.7,MeanderValley.csv
Born in Sub-Saharan Africa (%),126.918,0.6,MeanderValley.csv
Total,2453.748,11.6,MeanderValley.csv
Born in Oceania and Antarctica (excluding Australia) (%),196.42,1.4,NorthernMidlands.csv
Born in North-West Europe (%),715.53,5.1,NorthernMidlands.csv
Born in Southern and Eastern Europe (%),42.09,0.3,NorthernMidlands.csv
Born in North Africa and the Middle East (%),14.03,0.1,NorthernMidlands.csv
Born in South-East Asia (%),84.18,0.6,NorthernMidlands.csv
Born in North-East Asia (%),56.12,0.4,NorthernMidlands.csv
Born in Southern and Central Asia (%),70.15,0.5,NorthernMidlands.csv
Born in Americas (%),56.12,0.4,NorthernMidlands.csv
Born in Sub-Saharan Africa (%),56.12,0.4,NorthernMidlands.csv
Total,1290.7599999999998,9.200000000000001,NorthernMidlands.csv
Born in Oceania and Antarctica (excluding Australia) (%),203.7,1.2,Sorell.csv
Born in North-West Europe (%),848.75,5.0,Sorell.csv
Born in Southern and Eastern Europe (%),84.875,0.5,Sorell.csv
Born in North Africa and the Middle East (%),16.975,0.1,Sorell.csv
Born in South-East Asia (%),135.8,0.8,Sorell.csv
Born in North-East Asia (%),84.875,0.5,Sorell.csv
Born in Southern and Central Asia (%),152.775,0.9,Sorell.csv
Born in Americas (%),118.825,0.7,Sorell.csv
Born in Sub-Saharan Africa (%),84.875,0.5,Sorell.csv
Total,1731.45,10.2,Sorell.csv
Born in Oceania and Antarctica (excluding Australia) (%),54.704,0.8,SouthernMidlands.csv
Born in North-West Europe (%),246.168,3.6,SouthernMidlands.csv
Born in Southern and Eastern Europe (%),20.514,0.3,SouthernMidlands.csv
Born in South-East Asia (%),20.514,0.3,SouthernMidlands.csv
Born in North-East Asia (%),13.676,0.2,SouthernMidlands.csv
Born in Southern and Central Asia (%),6.838,0.1,SouthernMidlands.csv
Born in Americas (%),20.514,0.3,SouthernMidlands.csv
Born in Sub-Saharan Africa (%),27.352,0.4,SouthernMidlands.csv
Total,410.28000000000003,6.0,SouthernMidlands.csv
Born in Oceania and Antarctica (excluding Australia) (%),50.217,1.9,Tasman.csv
Born in North-West Europe (%),187.653,7.1,Tasman.csv
Born in Southern and Eastern Europe (%),18.501,0.7,Tasman.csv
Born in South-East Asia (%),26.43,1.0,Tasman.csv
Born in North-East Asia (%),5.286,0.2,Tasman.csv
Born in Southern and Central Asia (%),10.572,0.4,Tasman.csv
Born in Americas (%),31.716,1.2,Tasman.csv
Born in Sub-Saharan Africa (%),18.501,0.7,Tasman.csv
Total,348.876,13.2,Tasman.csv
Born in Oceania and Antarctica (excluding Australia) (%),204.974,1.4,Waratah-Wynyard.csv
Born in North-West Europe (%),819.896,5.6,Waratah-Wynyard.csv
Born in Southern and Eastern Europe (%),73.205,0.5,Waratah-Wynyard.csv
Born in North Africa and the Middle East (%),14.641,0.1,Waratah-Wynyard.csv
Born in South-East Asia (%),87.846,0.6,Waratah-Wynyard.csv
Born in North-East Asia (%),29.282,0.2,Waratah-Wynyard.csv
Born in Southern and Central Asia (%),73.205,0.5,Waratah-Wynyard.csv
Born in Americas (%),73.205,0.5,Waratah-Wynyard.csv
Born in Sub-Saharan Africa (%),58.564,0.4,Waratah-Wynyard.csv
Total,1434.818,9.8,Waratah-Wynyard.csv
Born in Oceania and Antarctica (excluding Australia) (%),78.714,1.8,WestCoast.csv
Born in North-West Europe (%),201.158,4.6,WestCoast.csv
Born in Southern and Eastern Europe (%),21.865,0.5,WestCoast.csv
Born in North Africa and the Middle East (%),4.373,0.1,WestCoast.csv
Born in South-East Asia (%),43.73,1.0,WestCoast.csv
Born in North-East Asia (%),4.373,0.1,WestCoast.csv
Born in Southern and Central Asia (%),48.103,1.1,WestCoast.csv
Born in Americas (%),26.238,0.6,WestCoast.csv
Born in Sub-Saharan Africa (%),52.476,1.2,WestCoast.csv
Total,481.03,10.999999999999998,WestCoast.csv
Born in Oceania and Antarctica (excluding Australia) (%),334.711,1.3,WestTamar.csv
Born in North-West Europe (%),1982.519,7.7,WestTamar.csv
Born in Southern and Eastern Europe (%),154.482,0.6,WestTamar.csv
Born in North Africa and the Middle East (%),77.241,0.3,WestTamar.csv
Born in South-East Asia (%),257.47,1.0,WestTamar.csv
Born in North-East Asia (%),205.976,0.8,WestTamar.csv
Born in Southern and Central Asia (%),463.446,1.8,WestTamar.csv
Born in Americas (%),205.976,0.8,WestTamar.csv
Born in Sub-Saharan Africa (%),283.217,1.1,WestTamar.csv
Total,3965.038,15.4,WestTamar.csv
