ethnicGroup,ethnicPopulation,ethnicPercentage,FileName,,,
Born in Oceania and Antarctica (excluding Australia) (%),184.184,1.4,Alpine.csv,,,
Born in North-West Europe (%),828.828,6.3,Alpine.csv,,,
Born in Southern and Eastern Europe (%),342.056,2.6,Alpine.csv,,,
Born in North Africa and the Middle East (%),13.156,0.1,Alpine.csv,,,
Born in South-East Asia (%),184.184,1.4,Alpine.csv,,,
Born in North-East Asia (%),52.624,0.4,Alpine.csv,,,
Born in Southern and Central Asia (%),78.936,0.6,Alpine.csv,,,
Born in Americas (%),131.56,1,Alpine.csv,,,
Born in Sub-Saharan Africa (%),52.624,0.4,Alpine.csv,,,
,1868.152,14.2,Alpine.csv,,,
Total,3736.304,28.4,Alpine.csv,,,
Born in Oceania and Antarctica (excluding Australia) (%),248.241,2.1,Ararat.csv,,,
Born in North-West Europe (%),390.093,3.3,Ararat.csv,,,
Born in Southern and Eastern Europe (%),106.389,0.9,Ararat.csv,,,
Born in North Africa and the Middle East (%),47.284,0.4,Ararat.csv,,,
Born in South-East Asia (%),153.673,1.3,Ararat.csv,,,
Born in North-East Asia (%),94.568,0.8,Ararat.csv,,,
Born in Southern and Central Asia (%),200.957,1.7,Ararat.csv,,,
Born in Americas (%),47.284,0.4,Ararat.csv,,,
Born in Sub-Saharan Africa (%),35.463,0.3,Ararat.csv,,,
Total,1323.952,11.2,Ararat.csv,,,
Born in Oceania and Antarctica (excluding Australia) (%),1134.82,1,Ballarat.csv,,,
Born in North-West Europe (%),4198.834,3.7,Ballarat.csv,,,
Born in Southern and Eastern Europe (%),794.374,0.7,Ballarat.csv,,,
Born in North Africa and the Middle East (%),340.446,0.3,Ballarat.csv,,,
Born in South-East Asia (%),1475.266,1.3,Ballarat.csv,,,
Born in North-East Asia (%),1021.338,0.9,Ballarat.csv,,,
Born in Southern and Central Asia (%),2610.086,2.3,Ballarat.csv,,,
Born in Americas (%),680.892,0.6,Ballarat.csv,,,
Born in Sub-Saharan Africa (%),680.892,0.6,Ballarat.csv,,,
Total,12936.948,11.4,Ballarat.csv,,,
Born in Oceania and Antarctica (excluding Australia) (%),1655.888,1.3,Banyule.csv,,,
Born in North-West Europe (%),5859.296,4.6,Banyule.csv,,,
Born in Southern and Eastern Europe (%),5731.92,4.5,Banyule.csv,,,
Born in North Africa and the Middle East (%),2038.016,1.6,Banyule.csv,,,
Born in South-East Asia (%),3821.28,3,Banyule.csv,,,
Born in North-East Asia (%),5095.04,4,Banyule.csv,,,
Born in Southern and Central Asia (%),3948.656,3.1,Banyule.csv,,,
Born in Americas (%),1401.136,1.1,Banyule.csv,,,
Born in Sub-Saharan Africa (%),1528.512,1.2,Banyule.csv,,,
Total,31079.744,24.4,Banyule.csv,,,
Born in Oceania and Antarctica (excluding Australia) (%),650.256,1.6,BassCoast.csv,,,
Born in North-West Europe (%),3251.28,8,BassCoast.csv,,,
Born in Southern and Eastern Europe (%),690.897,1.7,BassCoast.csv,,,
Born in North Africa and the Middle East (%),81.282,0.2,BassCoast.csv,,,
Born in South-East Asia (%),447.051,1.1,BassCoast.csv,,,
Born in North-East Asia (%),162.564,0.4,BassCoast.csv,,,
Born in Southern and Central Asia (%),365.769,0.9,BassCoast.csv,,,
Born in Americas (%),284.487,0.7,BassCoast.csv,,,
Born in Sub-Saharan Africa (%),243.846,0.6,BassCoast.csv,,,
Total,6177.432,15.2,BassCoast.csv,,,
Born in Oceania and Antarctica (excluding Australia) (%),748.54,1.3,BawBaw.csv,,,
Born in North-West Europe (%),3282.06,5.7,BawBaw.csv,,,
Born in Southern and Eastern Europe (%),633.38,1.1,BawBaw.csv,,,
Born in North Africa and the Middle East (%),115.16,0.2,BawBaw.csv,,,
Born in South-East Asia (%),518.22,0.9,BawBaw.csv,,,
Born in North-East Asia (%),345.48,0.6,BawBaw.csv,,,
Born in Southern and Central Asia (%),575.8,1,BawBaw.csv,,,
Born in Americas (%),287.9,0.5,BawBaw.csv,,,
Born in Sub-Saharan Africa (%),403.06,0.7,BawBaw.csv,,,
Total,6909.6,12,BawBaw.csv,,,
Born in Oceania and Antarctica (excluding Australia) (%),1944.403,1.9,Bayside.csv,,,
Born in North-West Europe (%),9824.352,9.6,Bayside.csv,,,
Born in Southern and Eastern Europe (%),4195.817,4.1,Bayside.csv,,,
Born in North Africa and the Middle East (%),1125.707,1.1,Bayside.csv,,,
Born in South-East Asia (%),1842.066,1.8,Bayside.csv,,,
Born in North-East Asia (%),3274.784,3.2,Bayside.csv,,,
Born in Southern and Central Asia (%),1535.055,1.5,Bayside.csv,,,
Born in Americas (%),1944.403,1.9,Bayside.csv,,,
Born in Sub-Saharan Africa (%),1842.066,1.8,Bayside.csv,,,
Total,27528.653,26.9,Bayside.csv,,,
Born in Oceania and Antarctica (excluding Australia) (%),129.879,0.9,Benalla.csv,,,
Born in North-West Europe (%),678.257,4.7,Benalla.csv,,,
Born in Southern and Eastern Europe (%),115.448,0.8,Benalla.csv,,,
Born in North Africa and the Middle East (%),28.862,0.2,Benalla.csv,,,
Born in South-East Asia (%),101.017,0.7,Benalla.csv,,,
Born in North-East Asia (%),43.293,0.3,Benalla.csv,,,
Born in Southern and Central Asia (%),158.741,1.1,Benalla.csv,,,
Born in Americas (%),57.724,0.4,Benalla.csv,,,
Born in Sub-Saharan Africa (%),43.293,0.3,Benalla.csv,,,
Total,1356.514,9.4,Benalla.csv,,,
Born in Oceania and Antarctica (excluding Australia) (%),2718.416,1.6,Boroondara.csv,,,
Born in North-West Europe (%),7815.446,4.6,Boroondara.csv,,,
Born in Southern and Eastern Europe (%),5097.03,3,Boroondara.csv,,,
Born in North Africa and the Middle East (%),2038.812,1.2,Boroondara.csv,,,
Born in South-East Asia (%),9174.654,5.4,Boroondara.csv,,,
Born in North-East Asia (%),17669.704,10.4,Boroondara.csv,,,
Born in Southern and Central Asia (%),6286.337,3.7,Boroondara.csv,,,
Born in Americas (%),2718.416,1.6,Boroondara.csv,,,
Born in Sub-Saharan Africa (%),1699.01,1,Boroondara.csv,,,
Total,55217.825,32.5,Boroondara.csv,,,
Born in Oceania and Antarctica (excluding Australia) (%),4524.376,2.3,Brimbank.csv,,,
Born in North-West Europe (%),3540.816,1.8,Brimbank.csv,,,
Born in Southern and Eastern Europe (%),20458.048,10.4,Brimbank.csv,,,
Born in North Africa and the Middle East (%),5901.36,3,Brimbank.csv,,,
Born in South-East Asia (%),37178.568,18.9,Brimbank.csv,,,
Born in North-East Asia (%),3147.392,1.6,Brimbank.csv,,,
Born in Southern and Central Asia (%),14163.264,7.2,Brimbank.csv,,,
Born in Americas (%),2557.256,1.3,Brimbank.csv,,,
Born in Sub-Saharan Africa (%),3147.392,1.6,Brimbank.csv,,,
Total,94618.472,48.1,Brimbank.csv,,,
Born in Oceania and Antarctica (excluding Australia) (%),55.17,0.9,Buloke.csv,,,
Born in North-West Europe (%),140.99,2.3,Buloke.csv,,,
Born in Southern and Eastern Europe (%),30.65,0.5,Buloke.csv,,,
Born in North Africa and the Middle East (%),6.13,0.1,Buloke.csv,,,
Born in South-East Asia (%),67.43,1.1,Buloke.csv,,,
Born in North-East Asia (%),12.26,0.2,Buloke.csv,,,
Born in Southern and Central Asia (%),49.04,0.8,Buloke.csv,,,
Born in Americas (%),12.26,0.2,Buloke.csv,,,
Born in Sub-Saharan Africa (%),24.52,0.4,Buloke.csv,,,
Total,398.45,6.5,Buloke.csv,,,
Born in Oceania and Antarctica (excluding Australia) (%),423.995,1.1,Campaspe.csv,,,
Born in North-West Europe (%),1079.26,2.8,Campaspe.csv,,,
Born in Southern and Eastern Europe (%),308.36,0.8,Campaspe.csv,,,
Born in North Africa and the Middle East (%),38.545,0.1,Campaspe.csv,,,
Born in South-East Asia (%),501.085,1.3,Campaspe.csv,,,
Born in North-East Asia (%),115.635,0.3,Campaspe.csv,,,
Born in Southern and Central Asia (%),269.815,0.7,Campaspe.csv,,,
Born in Americas (%),77.09,0.2,Campaspe.csv,,,
Born in Sub-Saharan Africa (%),77.09,0.2,Campaspe.csv,,,
Total,2890.875,7.5,Campaspe.csv,,,
Born in Oceania and Antarctica (excluding Australia) (%),2509.941,2.1,Cardinia.csv,,,
Born in North-West Europe (%),6693.176,5.6,Cardinia.csv,,,
Born in Southern and Eastern Europe (%),1912.336,1.6,Cardinia.csv,,,
Born in North Africa and the Middle East (%),1314.731,1.1,Cardinia.csv,,,
Born in South-East Asia (%),2748.983,2.3,Cardinia.csv,,,
Born in North-East Asia (%),1075.689,0.9,Cardinia.csv,,,
Born in Southern and Central Asia (%),8964.075,7.5,Cardinia.csv,,,
Born in Americas (%),956.168,0.8,Cardinia.csv,,,
Born in Sub-Saharan Africa (%),1792.815,1.5,Cardinia.csv,,,
Total,27967.914,23.4,Cardinia.csv,,,
Born in Oceania and Antarctica (excluding Australia) (%),12930.855,3.5,Casey.csv,,,
Born in North-West Europe (%),13669.761,3.7,Casey.csv,,,
Born in Southern and Eastern Europe (%),12930.855,3.5,Casey.csv,,,
Born in North Africa and the Middle East (%),8497.419,2.3,Casey.csv,,,
Born in South-East Asia (%),18103.197,4.9,Casey.csv,,,
Born in North-East Asia (%),7758.513,2.1,Casey.csv,,,
Born in Southern and Central Asia (%),69087.711,18.7,Casey.csv,,,
Born in Americas (%),3694.53,1,Casey.csv,,,
Born in Sub-Saharan Africa (%),8497.419,2.3,Casey.csv,,,
Total,155170.26,42,Casey.csv,,,
Born in Oceania and Antarctica (excluding Australia) (%),133.82,1,CentralGoldfields.csv,,,
Born in North-West Europe (%),682.482,5.1,CentralGoldfields.csv,,,
Born in Southern and Eastern Europe (%),120.438,0.9,CentralGoldfields.csv,,,
Born in North Africa and the Middle East (%),13.382,0.1,CentralGoldfields.csv,,,
Born in South-East Asia (%),120.438,0.9,CentralGoldfields.csv,,,
Born in North-East Asia (%),26.764,0.2,CentralGoldfields.csv,,,
Born in Southern and Central Asia (%),80.292,0.6,CentralGoldfields.csv,,,
Born in Americas (%),40.146,0.3,CentralGoldfields.csv,,,
Born in Sub-Saharan Africa (%),26.764,0.2,CentralGoldfields.csv,,,
Total,1244.526,9.3,CentralGoldfields.csv,,,
Born in Oceania and Antarctica (excluding Australia) (%),289.952,1.3,ColacOtway.csv,,,
Born in North-West Europe (%),825.248,3.7,ColacOtway.csv,,,
Born in Southern and Eastern Europe (%),178.432,0.8,ColacOtway.csv,,,
Born in North Africa and the Middle East (%),66.912,0.3,ColacOtway.csv,,,
Born in South-East Asia (%),223.04,1,ColacOtway.csv,,,
Born in North-East Asia (%),379.168,1.7,ColacOtway.csv,,,
Born in Southern and Central Asia (%),200.736,0.9,ColacOtway.csv,,,
Born in Americas (%),66.912,0.3,ColacOtway.csv,,,
Born in Sub-Saharan Africa (%),66.912,0.3,ColacOtway.csv,,,
Total,2297.312,10.3,ColacOtway.csv,,,
Born in Oceania and Antarctica (excluding Australia) (%),304.551,1.9,Corangamite.csv,,,
Born in North-West Europe (%),512.928,3.2,Corangamite.csv,,,
Born in Southern and Eastern Europe (%),64.116,0.4,Corangamite.csv,,,
Born in North Africa and the Middle East (%),16.029,0.1,Corangamite.csv,,,
Born in South-East Asia (%),112.203,0.7,Corangamite.csv,,,
Born in North-East Asia (%),32.058,0.2,Corangamite.csv,,,
Born in Southern and Central Asia (%),64.116,0.4,Corangamite.csv,,,
Born in Americas (%),64.116,0.4,Corangamite.csv,,,
Born in Sub-Saharan Africa (%),32.058,0.2,Corangamite.csv,,,
Total,1202.175,7.5,Corangamite.csv,,,
Born in Oceania and Antarctica (excluding Australia) (%),2856.365,1.9,Darebin.csv,,,
Born in North-West Europe (%),5863.065,3.9,Darebin.csv,,,
Born in Southern and Eastern Europe (%),13229.48,8.8,Darebin.csv,,,
Born in North Africa and the Middle East (%),3457.705,2.3,Darebin.csv,,,
Born in South-East Asia (%),6013.4,4,Darebin.csv,,,
Born in North-East Asia (%),4961.055,3.3,Darebin.csv,,,
Born in Southern and Central Asia (%),6464.405,4.3,Darebin.csv,,,
Born in Americas (%),2555.695,1.7,Darebin.csv,,,
Born in Sub-Saharan Africa (%),1653.685,1.1,Darebin.csv,,,
Total,47054.855,31.3,Darebin.csv,,,
Born in Oceania and Antarctica (excluding Australia) (%),581.436,1.2,EastGippsland.csv,,,
Born in North-West Europe (%),3004.086,6.2,EastGippsland.csv,,,
Born in Southern and Eastern Europe (%),436.077,0.9,EastGippsland.csv,,,
Born in North Africa and the Middle East (%),96.906,0.2,EastGippsland.csv,,,
Born in South-East Asia (%),726.795,1.5,EastGippsland.csv,,,
Born in North-East Asia (%),145.359,0.3,EastGippsland.csv,,,
Born in Southern and Central Asia (%),290.718,0.6,EastGippsland.csv,,,
Born in Americas (%),242.265,0.5,EastGippsland.csv,,,
Born in Sub-Saharan Africa (%),242.265,0.5,EastGippsland.csv,,,
Total,5765.907,11.9,EastGippsland.csv,,,
Born in Oceania and Antarctica (excluding Australia) (%),3661.034,2.6,Frankston.csv,,,
Born in North-West Europe (%),11405.529,8.1,Frankston.csv,,,
Born in Southern and Eastern Europe (%),3661.034,2.6,Frankston.csv,,,
Born in North Africa and the Middle East (%),985.663,0.7,Frankston.csv,,,
Born in South-East Asia (%),2956.989,2.1,Frankston.csv,,,
Born in North-East Asia (%),1689.708,1.2,Frankston.csv,,,
Born in Southern and Central Asia (%),2816.18,2,Frankston.csv,,,
Born in Americas (%),1408.09,1,Frankston.csv,,,
Born in Sub-Saharan Africa (%),1689.708,1.2,Frankston.csv,,,
Total,30273.935,21.5,Frankston.csv,,,
Born in Oceania and Antarctica (excluding Australia) (%),63.672,0.6,Gannawarra.csv,,,
Born in North-West Europe (%),244.076,2.3,Gannawarra.csv,,,
Born in Southern and Eastern Europe (%),42.448,0.4,Gannawarra.csv,,,
Born in North Africa and the Middle East (%),10.612,0.1,Gannawarra.csv,,,
Born in South-East Asia (%),95.508,0.9,Gannawarra.csv,,,
Born in North-East Asia (%),21.224,0.2,Gannawarra.csv,,,
Born in Southern and Central Asia (%),53.06,0.5,Gannawarra.csv,,,
Born in Americas (%),21.224,0.2,Gannawarra.csv,,,
Born in Sub-Saharan Africa (%),42.448,0.4,Gannawarra.csv,,,
Total,594.272,5.6,Gannawarra.csv,,,
Born in Oceania and Antarctica (excluding Australia) (%),2561.645,1.7,GlenEira.csv,,,
Born in North-West Europe (%),8136.99,5.4,GlenEira.csv,,,
Born in Southern and Eastern Europe (%),9945.21,6.6,GlenEira.csv,,,
Born in North Africa and the Middle East (%),3465.755,2.3,GlenEira.csv,,,
Born in South-East Asia (%),5273.975,3.5,GlenEira.csv,,,
Born in North-East Asia (%),9191.785,6.1,GlenEira.csv,,,
Born in Southern and Central Asia (%),8890.415,5.9,GlenEira.csv,,,
Born in Americas (%),3013.7,2,GlenEira.csv,,,
Born in Sub-Saharan Africa (%),4369.865,2.9,GlenEira.csv,,,
Total,54849.34,36.4,GlenEira.csv,,,
Born in Oceania and Antarctica (excluding Australia) (%),300.84,1.5,Glenelg.csv,,,
Born in North-West Europe (%),762.128,3.8,Glenelg.csv,,,
Born in Southern and Eastern Europe (%),120.336,0.6,Glenelg.csv,,,
Born in North Africa and the Middle East (%),20.056,0.1,Glenelg.csv,,,
Born in South-East Asia (%),220.616,1.1,Glenelg.csv,,,
Born in North-East Asia (%),20.056,0.1,Glenelg.csv,,,
Born in Southern and Central Asia (%),120.336,0.6,Glenelg.csv,,,
Born in Americas (%),80.224,0.4,Glenelg.csv,,,
Born in Sub-Saharan Africa (%),80.224,0.4,Glenelg.csv,,,
Total,1724.816,8.6,Glenelg.csv,,,
Born in Oceania and Antarctica (excluding Australia) (%),248.79,1,GoldenPlains.csv,,,
Born in North-West Europe (%),1318.587,5.3,GoldenPlains.csv,,,
Born in Southern and Eastern Europe (%),298.548,1.2,GoldenPlains.csv,,,
Born in North Africa and the Middle East (%),24.879,0.1,GoldenPlains.csv,,,
Born in South-East Asia (%),124.395,0.5,GoldenPlains.csv,,,
Born in North-East Asia (%),49.758,0.2,GoldenPlains.csv,,,
Born in Southern and Central Asia (%),49.758,0.2,GoldenPlains.csv,,,
Born in Americas (%),99.516,0.4,GoldenPlains.csv,,,
Born in Sub-Saharan Africa (%),74.637,0.3,GoldenPlains.csv,,,
Total,2288.868,9.2,GoldenPlains.csv,,,
Born in Oceania and Antarctica (excluding Australia) (%),969.768,0.8,GreaterBendigo.csv,,,
Born in North-West Europe (%),3394.188,2.8,GreaterBendigo.csv,,,
Born in Southern and Eastern Europe (%),606.105,0.5,GreaterBendigo.csv,,,
Born in North Africa and the Middle East (%),363.663,0.3,GreaterBendigo.csv,,,
Born in South-East Asia (%),2909.304,2.4,GreaterBendigo.csv,,,
Born in North-East Asia (%),606.105,0.5,GreaterBendigo.csv,,,
Born in Southern and Central Asia (%),1939.536,1.6,GreaterBendigo.csv,,,
Born in Americas (%),484.884,0.4,GreaterBendigo.csv,,,
Born in Sub-Saharan Africa (%),484.884,0.4,GreaterBendigo.csv,,,
Total,11758.437,9.7,GreaterBendigo.csv,,,
Born in Oceania and Antarctica (excluding Australia) (%),3363.591,2.1,GreaterDandenong.csv,,,
Born in North-West Europe (%),3203.42,2,GreaterDandenong.csv,,,
Born in Southern and Eastern Europe (%),10411.115,6.5,GreaterDandenong.csv,,,
Born in North Africa and the Middle East (%),4004.275,2.5,GreaterDandenong.csv,,,
Born in South-East Asia (%),34276.594,21.4,GreaterDandenong.csv,,,
Born in North-East Asia (%),6406.84,4,GreaterDandenong.csv,,,
Born in Southern and Central Asia (%),26748.557,16.7,GreaterDandenong.csv,,,
Born in Americas (%),1441.539,0.9,GreaterDandenong.csv,,,
Born in Sub-Saharan Africa (%),3203.42,2,GreaterDandenong.csv,,,
Total,93059.351,58.1,GreaterDandenong.csv,,,
Born in Oceania and Antarctica (excluding Australia) (%),3249.312,1.2,GreaterGeelong.csv,,,
Born in North-West Europe (%),15163.456,5.6,GreaterGeelong.csv,,,
Born in Southern and Eastern Europe (%),7581.728,2.8,GreaterGeelong.csv,,,
Born in North Africa and the Middle East (%),1895.432,0.7,GreaterGeelong.csv,,,
Born in South-East Asia (%),5686.296,2.1,GreaterGeelong.csv,,,
Born in North-East Asia (%),2436.984,0.9,GreaterGeelong.csv,,,
Born in Southern and Central Asia (%),7852.504,2.9,GreaterGeelong.csv,,,
Born in Americas (%),1895.432,0.7,GreaterGeelong.csv,,,
Born in Sub-Saharan Africa (%),1895.432,0.7,GreaterGeelong.csv,,,
Total,47656.576,17.6,GreaterGeelong.csv,,,
Born in Oceania and Antarctica (excluding Australia) (%),1027.83,1.5,GreaterShepparton.csv,,,
Born in North-West Europe (%),1576.006,2.3,GreaterShepparton.csv,,,
Born in Southern and Eastern Europe (%),1507.484,2.2,GreaterShepparton.csv,,,
Born in North Africa and the Middle East (%),1301.918,1.9,GreaterShepparton.csv,,,
Born in South-East Asia (%),1713.05,2.5,GreaterShepparton.csv,,,
Born in North-East Asia (%),479.654,0.7,GreaterShepparton.csv,,,
Born in Southern and Central Asia (%),3357.578,4.9,GreaterShepparton.csv,,,
Born in Americas (%),205.566,0.3,GreaterShepparton.csv,,,
Born in Sub-Saharan Africa (%),685.22,1,GreaterShepparton.csv,,,
Total,11854.306,17.3,GreaterShepparton.csv,,,
Born in Oceania and Antarctica (excluding Australia) (%),230.664,1.4,Hepburn.csv,,,
Born in North-West Europe (%),1202.748,7.3,Hepburn.csv,,,
Born in Southern and Eastern Europe (%),263.616,1.6,Hepburn.csv,,,
Born in North Africa and the Middle East (%),32.952,0.2,Hepburn.csv,,,
Born in South-East Asia (%),148.284,0.9,Hepburn.csv,,,
Born in North-East Asia (%),65.904,0.4,Hepburn.csv,,,
Born in Southern and Central Asia (%),98.856,0.6,Hepburn.csv,,,
Born in Americas (%),164.76,1,Hepburn.csv,,,
Born in Sub-Saharan Africa (%),98.856,0.6,Hepburn.csv,,,
Total,2306.64,14,Hepburn.csv,,,
Born in Oceania and Antarctica (excluding Australia) (%),50.904,0.9,Hindmarsh.csv,,,
Born in North-West Europe (%),164.024,2.9,Hindmarsh.csv,,,
Born in Southern and Eastern Europe (%),16.968,0.3,Hindmarsh.csv,,,
Born in North Africa and the Middle East (%),5.656,0.1,Hindmarsh.csv,,,
Born in South-East Asia (%),248.864,4.4,Hindmarsh.csv,,,
Born in North-East Asia (%),5.656,0.1,Hindmarsh.csv,,,
Born in Southern and Central Asia (%),62.216,1.1,Hindmarsh.csv,,,
Born in Americas (%),16.968,0.3,Hindmarsh.csv,,,
Born in Sub-Saharan Africa (%),33.936,0.6,Hindmarsh.csv,,,
Total,605.192,10.7,Hindmarsh.csv,,,
Born in Oceania and Antarctica (excluding Australia) (%),2214.6,2.4,HobsonsBay.csv,,,
Born in North-West Europe (%),5536.5,6,HobsonsBay.csv,,,
Born in Southern and Eastern Europe (%),6459.25,7,HobsonsBay.csv,,,
Born in North Africa and the Middle East (%),1937.775,2.1,HobsonsBay.csv,,,
Born in South-East Asia (%),4429.2,4.8,HobsonsBay.csv,,,
Born in North-East Asia (%),1384.125,1.5,HobsonsBay.csv,,,
Born in Southern and Central Asia (%),3321.9,3.6,HobsonsBay.csv,,,
Born in Americas (%),1476.4,1.6,HobsonsBay.csv,,,
Born in Sub-Saharan Africa (%),1015.025,1.1,HobsonsBay.csv,,,
Total,27774.775,30.1,HobsonsBay.csv,,,
Born in Oceania and Antarctica (excluding Australia) (%),122.214,0.6,Horsham.csv,,,
Born in North-West Europe (%),407.38,2,Horsham.csv,,,
Born in Southern and Eastern Europe (%),122.214,0.6,Horsham.csv,,,
Born in North Africa and the Middle East (%),40.738,0.2,Horsham.csv,,,
Born in South-East Asia (%),305.535,1.5,Horsham.csv,,,
Born in North-East Asia (%),61.107,0.3,Horsham.csv,,,
Born in Southern and Central Asia (%),264.797,1.3,Horsham.csv,,,
Born in Americas (%),61.107,0.3,Horsham.csv,,,
Born in Sub-Saharan Africa (%),81.476,0.4,Horsham.csv,,,
Total,1466.568,7.2,Horsham.csv,,,
Born in Oceania and Antarctica (excluding Australia) (%),6418.1,2.6,Hume.csv,,,
Born in North-West Europe (%),5183.85,2.1,Hume.csv,,,
Born in Southern and Eastern Europe (%),9380.3,3.8,Hume.csv,,,
Born in North Africa and the Middle East (%),35546.4,14.4,Hume.csv,,,
Born in South-East Asia (%),7652.35,3.1,Hume.csv,,,
Born in North-East Asia (%),1481.1,0.6,Hume.csv,,,
Born in Southern and Central Asia (%),28387.75,11.5,Hume.csv,,,
Born in Americas (%),1481.1,0.6,Hume.csv,,,
Born in Sub-Saharan Africa (%),2715.35,1.1,Hume.csv,,,
Total,98246.3,39.8,Hume.csv,,,
Born in Oceania and Antarctica (excluding Australia) (%),189.739,1.1,Indigo.csv,,,
Born in North-West Europe (%),862.45,5,Indigo.csv,,,
Born in Southern and Eastern Europe (%),103.494,0.6,Indigo.csv,,,
Born in North Africa and the Middle East (%),17.249,0.1,Indigo.csv,,,
Born in South-East Asia (%),103.494,0.6,Indigo.csv,,,
Born in North-East Asia (%),34.498,0.2,Indigo.csv,,,
Born in Southern and Central Asia (%),34.498,0.2,Indigo.csv,,,
Born in Americas (%),86.245,0.5,Indigo.csv,,,
Born in Sub-Saharan Africa (%),34.498,0.2,Indigo.csv,,,
Total,1466.165,8.5,Indigo.csv,,,
Born in Oceania and Antarctica (excluding Australia) (%),3031.773,1.9,Kingston.csv,,,
Born in North-West Europe (%),10371.855,6.5,Kingston.csv,,,
Born in Southern and Eastern Europe (%),9095.319,5.7,Kingston.csv,,,
Born in North Africa and the Middle East (%),2393.505,1.5,Kingston.csv,,,
Born in South-East Asia (%),6542.247,4.1,Kingston.csv,,,
Born in North-East Asia (%),5903.979,3.7,Kingston.csv,,,
Born in Southern and Central Asia (%),8297.484,5.2,Kingston.csv,,,
Born in Americas (%),2233.938,1.4,Kingston.csv,,,
Born in Sub-Saharan Africa (%),2712.639,1.7,Kingston.csv,,,
Total,50582.739,31.7,Kingston.csv,,,
Born in Oceania and Antarctica (excluding Australia) (%),2407.26,1.5,Knox.csv,,,
Born in North-West Europe (%),8666.136,5.4,Knox.csv,,,
Born in Southern and Eastern Europe (%),4333.068,2.7,Knox.csv,,,
Born in North Africa and the Middle East (%),2407.26,1.5,Knox.csv,,,
Born in South-East Asia (%),10110.492,6.3,Knox.csv,,,
Born in North-East Asia (%),11554.848,7.2,Knox.csv,,,
Born in Southern and Central Asia (%),9950.008,6.2,Knox.csv,,,
Born in Americas (%),1283.872,0.8,Knox.csv,,,
Born in Sub-Saharan Africa (%),1925.808,1.2,Knox.csv,,,
Total,52638.752,32.8,Knox.csv,,,
Born in Oceania and Antarctica (excluding Australia) (%),925.032,1.2,Latrobe.csv,,,
Born in North-West Europe (%),4008.472,5.2,Latrobe.csv,,,
Born in Southern and Eastern Europe (%),1541.72,2,Latrobe.csv,,,
Born in North Africa and the Middle East (%),231.258,0.3,Latrobe.csv,,,
Born in South-East Asia (%),1233.376,1.6,Latrobe.csv,,,
Born in North-East Asia (%),308.344,0.4,Latrobe.csv,,,
Born in Southern and Central Asia (%),847.946,1.1,Latrobe.csv,,,
Born in Americas (%),385.43,0.5,Latrobe.csv,,,
Born in Sub-Saharan Africa (%),385.43,0.5,Latrobe.csv,,,
Total,9867.008,12.8,Latrobe.csv,,,
Born in Oceania and Antarctica (excluding Australia) (%),77,1,Loddon.csv,,,
Born in North-West Europe (%),292.6,3.8,Loddon.csv,,,
Born in Southern and Eastern Europe (%),53.9,0.7,Loddon.csv,,,
Born in North Africa and the Middle East (%),7.7,0.1,Loddon.csv,,,
Born in South-East Asia (%),138.6,1.8,Loddon.csv,,,
Born in North-East Asia (%),7.7,0.1,Loddon.csv,,,
Born in Southern and Central Asia (%),23.1,0.3,Loddon.csv,,,
Born in Americas (%),23.1,0.3,Loddon.csv,,,
Born in Sub-Saharan Africa (%),23.1,0.3,Loddon.csv,,,
Total,646.8,8.4,Loddon.csv,,,
Born in Oceania and Antarctica (excluding Australia) (%),773.64,1.5,MacedonRanges.csv,,,
Born in North-West Europe (%),3455.592,6.7,MacedonRanges.csv,,,
Born in Southern and Eastern Europe (%),773.64,1.5,MacedonRanges.csv,,,
Born in North Africa and the Middle East (%),154.728,0.3,MacedonRanges.csv,,,
Born in South-East Asia (%),412.608,0.8,MacedonRanges.csv,,,
Born in North-East Asia (%),206.304,0.4,MacedonRanges.csv,,,
Born in Southern and Central Asia (%),257.88,0.5,MacedonRanges.csv,,,
Born in Americas (%),464.184,0.9,MacedonRanges.csv,,,
Born in Sub-Saharan Africa (%),257.88,0.5,MacedonRanges.csv,,,
Total,6756.456,13.1,MacedonRanges.csv,,,
Born in Oceania and Antarctica (excluding Australia) (%),1384.097,1.1,Manningham.csv,,,
Born in North-West Europe (%),4152.291,3.3,Manningham.csv,,,
Born in Southern and Eastern Europe (%),8178.755,6.5,Manningham.csv,,,
Born in North Africa and the Middle East (%),5536.388,4.4,Manningham.csv,,,
Born in South-East Asia (%),8682.063,6.9,Manningham.csv,,,
Born in North-East Asia (%),19880.666,15.8,Manningham.csv,,,
Born in Southern and Central Asia (%),4152.291,3.3,Manningham.csv,,,
Born in Americas (%),1132.443,0.9,Manningham.csv,,,
Born in Sub-Saharan Africa (%),1509.924,1.2,Manningham.csv,,,
Total,54608.918,43.4,Manningham.csv,,,
Born in Oceania and Antarctica (excluding Australia) (%),121.344,1.2,Mansfield.csv,,,
Born in North-West Europe (%),596.608,5.9,Mansfield.csv,,,
Born in Southern and Eastern Europe (%),111.232,1.1,Mansfield.csv,,,
Born in North Africa and the Middle East (%),10.112,0.1,Mansfield.csv,,,
Born in South-East Asia (%),80.896,0.8,Mansfield.csv,,,
Born in North-East Asia (%),80.896,0.8,Mansfield.csv,,,
Born in Southern and Central Asia (%),50.56,0.5,Mansfield.csv,,,
Born in Americas (%),70.784,0.7,Mansfield.csv,,,
Born in Sub-Saharan Africa (%),30.336,0.3,Mansfield.csv,,,
Total,1152.768,11.4,Mansfield.csv,,,
Born in Oceania and Antarctica (excluding Australia) (%),1987.154,2.3,Maribyrnong.csv,,,
Born in North-West Europe (%),3283.124,3.8,Maribyrnong.csv,,,
Born in Southern and Eastern Europe (%),3887.91,4.5,Maribyrnong.csv,,,
Born in North Africa and the Middle East (%),1209.572,1.4,Maribyrnong.csv,,,
Born in South-East Asia (%),11577.332,13.4,Maribyrnong.csv,,,
Born in North-East Asia (%),2678.338,3.1,Maribyrnong.csv,,,
Born in Southern and Central Asia (%),4665.492,5.4,Maribyrnong.csv,,,
Born in Americas (%),2073.552,2.4,Maribyrnong.csv,,,
Born in Sub-Saharan Africa (%),1468.766,1.7,Maribyrnong.csv,,,
Total,32831.24,38,Maribyrnong.csv,,,
Born in Oceania and Antarctica (excluding Australia) (%),1509.04,1.3,Maroondah.csv,,,
Born in North-West Europe (%),6732.64,5.8,Maroondah.csv,,,
Born in Southern and Eastern Europe (%),1973.36,1.7,Maroondah.csv,,,
Born in North Africa and the Middle East (%),1392.96,1.2,Maroondah.csv,,,
Born in South-East Asia (%),5804,5,Maroondah.csv,,,
Born in North-East Asia (%),5687.92,4.9,Maroondah.csv,,,
Born in Southern and Central Asia (%),3714.56,3.2,Maroondah.csv,,,
Born in Americas (%),1160.8,1,Maroondah.csv,,,
Born in Sub-Saharan Africa (%),1276.88,1.1,Maroondah.csv,,,
Total,29252.16,25.2,Maroondah.csv,,,
Born in Oceania and Antarctica (excluding Australia) (%),3688.176,2.4,Melbourne.csv,,,
Born in North-West Europe (%),6761.656,4.4,Melbourne.csv,,,
Born in Southern and Eastern Europe (%),3688.176,2.4,Melbourne.csv,,,
Born in North Africa and the Middle East (%),3227.154,2.1,Melbourne.csv,,,
Born in South-East Asia (%),19516.598,12.7,Melbourne.csv,,,
Born in North-East Asia (%),24587.84,16,Melbourne.csv,,,
Born in Southern and Central Asia (%),13062.29,8.5,Melbourne.csv,,,
Born in Americas (%),6761.656,4.4,Melbourne.csv,,,
Born in Sub-Saharan Africa (%),2612.458,1.7,Melbourne.csv,,,
Total,83906.004,54.6,Melbourne.csv,,,
Born in Oceania and Antarctica (excluding Australia) (%),5980.359,3.3,Melton.csv,,,
Born in North-West Europe (%),4349.352,2.4,Melton.csv,,,
Born in Southern and Eastern Europe (%),9604.819,5.3,Melton.csv,,,
Born in North Africa and the Middle East (%),5617.913,3.1,Melton.csv,,,
Born in South-East Asia (%),12504.387,6.9,Melton.csv,,,
Born in North-East Asia (%),1631.007,0.9,Melton.csv,,,
Born in Southern and Central Asia (%),19572.084,10.8,Melton.csv,,,
Born in Americas (%),2174.676,1.2,Melton.csv,,,
Born in Sub-Saharan Africa (%),3262.014,1.8,Melton.csv,,,
Total,64696.611,35.7,Melton.csv,,,
Born in Oceania and Antarctica (excluding Australia) (%),911.504,1.6,Mildura.csv,,,
Born in North-West Europe (%),1196.349,2.1,Mildura.csv,,,
Born in Southern and Eastern Europe (%),911.504,1.6,Mildura.csv,,,
Born in North Africa and the Middle East (%),455.752,0.8,Mildura.csv,,,
Born in South-East Asia (%),2164.822,3.8,Mildura.csv,,,
Born in North-East Asia (%),512.721,0.9,Mildura.csv,,,
Born in Southern and Central Asia (%),1139.38,2,Mildura.csv,,,
Born in Americas (%),113.938,0.2,Mildura.csv,,,
Born in Sub-Saharan Africa (%),398.783,0.7,Mildura.csv,,,
Total,7804.753,13.7,Mildura.csv,,,
Born in Oceania and Antarctica (excluding Australia) (%),844.628,1.7,Mitchell.csv,,,
Born in North-West Europe (%),1987.36,4,Mitchell.csv,,,
Born in Southern and Eastern Europe (%),844.628,1.7,Mitchell.csv,,,
Born in North Africa and the Middle East (%),347.788,0.7,Mitchell.csv,,,
Born in South-East Asia (%),745.26,1.5,Mitchell.csv,,,
Born in North-East Asia (%),248.42,0.5,Mitchell.csv,,,
Born in Southern and Central Asia (%),1589.888,3.2,Mitchell.csv,,,
Born in Americas (%),198.736,0.4,Mitchell.csv,,,
Born in Sub-Saharan Africa (%),397.472,0.8,Mitchell.csv,,,
Total,7204.18,14.5,Mitchell.csv,,,
Born in Oceania and Antarctica (excluding Australia) (%),394.563,1.3,Moira.csv,,,
Born in North-West Europe (%),1062.285,3.5,Moira.csv,,,
Born in Southern and Eastern Europe (%),333.861,1.1,Moira.csv,,,
Born in North Africa and the Middle East (%),60.702,0.2,Moira.csv,,,
Born in South-East Asia (%),607.02,2,Moira.csv,,,
Born in North-East Asia (%),121.404,0.4,Moira.csv,,,
Born in Southern and Central Asia (%),242.808,0.8,Moira.csv,,,
Born in Americas (%),91.053,0.3,Moira.csv,,,
Born in Sub-Saharan Africa (%),60.702,0.2,Moira.csv,,,
Total,2974.398,9.8,Moira.csv,,,
Born in Oceania and Antarctica (excluding Australia) (%),2509.663,1.3,Monash.csv,,,
Born in North-West Europe (%),5791.53,3,Monash.csv,,,
Born in Southern and Eastern Europe (%),10810.856,5.6,Monash.csv,,,
Born in North Africa and the Middle East (%),3667.969,1.9,Monash.csv,,,
Born in South-East Asia (%),16795.437,8.7,Monash.csv,,,
Born in North-East Asia (%),29343.752,15.2,Monash.csv,,,
Born in Southern and Central Asia (%),23938.324,12.4,Monash.csv,,,
Born in Americas (%),2123.561,1.1,Monash.csv,,,
Born in Sub-Saharan Africa (%),2316.612,1.2,Monash.csv,,,
Total,97297.704,50.4,Monash.csv,,,
Born in Oceania and Antarctica (excluding Australia) (%),1721.51,1.4,MooneeValley.csv,,,
Born in North-West Europe (%),4180.81,3.4,MooneeValley.csv,,,
Born in Southern and Eastern Europe (%),9099.41,7.4,MooneeValley.csv,,,
Born in North Africa and the Middle East (%),2705.23,2.2,MooneeValley.csv,,,
Born in South-East Asia (%),5287.495,4.3,MooneeValley.csv,,,
Born in North-East Asia (%),2705.23,2.2,MooneeValley.csv,,,
Born in Southern and Central Asia (%),4549.705,3.7,MooneeValley.csv,,,
Born in Americas (%),2090.405,1.7,MooneeValley.csv,,,
Born in Sub-Saharan Africa (%),1721.51,1.4,MooneeValley.csv,,,
Total,34061.305,27.7,MooneeValley.csv,,,
Born in Oceania and Antarctica (excluding Australia) (%),606.32,1.6,Moorabool.csv,,,
Born in North-West Europe (%),2084.225,5.5,Moorabool.csv,,,
Born in Southern and Eastern Europe (%),795.795,2.1,Moorabool.csv,,,
Born in North Africa and the Middle East (%),75.79,0.2,Moorabool.csv,,,
Born in South-East Asia (%),378.95,1,Moorabool.csv,,,
Born in North-East Asia (%),113.685,0.3,Moorabool.csv,,,
Born in Southern and Central Asia (%),909.48,2.4,Moorabool.csv,,,
Born in Americas (%),265.265,0.7,Moorabool.csv,,,
Born in Sub-Saharan Africa (%),227.37,0.6,Moorabool.csv,,,
Total,5456.88,14.4,Moorabool.csv,,,
Born in Oceania and Antarctica (excluding Australia) (%),3644.361,2.1,Moreland.csv,,,
Born in North-West Europe (%),6768.099,3.9,Moreland.csv,,,
Born in Southern and Eastern Europe (%),13189.116,7.6,Moreland.csv,,,
Born in North Africa and the Middle East (%),7809.345,4.5,Moreland.csv,,,
Born in South-East Asia (%),5379.771,3.1,Moreland.csv,,,
Born in North-East Asia (%),3470.82,2,Moreland.csv,,,
Born in Southern and Central Asia (%),12147.87,7,Moreland.csv,,,
Born in Americas (%),3470.82,2,Moreland.csv,,,
Born in Sub-Saharan Africa (%),1388.328,0.8,Moreland.csv,,,
Total,57268.53,33,Moreland.csv,,,
Born in Oceania and Antarctica (excluding Australia) (%),2555.85,1.5,MorningtonPeninsula.csv,,,
Born in North-West Europe (%),17379.78,10.2,MorningtonPeninsula.csv,,,
Born in Southern and Eastern Europe (%),3748.58,2.2,MorningtonPeninsula.csv,,,
Born in North Africa and the Middle East (%),511.17,0.3,MorningtonPeninsula.csv,,,
Born in South-East Asia (%),1533.51,0.9,MorningtonPeninsula.csv,,,
Born in North-East Asia (%),681.56,0.4,MorningtonPeninsula.csv,,,
Born in Southern and Central Asia (%),851.95,0.5,MorningtonPeninsula.csv,,,
Born in Americas (%),1533.51,0.9,MorningtonPeninsula.csv,,,
Born in Sub-Saharan Africa (%),1192.73,0.7,MorningtonPeninsula.csv,,,
Total,29988.64,17.6,MorningtonPeninsula.csv,,,
Born in Oceania and Antarctica (excluding Australia) (%),321.696,1.6,MountAlexander.csv,,,
Born in North-West Europe (%),1286.784,6.4,MountAlexander.csv,,,
Born in Southern and Eastern Europe (%),180.954,0.9,MountAlexander.csv,,,
Born in North Africa and the Middle East (%),80.424,0.4,MountAlexander.csv,,,
Born in South-East Asia (%),180.954,0.9,MountAlexander.csv,,,
Born in North-East Asia (%),80.424,0.4,MountAlexander.csv,,,
Born in Southern and Central Asia (%),100.53,0.5,MountAlexander.csv,,,
Born in Americas (%),180.954,0.9,MountAlexander.csv,,,
Born in Sub-Saharan Africa (%),100.53,0.5,MountAlexander.csv,,,
Total,2513.25,12.5,MountAlexander.csv,,,
Born in Oceania and Antarctica (excluding Australia) (%),293.947,1.7,Moyne.csv,,,
Born in North-West Europe (%),587.894,3.4,Moyne.csv,,,
Born in Southern and Eastern Europe (%),34.582,0.2,Moyne.csv,,,
Born in North Africa and the Middle East (%),17.291,0.1,Moyne.csv,,,
Born in South-East Asia (%),155.619,0.9,Moyne.csv,,,
Born in North-East Asia (%),34.582,0.2,Moyne.csv,,,
Born in Southern and Central Asia (%),34.582,0.2,Moyne.csv,,,
Born in Americas (%),69.164,0.4,Moyne.csv,,,
Born in Sub-Saharan Africa (%),69.164,0.4,Moyne.csv,,,
Total,1296.825,7.5,Moyne.csv,,,
Born in Oceania and Antarctica (excluding Australia) (%),211.876,1.4,Murrindindi.csv,,,
Born in North-West Europe (%),862.638,5.7,Murrindindi.csv,,,
Born in Southern and Eastern Europe (%),181.608,1.2,Murrindindi.csv,,,
Born in North Africa and the Middle East (%),30.268,0.2,Murrindindi.csv,,,
Born in South-East Asia (%),121.072,0.8,Murrindindi.csv,,,
Born in North-East Asia (%),30.268,0.2,Murrindindi.csv,,,
Born in Southern and Central Asia (%),105.938,0.7,Murrindindi.csv,,,
Born in Americas (%),90.804,0.6,Murrindindi.csv,,,
Born in Sub-Saharan Africa (%),75.67,0.5,Murrindindi.csv,,,
Total,1710.142,11.3,Murrindindi.csv,,,
Born in Oceania and Antarctica (excluding Australia) (%),761.448,1.2,Nillumbik.csv,,,
Born in North-West Europe (%),4124.51,6.5,Nillumbik.csv,,,
Born in Southern and Eastern Europe (%),1586.35,2.5,Nillumbik.csv,,,
Born in North Africa and the Middle East (%),634.54,1,Nillumbik.csv,,,
Born in South-East Asia (%),761.448,1.2,Nillumbik.csv,,,
Born in North-East Asia (%),761.448,1.2,Nillumbik.csv,,,
Born in Southern and Central Asia (%),634.54,1,Nillumbik.csv,,,
Born in Americas (%),634.54,1,Nillumbik.csv,,,
Born in Sub-Saharan Africa (%),507.632,0.8,Nillumbik.csv,,,
Total,10406.456,16.4,Nillumbik.csv,,,
Born in Oceania and Antarctica (excluding Australia) (%),106.965,0.9,NorthernGrampians.csv,,,
Born in North-West Europe (%),368.435,3.1,NorthernGrampians.csv,,,
Born in Southern and Eastern Europe (%),59.425,0.5,NorthernGrampians.csv,,,
Born in North Africa and the Middle East (%),23.77,0.2,NorthernGrampians.csv,,,
Born in South-East Asia (%),190.16,1.6,NorthernGrampians.csv,,,
Born in North-East Asia (%),106.965,0.9,NorthernGrampians.csv,,,
Born in Southern and Central Asia (%),118.85,1,NorthernGrampians.csv,,,
Born in Americas (%),47.54,0.4,NorthernGrampians.csv,,,
Born in Sub-Saharan Africa (%),59.425,0.5,NorthernGrampians.csv,,,
Total,1081.535,9.1,NorthernGrampians.csv,,,
Born in Oceania and Antarctica (excluding Australia) (%),3001.732,2.9,PortPhillip.csv,,,
Born in North-West Europe (%),9833.26,9.5,PortPhillip.csv,,,
Born in Southern and Eastern Europe (%),5071.892,4.9,PortPhillip.csv,,,
Born in North Africa and the Middle East (%),1449.112,1.4,PortPhillip.csv,,,
Born in South-East Asia (%),3312.256,3.2,PortPhillip.csv,,,
Born in North-East Asia (%),2898.224,2.8,PortPhillip.csv,,,
Born in Southern and Central Asia (%),3001.732,2.9,PortPhillip.csv,,,
Born in Americas (%),4140.32,4,PortPhillip.csv,,,
Born in Sub-Saharan Africa (%),1449.112,1.4,PortPhillip.csv,,,
Total,34157.64,33,PortPhillip.csv,,,
Born in Oceania and Antarctica (excluding Australia) (%),98.969,1.3,Pyrenees.csv,,,
Born in North-West Europe (%),403.489,5.3,Pyrenees.csv,,,
Born in Southern and Eastern Europe (%),68.517,0.9,Pyrenees.csv,,,
Born in North Africa and the Middle East (%),15.226,0.2,Pyrenees.csv,,,
Born in South-East Asia (%),60.904,0.8,Pyrenees.csv,,,
Born in North-East Asia (%),7.613,0.1,Pyrenees.csv,,,
Born in Southern and Central Asia (%),7.613,0.1,Pyrenees.csv,,,
Born in Americas (%),38.065,0.5,Pyrenees.csv,,,
Born in Sub-Saharan Africa (%),22.839,0.3,Pyrenees.csv,,,
Total,723.235,9.5,Pyrenees.csv,,,
Born in Oceania and Antarctica (excluding Australia) (%),42.055,1.3,Queenscliff.csv,,,
Born in North-West Europe (%),187.63,5.8,Queenscliff.csv,,,
Born in Southern and Eastern Europe (%),32.35,1,Queenscliff.csv,,,
Born in North Africa and the Middle East (%),6.47,0.2,Queenscliff.csv,,,
Born in South-East Asia (%),25.88,0.8,Queenscliff.csv,,,
Born in North-East Asia (%),12.94,0.4,Queenscliff.csv,,,
Born in Southern and Central Asia (%),12.94,0.4,Queenscliff.csv,,,
Born in Americas (%),25.88,0.8,Queenscliff.csv,,,
Born in Sub-Saharan Africa (%),6.47,0.2,Queenscliff.csv,,,
Total,352.615,10.9,Queenscliff.csv,,,
Born in Oceania and Antarctica (excluding Australia) (%),230.832,1.4,SouthernGrampians.csv,,,
Born in North-West Europe (%),527.616,3.2,SouthernGrampians.csv,,,
Born in Southern and Eastern Europe (%),49.464,0.3,SouthernGrampians.csv,,,
Born in North Africa and the Middle East (%),16.488,0.1,SouthernGrampians.csv,,,
Born in South-East Asia (%),115.416,0.7,SouthernGrampians.csv,,,
Born in North-East Asia (%),32.976,0.2,SouthernGrampians.csv,,,
Born in Southern and Central Asia (%),115.416,0.7,SouthernGrampians.csv,,,
Born in Americas (%),65.952,0.4,SouthernGrampians.csv,,,
Born in Sub-Saharan Africa (%),98.928,0.6,SouthernGrampians.csv,,,
Total,1253.088,7.6,SouthernGrampians.csv,,,
Born in Oceania and Antarctica (excluding Australia) (%),394.914,1.3,SouthGippsland.csv,,,
Born in North-West Europe (%),1913.814,6.3,SouthGippsland.csv,,,
Born in Southern and Eastern Europe (%),364.536,1.2,SouthGippsland.csv,,,
Born in North Africa and the Middle East (%),30.378,0.1,SouthGippsland.csv,,,
Born in South-East Asia (%),243.024,0.8,SouthGippsland.csv,,,
Born in North-East Asia (%),91.134,0.3,SouthGippsland.csv,,,
Born in Southern and Central Asia (%),151.89,0.5,SouthGippsland.csv,,,
Born in Americas (%),151.89,0.5,SouthGippsland.csv,,,
Born in Sub-Saharan Africa (%),121.512,0.4,SouthGippsland.csv,,,
Total,3463.092,11.4,SouthGippsland.csv,,,
Born in Oceania and Antarctica (excluding Australia) (%),2444.394,2.3,Stonnington.csv,,,
Born in North-West Europe (%),6908.07,6.5,Stonnington.csv,,,
Born in Southern and Eastern Europe (%),4569.954,4.3,Stonnington.csv,,,
Born in North Africa and the Middle East (%),1275.336,1.2,Stonnington.csv,,,
Born in South-East Asia (%),4357.398,4.1,Stonnington.csv,,,
Born in North-East Asia (%),5632.734,5.3,Stonnington.csv,,,
Born in Southern and Central Asia (%),3719.73,3.5,Stonnington.csv,,,
Born in Americas (%),2763.228,2.6,Stonnington.csv,,,
Born in Sub-Saharan Africa (%),1487.892,1.4,Stonnington.csv,,,
Total,33158.736,31.2,Stonnington.csv,,,
Born in Oceania and Antarctica (excluding Australia) (%),125.004,1.1,Strathbogie.csv,,,
Born in North-West Europe (%),522.744,4.6,Strathbogie.csv,,,
Born in Southern and Eastern Europe (%),113.64,1,Strathbogie.csv,,,
Born in North Africa and the Middle East (%),11.364,0.1,Strathbogie.csv,,,
Born in South-East Asia (%),136.368,1.2,Strathbogie.csv,,,
Born in North-East Asia (%),56.82,0.5,Strathbogie.csv,,,
Born in Southern and Central Asia (%),56.82,0.5,Strathbogie.csv,,,
Born in Americas (%),56.82,0.5,Strathbogie.csv,,,
Born in Sub-Saharan Africa (%),34.092,0.3,Strathbogie.csv,,,
Total,1113.672,9.8,Strathbogie.csv,,,
Born in Oceania and Antarctica (excluding Australia) (%),526.722,1.4,SurfCoast.csv,,,
Born in North-West Europe (%),2257.38,6,SurfCoast.csv,,,
Born in Southern and Eastern Europe (%),413.853,1.1,SurfCoast.csv,,,
Born in North Africa and the Middle East (%),75.246,0.2,SurfCoast.csv,,,
Born in South-East Asia (%),225.738,0.6,SurfCoast.csv,,,
Born in North-East Asia (%),150.492,0.4,SurfCoast.csv,,,
Born in Southern and Central Asia (%),112.869,0.3,SurfCoast.csv,,,
Born in Americas (%),413.853,1.1,SurfCoast.csv,,,
Born in Sub-Saharan Africa (%),263.361,0.7,SurfCoast.csv,,,
Total,4439.514,11.8,SurfCoast.csv,,,
Born in Oceania and Antarctica (excluding Australia) (%),470.426,2.2,SwanHill.csv,,,
Born in North-West Europe (%),299.362,1.4,SwanHill.csv,,,
Born in Southern and Eastern Europe (%),256.596,1.2,SwanHill.csv,,,
Born in North Africa and the Middle East (%),42.766,0.2,SwanHill.csv,,,
Born in South-East Asia (%),1646.491,7.7,SwanHill.csv,,,
Born in North-East Asia (%),192.447,0.9,SwanHill.csv,,,
Born in Southern and Central Asia (%),449.043,2.1,SwanHill.csv,,,
Born in Americas (%),64.149,0.3,SwanHill.csv,,,
Born in Sub-Saharan Africa (%),128.298,0.6,SwanHill.csv,,,
Total,3549.578,16.6,SwanHill.csv,,,
Born in Oceania and Antarctica (excluding Australia) (%),74.196,1.2,Towong.csv,,,
Born in North-West Europe (%),265.869,4.3,Towong.csv,,,
Born in Southern and Eastern Europe (%),43.281,0.7,Towong.csv,,,
Born in North Africa and the Middle East (%),6.183,0.1,Towong.csv,,,
Born in South-East Asia (%),49.464,0.8,Towong.csv,,,
Born in North-East Asia (%),12.366,0.2,Towong.csv,,,
Born in Southern and Central Asia (%),24.732,0.4,Towong.csv,,,
Born in Americas (%),30.915,0.5,Towong.csv,,,
Born in Sub-Saharan Africa (%),18.549,0.3,Towong.csv,,,
Total,525.555,8.5,Towong.csv,,,
Born in Oceania and Antarctica (excluding Australia) (%),3.784,0.4,UnincorporatedVIC.csv,,,
Born in North-West Europe (%),39.732,4.2,UnincorporatedVIC.csv,,,
Born in Southern and Eastern Europe (%),14.19,1.5,UnincorporatedVIC.csv,,,
Born in North Africa and the Middle East (%),0,0,UnincorporatedVIC.csv,,,
Born in South-East Asia (%),14.19,1.5,UnincorporatedVIC.csv,,,
Born in North-East Asia (%),37.84,4,UnincorporatedVIC.csv,,,
Born in Americas (%),25.542,2.7,UnincorporatedVIC.csv,,,
Born in Sub-Saharan Africa (%),3.784,0.4,UnincorporatedVIC.csv,,,
Total,139.062,14.7,UnincorporatedVIC.csv,,,
Born in Oceania and Antarctica (excluding Australia) (%),237.92,0.8,Wangaratta.csv,,,
Born in North-West Europe (%),981.42,3.3,Wangaratta.csv,,,
Born in Southern and Eastern Europe (%),416.36,1.4,Wangaratta.csv,,,
Born in North Africa and the Middle East (%),29.74,0.1,Wangaratta.csv,,,
Born in South-East Asia (%),386.62,1.3,Wangaratta.csv,,,
Born in North-East Asia (%),89.22,0.3,Wangaratta.csv,,,
Born in Southern and Central Asia (%),297.4,1,Wangaratta.csv,,,
Born in Americas (%),118.96,0.4,Wangaratta.csv,,,
Born in Sub-Saharan Africa (%),118.96,0.4,Wangaratta.csv,,,
Total,2676.6,9,Wangaratta.csv,,,
Born in Oceania and Antarctica (excluding Australia) (%),460.447,1.3,Warranambool.csv,,,
Born in North-West Europe (%),1062.57,3,Warranambool.csv,,,
Born in Southern and Eastern Europe (%),141.676,0.4,Warranambool.csv,,,
Born in North Africa and the Middle East (%),70.838,0.2,Warranambool.csv,,,
Born in South-East Asia (%),602.123,1.7,Warranambool.csv,,,
Born in North-East Asia (%),354.19,1,Warranambool.csv,,,
Born in Southern and Central Asia (%),354.19,1,Warranambool.csv,,,
Born in Americas (%),141.676,0.4,Warranambool.csv,,,
Born in Sub-Saharan Africa (%),177.095,0.5,Warranambool.csv,,,
Total,3364.805,9.5,Warranambool.csv,,,
Born in Oceania and Antarctica (excluding Australia) (%),636.328,1.4,Wellington.csv,,,
Born in North-West Europe (%),2181.696,4.8,Wellington.csv,,,
Born in Southern and Eastern Europe (%),409.068,0.9,Wellington.csv,,,
Born in North Africa and the Middle East (%),90.904,0.2,Wellington.csv,,,
Born in South-East Asia (%),727.232,1.6,Wellington.csv,,,
Born in North-East Asia (%),136.356,0.3,Wellington.csv,,,
Born in Southern and Central Asia (%),363.616,0.8,Wellington.csv,,,
Born in Americas (%),227.26,0.5,Wellington.csv,,,
Born in Sub-Saharan Africa (%),227.26,0.5,Wellington.csv,,,
Total,4999.72,11,Wellington.csv,,,
Born in Oceania and Antarctica (excluding Australia) (%),39.77,1,WestWimmera.csv,,,
Born in North-West Europe (%),127.264,3.2,WestWimmera.csv,,,
Born in Southern and Eastern Europe (%),15.908,0.4,WestWimmera.csv,,,
Born in South-East Asia (%),27.839,0.7,WestWimmera.csv,,,
Born in North-East Asia (%),7.954,0.2,WestWimmera.csv,,,
Born in Southern and Central Asia (%),23.862,0.6,WestWimmera.csv,,,
Born in Americas (%),11.931,0.3,WestWimmera.csv,,,
Born in Sub-Saharan Africa (%),11.931,0.3,WestWimmera.csv,,,
Total,266.459,6.7,WestWimmera.csv,,,
Born in Oceania and Antarctica (excluding Australia) (%),2225.171,1.3,Whitehorse.csv,,,
Born in North-West Europe (%),6162.012,3.6,Whitehorse.csv,,,
Born in Southern and Eastern Europe (%),5135.01,3,Whitehorse.csv,,,
Born in North Africa and the Middle East (%),2396.338,1.4,Whitehorse.csv,,,
Born in South-East Asia (%),13351.026,7.8,Whitehorse.csv,,,
Born in North-East Asia (%),27729.054,16.2,Whitehorse.csv,,,
Born in Southern and Central Asia (%),10783.521,6.3,Whitehorse.csv,,,
Born in Americas (%),1711.67,1,Whitehorse.csv,,,
Born in Sub-Saharan Africa (%),1711.67,1,Whitehorse.csv,,,
Total,71205.472,41.6,Whitehorse.csv,,,
Born in Oceania and Antarctica (excluding Australia) (%),4172.382,1.8,Whittlesea.csv,,,
Born in North-West Europe (%),4635.98,2,Whittlesea.csv,,,
Born in Southern and Eastern Europe (%),20398.312,8.8,Whittlesea.csv,,,
Born in North Africa and the Middle East (%),12285.347,5.3,Whittlesea.csv,,,
Born in South-East Asia (%),10894.553,4.7,Whittlesea.csv,,,
Born in North-East Asia (%),5099.578,2.2,Whittlesea.csv,,,
Born in Southern and Central Asia (%),25266.091,10.9,Whittlesea.csv,,,
Born in Americas (%),1622.593,0.7,Whittlesea.csv,,,
Born in Sub-Saharan Africa (%),3245.186,1.4,Whittlesea.csv,,,
Total,87620.022,37.8,Whittlesea.csv,,,
Born in Oceania and Antarctica (excluding Australia) (%),475.013,1.1,Wodonga.csv,,,
Born in North-West Europe (%),1597.771,3.7,Wodonga.csv,,,
Born in Southern and Eastern Europe (%),431.83,1,Wodonga.csv,,,
Born in North Africa and the Middle East (%),129.549,0.3,Wodonga.csv,,,
Born in South-East Asia (%),690.928,1.6,Wodonga.csv,,,
Born in North-East Asia (%),129.549,0.3,Wodonga.csv,,,
Born in Southern and Central Asia (%),734.111,1.7,Wodonga.csv,,,
Born in Americas (%),172.732,0.4,Wodonga.csv,,,
Born in Sub-Saharan Africa (%),561.379,1.3,Wodonga.csv,,,
Total,4922.862,11.4,Wodonga.csv,,,
Born in Oceania and Antarctica (excluding Australia) (%),12736.299,4.3,Wyndham.csv,,,
Born in North-West Europe (%),7997.211,2.7,Wyndham.csv,,,
Born in Southern and Eastern Europe (%),8293.404,2.8,Wyndham.csv,,,
Born in North Africa and the Middle East (%),6220.053,2.1,Wyndham.csv,,,
Born in South-East Asia (%),21918.282,7.4,Wyndham.csv,,,
Born in North-East Asia (%),9774.369,3.3,Wyndham.csv,,,
Born in Southern and Central Asia (%),63385.302,21.4,Wyndham.csv,,,
Born in Americas (%),3258.123,1.1,Wyndham.csv,,,
Born in Sub-Saharan Africa (%),8589.597,2.9,Wyndham.csv,,,
Total,142172.64,48,Wyndham.csv,,,
Born in Oceania and Antarctica (excluding Australia) (%),2837.833,3.1,Yarra.csv,,,
Born in North-West Europe (%),6591.096,7.2,Yarra.csv,,,
Born in Southern and Eastern Europe (%),3112.462,3.4,Yarra.csv,,,
Born in North Africa and the Middle East (%),1006.973,1.1,Yarra.csv,,,
Born in South-East Asia (%),5034.865,5.5,Yarra.csv,,,
Born in North-East Asia (%),2288.575,2.5,Yarra.csv,,,
Born in Southern and Central Asia (%),1281.602,1.4,Yarra.csv,,,
Born in Americas (%),2380.118,2.6,Yarra.csv,,,
Born in Sub-Saharan Africa (%),1556.231,1.7,Yarra.csv,,,
Total,26089.755,28.5,Yarra.csv,,,
Born in Oceania and Antarctica (excluding Australia) (%),2046.447,1.3,YarraRanges.csv,,,
Born in North-West Europe (%),12436.101,7.9,YarraRanges.csv,,,
Born in Southern and Eastern Europe (%),2361.285,1.5,YarraRanges.csv,,,
Born in North Africa and the Middle East (%),629.676,0.4,YarraRanges.csv,,,
Born in South-East Asia (%),3305.799,2.1,YarraRanges.csv,,,
Born in North-East Asia (%),1416.771,0.9,YarraRanges.csv,,,
Born in Southern and Central Asia (%),1731.609,1.1,YarraRanges.csv,,,
Born in Americas (%),1259.352,0.8,YarraRanges.csv,,,
Born in Sub-Saharan Africa (%),1259.352,0.8,YarraRanges.csv,,,
Total,26446.392,16.8,YarraRanges.csv,,,
Born in Oceania and Antarctica (excluding Australia) (%),58.599,0.9,Yarriambiack.csv,,,
Born in North-West Europe (%),169.286,2.6,Yarriambiack.csv,,,
Born in Southern and Eastern Europe (%),32.555,0.5,Yarriambiack.csv,,,
Born in North Africa and the Middle East (%),13.022,0.2,Yarriambiack.csv,,,
Born in South-East Asia (%),52.088,0.8,Yarriambiack.csv,,,
Born in North-East Asia (%),13.022,0.2,Yarriambiack.csv,,,
Born in Southern and Central Asia (%),58.599,0.9,Yarriambiack.csv,,,
Born in Americas (%),32.555,0.5,Yarriambiack.csv,,,
Born in Sub-Saharan Africa (%),19.533,0.3,Yarriambiack.csv,,,
Total,449.259,6.9,Yarriambiack.csv,,,
