ethnicGroup,ethnicPopulation,ethnicPercentage,FileName
Born in Oceania and Antarctica (excluding Australia) (%),281.061,1.1,Adelaide.csv
Born in North-West Europe (%),1609.713,6.3,Adelaide.csv
Born in Southern and Eastern Europe (%),638.775,2.5,Adelaide.csv
Born in North Africa and the Middle East (%),485.469,1.9,Adelaide.csv
Born in South-East Asia (%),2095.182,8.2,Adelaide.csv
Born in North-East Asia (%),4215.915,16.5,Adelaide.csv
Born in Southern and Central Asia (%),1277.55,5,Adelaide.csv
Born in Americas (%),664.326,2.6,Adelaide.csv
Born in Sub-Saharan Africa (%),281.061,1.1,Adelaide.csv
Total,11549.052,45.2,Adelaide.csv
Born in Oceania and Antarctica (excluding Australia) (%),412.5,1,AdelaideHills.csv
Born in North-West Europe (%),4083.75,9.9,AdelaideHills.csv
Born in Southern and Eastern Europe (%),577.5,1.4,AdelaideHills.csv
Born in North Africa and the Middle East (%),123.75,0.3,AdelaideHills.csv
Born in South-East Asia (%),412.5,1,AdelaideHills.csv
Born in North-East Asia (%),330,0.8,AdelaideHills.csv
Born in Southern and Central Asia (%),165,0.4,AdelaideHills.csv
Born in Americas (%),412.5,1,AdelaideHills.csv
Born in Sub-Saharan Africa (%),371.25,0.9,AdelaideHills.csv
Total,6888.75,16.7,AdelaideHills.csv
Born in Oceania and Antarctica (excluding Australia) (%),179.586,1.8,AdelaidePlains.csv
Born in North-West Europe (%),728.321,7.3,AdelaidePlains.csv
Born in Southern and Eastern Europe (%),149.655,1.5,AdelaidePlains.csv
Born in North Africa and the Middle East (%),9.977,0.1,AdelaidePlains.csv
Born in South-East Asia (%),139.678,1.4,AdelaidePlains.csv
Born in North-East Asia (%),9.977,0.1,AdelaidePlains.csv
Born in Southern and Central Asia (%),29.931,0.3,AdelaidePlains.csv
Born in Americas (%),19.954,0.2,AdelaidePlains.csv
Born in Sub-Saharan Africa (%),29.931,0.3,AdelaidePlains.csv
Total,1297.01,13,AdelaidePlains.csv
Born in Oceania and Antarctica (excluding Australia) (%),292.57,1,Alexandrina.csv
Born in North-West Europe (%),3569.354,12.2,Alexandrina.csv
Born in Southern and Eastern Europe (%),204.799,0.7,Alexandrina.csv
Born in North Africa and the Middle East (%),29.257,0.1,Alexandrina.csv
Born in South-East Asia (%),204.799,0.7,Alexandrina.csv
Born in North-East Asia (%),58.514,0.2,Alexandrina.csv
Born in Southern and Central Asia (%),87.771,0.3,Alexandrina.csv
Born in Americas (%),146.285,0.5,Alexandrina.csv
Born in Sub-Saharan Africa (%),175.542,0.6,Alexandrina.csv
Total,4768.891,16.3,Alexandrina.csv
Born in Oceania and Antarctica (excluding Australia) (%),25.54,1,AnanguPitjantjatjara.csv
Born in North-West Europe (%),15.324,0.6,AnanguPitjantjatjara.csv
Born in Southern and Eastern Europe (%),2.554,0.1,AnanguPitjantjatjara.csv
Born in North Africa and the Middle East (%),0,0,AnanguPitjantjatjara.csv
Born in South-East Asia (%),7.662,0.3,AnanguPitjantjatjara.csv
Born in North-East Asia (%),2.554,0.1,AnanguPitjantjatjara.csv
Born in Southern and Central Asia (%),2.554,0.1,AnanguPitjantjatjara.csv
Born in Americas (%),5.108,0.2,AnanguPitjantjatjara.csv
Born in Sub-Saharan Africa (%),7.662,0.3,AnanguPitjantjatjara.csv
Total,68.958,2.7,AnanguPitjantjatjara.csv
Born in Oceania and Antarctica (excluding Australia) (%),230.121,0.9,Barossa.csv
Born in North-West Europe (%),2096.658,8.2,Barossa.csv
Born in Southern and Eastern Europe (%),153.414,0.6,Barossa.csv
Born in North Africa and the Middle East (%),25.569,0.1,Barossa.csv
Born in South-East Asia (%),127.845,0.5,Barossa.csv
Born in North-East Asia (%),51.138,0.2,Barossa.csv
Born in Southern and Central Asia (%),51.138,0.2,Barossa.csv
Born in Americas (%),153.414,0.6,Barossa.csv
Born in Sub-Saharan Africa (%),127.845,0.5,Barossa.csv
Total,3017.142,11.8,Barossa.csv
Born in Oceania and Antarctica (excluding Australia) (%),8.028,0.3,BarungaWest.csv
Born in North-West Europe (%),163.236,6.1,BarungaWest.csv
Born in Southern and Eastern Europe (%),8.028,0.3,BarungaWest.csv
Born in South-East Asia (%),10.704,0.4,BarungaWest.csv
Born in North-East Asia (%),2.676,0.1,BarungaWest.csv
Born in Southern and Central Asia (%),5.352,0.2,BarungaWest.csv
Born in Americas (%),2.676,0.1,BarungaWest.csv
Born in Sub-Saharan Africa (%),5.352,0.2,BarungaWest.csv
Total,206.052,7.7,BarungaWest.csv
Born in Oceania and Antarctica (excluding Australia) (%),128.964,1.2,BerriBarmera.csv
Born in North-West Europe (%),462.121,4.3,BerriBarmera.csv
Born in Southern and Eastern Europe (%),257.928,2.4,BerriBarmera.csv
Born in North Africa and the Middle East (%),21.494,0.2,BerriBarmera.csv
Born in South-East Asia (%),118.217,1.1,BerriBarmera.csv
Born in North-East Asia (%),42.988,0.4,BerriBarmera.csv
Born in Southern and Central Asia (%),214.94,2,BerriBarmera.csv
Born in Americas (%),32.241,0.3,BerriBarmera.csv
Born in Sub-Saharan Africa (%),42.988,0.4,BerriBarmera.csv
Total,1321.881,12.3,BerriBarmera.csv
Born in Oceania and Antarctica (excluding Australia) (%),464.44,1,Burnside.csv
Born in North-West Europe (%),3158.192,6.8,Burnside.csv
Born in Southern and Eastern Europe (%),1439.764,3.1,Burnside.csv
Born in North Africa and the Middle East (%),743.104,1.6,Burnside.csv
Born in South-East Asia (%),1997.092,4.3,Burnside.csv
Born in North-East Asia (%),3901.296,8.4,Burnside.csv
Born in Southern and Central Asia (%),2461.532,5.3,Burnside.csv
Born in Americas (%),696.66,1.5,Burnside.csv
Born in Sub-Saharan Africa (%),510.884,1.1,Burnside.csv
Total,15372.964,33.1,Burnside.csv
Born in Oceania and Antarctica (excluding Australia) (%),332.85,0.6,Campbelltown.csv
Born in North-West Europe (%),2773.75,5,Campbelltown.csv
Born in Southern and Eastern Europe (%),4438,8,Campbelltown.csv
Born in North Africa and the Middle East (%),1109.5,2,Campbelltown.csv
Born in South-East Asia (%),2108.05,3.8,Campbelltown.csv
Born in North-East Asia (%),4105.15,7.4,Campbelltown.csv
Born in Southern and Central Asia (%),3938.725,7.1,Campbelltown.csv
Born in Americas (%),665.7,1.2,Campbelltown.csv
Born in Sub-Saharan Africa (%),665.7,1.2,Campbelltown.csv
Total,20137.425,36.3,Campbelltown.csv
Born in Oceania and Antarctica (excluding Australia) (%),51.114,1.4,Ceduna.csv
Born in North-West Europe (%),94.926,2.6,Ceduna.csv
Born in Southern and Eastern Europe (%),21.906,0.6,Ceduna.csv
Born in South-East Asia (%),21.906,0.6,Ceduna.csv
Born in North-East Asia (%),14.604,0.4,Ceduna.csv
Born in Southern and Central Asia (%),51.114,1.4,Ceduna.csv
Born in Americas (%),7.302,0.2,Ceduna.csv
Born in Sub-Saharan Africa (%),10.953,0.3,Ceduna.csv
Total,273.825,7.5,Ceduna.csv
Born in Oceania and Antarctica (excluding Australia) (%),985.168,0.8,CharlesSturt.csv
Born in North-West Europe (%),7019.322,5.7,CharlesSturt.csv
Born in Southern and Eastern Europe (%),9235.95,7.5,CharlesSturt.csv
Born in North Africa and the Middle East (%),1477.752,1.2,CharlesSturt.csv
Born in South-East Asia (%),5418.424,4.4,CharlesSturt.csv
Born in North-East Asia (%),1847.19,1.5,CharlesSturt.csv
Born in Southern and Central Asia (%),5541.57,4.5,CharlesSturt.csv
Born in Americas (%),1600.898,1.3,CharlesSturt.csv
Born in Sub-Saharan Africa (%),1600.898,1.3,CharlesSturt.csv
Total,34727.172,28.2,CharlesSturt.csv
Born in Oceania and Antarctica (excluding Australia) (%),74.928,0.8,ClareandGilbertValleys.csv
Born in North-West Europe (%),571.326,6.1,ClareandGilbertValleys.csv
Born in Southern and Eastern Europe (%),46.83,0.5,ClareandGilbertValleys.csv
Born in North Africa and the Middle East (%),9.366,0.1,ClareandGilbertValleys.csv
Born in South-East Asia (%),74.928,0.8,ClareandGilbertValleys.csv
Born in North-East Asia (%),18.732,0.2,ClareandGilbertValleys.csv
Born in Southern and Central Asia (%),74.928,0.8,ClareandGilbertValleys.csv
Born in Americas (%),37.464,0.4,ClareandGilbertValleys.csv
Born in Sub-Saharan Africa (%),28.098,0.3,ClareandGilbertValleys.csv
Total,936.6,10,ClareandGilbertValleys.csv
Born in Oceania and Antarctica (excluding Australia) (%),14.208,0.8,Cleve.csv
Born in North-West Europe (%),39.072,2.2,Cleve.csv
Born in Southern and Eastern Europe (%),5.328,0.3,Cleve.csv
Born in South-East Asia (%),8.88,0.5,Cleve.csv
Born in Southern and Central Asia (%),7.104,0.4,Cleve.csv
Born in Americas (%),3.552,0.2,Cleve.csv
Born in Sub-Saharan Africa (%),10.656,0.6,Cleve.csv
Total,88.8,5,Cleve.csv
Born in Oceania and Antarctica (excluding Australia) (%),17.864,1.1,CooberPedy.csv
Born in North-West Europe (%),87.696,5.4,CooberPedy.csv
Born in Southern and Eastern Europe (%),139.664,8.6,CooberPedy.csv
Born in North Africa and the Middle East (%),3.248,0.2,CooberPedy.csv
Born in South-East Asia (%),45.472,2.8,CooberPedy.csv
Born in North-East Asia (%),14.616,0.9,CooberPedy.csv
Born in Southern and Central Asia (%),90.944,5.6,CooberPedy.csv
Born in Americas (%),8.12,0.5,CooberPedy.csv
Born in Sub-Saharan Africa (%),4.872,0.3,CooberPedy.csv
Total,412.496,25.4,CooberPedy.csv
Born in Oceania and Antarctica (excluding Australia) (%),50.391,0.9,TheCoorong.csv
Born in North-West Europe (%),279.95,5,TheCoorong.csv
Born in Southern and Eastern Europe (%),16.797,0.3,TheCoorong.csv
Born in North Africa and the Middle East (%),0,0,TheCoorong.csv
Born in South-East Asia (%),50.391,0.9,TheCoorong.csv
Born in North-East Asia (%),11.198,0.2,TheCoorong.csv
Born in Southern and Central Asia (%),33.594,0.6,TheCoorong.csv
Born in Americas (%),0,0,TheCoorong.csv
Born in Sub-Saharan Africa (%),27.995,0.5,TheCoorong.csv
Total,470.316,8.4,TheCoorong.csv
Born in Oceania and Antarctica (excluding Australia) (%),92.016,0.6,CopperCoast.csv
Born in North-West Europe (%),996.84,6.5,CopperCoast.csv
Born in Southern and Eastern Europe (%),122.688,0.8,CopperCoast.csv
Born in South-East Asia (%),92.016,0.6,CopperCoast.csv
Born in North-East Asia (%),30.672,0.2,CopperCoast.csv
Born in Southern and Central Asia (%),61.344,0.4,CopperCoast.csv
Born in Americas (%),30.672,0.2,CopperCoast.csv
Born in Sub-Saharan Africa (%),46.008,0.3,CopperCoast.csv
Total,1472.256,9.6,CopperCoast.csv
Born in Oceania and Antarctica (excluding Australia) (%),7.266,0.7,Elliston.csv
Born in North-West Europe (%),32.178,3.1,Elliston.csv
Born in Southern and Eastern Europe (%),5.19,0.5,Elliston.csv
Born in South-East Asia (%),7.266,0.7,Elliston.csv
Born in North-East Asia (%),0,0,Elliston.csv
Born in Southern and Central Asia (%),5.19,0.5,Elliston.csv
Born in Americas (%),6.228,0.6,Elliston.csv
Total,63.318,6.1,Elliston.csv
Born in Oceania and Antarctica (excluding Australia) (%),11.802,0.7,FlindersRanges.csv
Born in North-West Europe (%),74.184,4.4,FlindersRanges.csv
Born in Southern and Eastern Europe (%),8.43,0.5,FlindersRanges.csv
Born in South-East Asia (%),8.43,0.5,FlindersRanges.csv
Born in Southern and Central Asia (%),15.174,0.9,FlindersRanges.csv
Born in Americas (%),3.372,0.2,FlindersRanges.csv
Born in Sub-Saharan Africa (%),6.744,0.4,FlindersRanges.csv
Total,128.136,7.6,FlindersRanges.csv
Born in Oceania and Antarctica (excluding Australia) (%),14.553,1.1,FranklinHarbour.csv
Born in North-West Europe (%),48.951,3.7,FranklinHarbour.csv
Born in South-East Asia (%),15.876,1.2,FranklinHarbour.csv
Born in Americas (%),2.646,0.2,FranklinHarbour.csv
Born in Sub-Saharan Africa (%),7.938,0.6,FranklinHarbour.csv
Total,89.964,6.8,FranklinHarbour.csv
Born in Oceania and Antarctica (excluding Australia) (%),202.432,0.8,Gawler.csv
Born in North-West Europe (%),2935.264,11.6,Gawler.csv
Born in Southern and Eastern Europe (%),303.648,1.2,Gawler.csv
Born in North Africa and the Middle East (%),50.608,0.2,Gawler.csv
Born in South-East Asia (%),303.648,1.2,Gawler.csv
Born in North-East Asia (%),101.216,0.4,Gawler.csv
Born in Southern and Central Asia (%),101.216,0.4,Gawler.csv
Born in Americas (%),151.824,0.6,Gawler.csv
Born in Sub-Saharan Africa (%),151.824,0.6,Gawler.csv
Total,4301.68,17,Gawler.csv
Born in Oceania and Antarctica (excluding Australia) (%),37.242,0.9,Goyder.csv
Born in North-West Europe (%),289.66,7,Goyder.csv
Born in Southern and Eastern Europe (%),8.276,0.2,Goyder.csv
Born in North Africa and the Middle East (%),8.276,0.2,Goyder.csv
Born in South-East Asia (%),37.242,0.9,Goyder.csv
Born in North-East Asia (%),4.138,0.1,Goyder.csv
Born in Southern and Central Asia (%),12.414,0.3,Goyder.csv
Born in Americas (%),4.138,0.1,Goyder.csv
Born in Sub-Saharan Africa (%),12.414,0.3,Goyder.csv
Total,413.8,10,Goyder.csv
Born in Oceania and Antarctica (excluding Australia) (%),106.344,1.2,Grant.csv
Born in North-West Europe (%),336.756,3.8,Grant.csv
Born in Southern and Eastern Europe (%),62.034,0.7,Grant.csv
Born in North Africa and the Middle East (%),0,0,Grant.csv
Born in South-East Asia (%),62.034,0.7,Grant.csv
Born in North-East Asia (%),8.862,0.1,Grant.csv
Born in Southern and Central Asia (%),17.724,0.2,Grant.csv
Born in Americas (%),35.448,0.4,Grant.csv
Born in Sub-Saharan Africa (%),53.172,0.6,Grant.csv
Total,682.374,7.7,Grant.csv
Born in Oceania and Antarctica (excluding Australia) (%),416.548,1.1,HoldfastBay.csv
Born in North-West Europe (%),4354.82,11.5,HoldfastBay.csv
Born in Southern and Eastern Europe (%),870.964,2.3,HoldfastBay.csv
Born in North Africa and the Middle East (%),340.812,0.9,HoldfastBay.csv
Born in South-East Asia (%),568.02,1.5,HoldfastBay.csv
Born in North-East Asia (%),454.416,1.2,HoldfastBay.csv
Born in Southern and Central Asia (%),719.492,1.9,HoldfastBay.csv
Born in Americas (%),757.36,2,HoldfastBay.csv
Born in Sub-Saharan Africa (%),454.416,1.2,HoldfastBay.csv
Total,8936.848,23.6,HoldfastBay.csv
Born in Oceania and Antarctica (excluding Australia) (%),104.979,2.1,KangarooIsland.csv
Born in North-West Europe (%),399.92,8,KangarooIsland.csv
Born in Southern and Eastern Europe (%),29.994,0.6,KangarooIsland.csv
Born in North Africa and the Middle East (%),4.999,0.1,KangarooIsland.csv
Born in South-East Asia (%),54.989,1.1,KangarooIsland.csv
Born in North-East Asia (%),24.995,0.5,KangarooIsland.csv
Born in Southern and Central Asia (%),14.997,0.3,KangarooIsland.csv
Born in Americas (%),49.99,1,KangarooIsland.csv
Born in Sub-Saharan Africa (%),29.994,0.6,KangarooIsland.csv
Total,714.857,14.3,KangarooIsland.csv
Born in Oceania and Antarctica (excluding Australia) (%),9.225,0.9,KaroondaEastMurray.csv
Born in North-West Europe (%),30.75,3,KaroondaEastMurray.csv
Born in South-East Asia (%),12.3,1.2,KaroondaEastMurray.csv
Born in North-East Asia (%),3.075,0.3,KaroondaEastMurray.csv
Born in Southern and Central Asia (%),3.075,0.3,KaroondaEastMurray.csv
Born in Americas (%),4.1,0.4,KaroondaEastMurray.csv
Born in Sub-Saharan Africa (%),5.125,0.5,KaroondaEastMurray.csv
Total,67.65,6.6,KaroondaEastMurray.csv
Born in Oceania and Antarctica (excluding Australia) (%),6.318,0.6,Kimba.csv
Born in North-West Europe (%),20.007,1.9,Kimba.csv
Born in South-East Asia (%),3.159,0.3,Kimba.csv
Born in Southern and Central Asia (%),11.583,1.1,Kimba.csv
Born in Sub-Saharan Africa (%),3.159,0.3,Kimba.csv
Total,44.226,4.2,Kimba.csv
Born in Oceania and Antarctica (excluding Australia) (%),35.625,1.5,Kingston.csv
Born in North-West Europe (%),95,4,Kingston.csv
Born in Southern and Eastern Europe (%),2.375,0.1,Kingston.csv
Born in South-East Asia (%),9.5,0.4,Kingston.csv
Born in North-East Asia (%),7.125,0.3,Kingston.csv
Born in Southern and Central Asia (%),4.75,0.2,Kingston.csv
Born in Americas (%),4.75,0.2,Kingston.csv
Born in Sub-Saharan Africa (%),9.5,0.4,Kingston.csv
Total,168.625,7.1,Kingston.csv
Born in Oceania and Antarctica (excluding Australia) (%),96.498,0.6,Light.csv
Born in North-West Europe (%),1302.723,8.1,Light.csv
Born in Southern and Eastern Europe (%),96.498,0.6,Light.csv
Born in North Africa and the Middle East (%),16.083,0.1,Light.csv
Born in South-East Asia (%),96.498,0.6,Light.csv
Born in North-East Asia (%),16.083,0.1,Light.csv
Born in Southern and Central Asia (%),32.166,0.2,Light.csv
Born in Americas (%),64.332,0.4,Light.csv
Born in Sub-Saharan Africa (%),64.332,0.4,Light.csv
Total,1785.213,11.1,Light.csv
Born in Oceania and Antarctica (excluding Australia) (%),48.48,0.8,LowerEyrePeninsula.csv
Born in North-West Europe (%),236.34,3.9,LowerEyrePeninsula.csv
Born in Southern and Eastern Europe (%),12.12,0.2,LowerEyrePeninsula.csv
Born in South-East Asia (%),36.36,0.6,LowerEyrePeninsula.csv
Born in North-East Asia (%),6.06,0.1,LowerEyrePeninsula.csv
Born in Southern and Central Asia (%),6.06,0.1,LowerEyrePeninsula.csv
Born in Americas (%),12.12,0.2,LowerEyrePeninsula.csv
Born in Sub-Saharan Africa (%),24.24,0.4,LowerEyrePeninsula.csv
Total,381.78,6.3,LowerEyrePeninsula.csv
Born in Oceania and Antarctica (excluding Australia) (%),95.376,0.8,LoxtonWaikerie.csv
Born in North-West Europe (%),405.348,3.4,LoxtonWaikerie.csv
Born in Southern and Eastern Europe (%),95.376,0.8,LoxtonWaikerie.csv
Born in North Africa and the Middle East (%),11.922,0.1,LoxtonWaikerie.csv
Born in South-East Asia (%),143.064,1.2,LoxtonWaikerie.csv
Born in North-East Asia (%),35.766,0.3,LoxtonWaikerie.csv
Born in Southern and Central Asia (%),131.142,1.1,LoxtonWaikerie.csv
Born in Americas (%),23.844,0.2,LoxtonWaikerie.csv
Born in Sub-Saharan Africa (%),47.688,0.4,LoxtonWaikerie.csv
Total,989.526,8.3,LoxtonWaikerie.csv
0,0,0,MaralingaTjarutja.csv
0,0,0,MaralingaTjarutja.csv
0,0,0,MaralingaTjarutja.csv
0,0,0,MaralingaTjarutja.csv
0,0,0,MaralingaTjarutja.csv
0,0,0,MaralingaTjarutja.csv
0,0,0,MaralingaTjarutja.csv
0,0,0,MaralingaTjarutja.csv
0,0,0,MaralingaTjarutja.csv
Total,0,0,MaralingaTjarutja.csv
Born in Oceania and Antarctica (excluding Australia) (%),956.5,1,Marion.csv
Born in North-West Europe (%),8512.85,8.9,Marion.csv
Born in Southern and Eastern Europe (%),2582.55,2.7,Marion.csv
Born in North Africa and the Middle East (%),1530.4,1.6,Marion.csv
Born in South-East Asia (%),2965.15,3.1,Marion.csv
Born in North-East Asia (%),3252.1,3.4,Marion.csv
Born in Southern and Central Asia (%),5452.05,5.7,Marion.csv
Born in Americas (%),1052.15,1.1,Marion.csv
Born in Sub-Saharan Africa (%),1530.4,1.6,Marion.csv
Total,27834.15,29.1,Marion.csv
Born in Oceania and Antarctica (excluding Australia) (%),93.55,1,MidMurray.csv
Born in North-West Europe (%),729.69,7.8,MidMurray.csv
Born in Southern and Eastern Europe (%),46.775,0.5,MidMurray.csv
Born in North Africa and the Middle East (%),9.355,0.1,MidMurray.csv
Born in South-East Asia (%),46.775,0.5,MidMurray.csv
Born in North-East Asia (%),28.065,0.3,MidMurray.csv
Born in Southern and Central Asia (%),28.065,0.3,MidMurray.csv
Born in Americas (%),18.71,0.2,MidMurray.csv
Born in Sub-Saharan Africa (%),28.065,0.3,MidMurray.csv
Total,1029.05,11,MidMurray.csv
Born in Oceania and Antarctica (excluding Australia) (%),749.98,1.1,Mitcham.csv
Born in North-West Europe (%),5590.76,8.2,Mitcham.csv
Born in Southern and Eastern Europe (%),1704.5,2.5,Mitcham.csv
Born in North Africa and the Middle East (%),613.62,0.9,Mitcham.csv
Born in South-East Asia (%),1568.14,2.3,Mitcham.csv
Born in North-East Asia (%),1909.04,2.8,Mitcham.csv
Born in Southern and Central Asia (%),1977.22,2.9,Mitcham.csv
Born in Americas (%),818.16,1.2,Mitcham.csv
Born in Sub-Saharan Africa (%),818.16,1.2,Mitcham.csv
Total,15749.58,23.1,Mitcham.csv
Born in Oceania and Antarctica (excluding Australia) (%),396.27,1,MountBarker.csv
Born in North-West Europe (%),3487.176,8.8,MountBarker.csv
Born in Southern and Eastern Europe (%),277.389,0.7,MountBarker.csv
Born in North Africa and the Middle East (%),79.254,0.2,MountBarker.csv
Born in South-East Asia (%),475.524,1.2,MountBarker.csv
Born in North-East Asia (%),198.135,0.5,MountBarker.csv
Born in Southern and Central Asia (%),317.016,0.8,MountBarker.csv
Born in Americas (%),317.016,0.8,MountBarker.csv
Born in Sub-Saharan Africa (%),475.524,1.2,MountBarker.csv
Total,6023.304,15.2,MountBarker.csv
Born in Oceania and Antarctica (excluding Australia) (%),248.778,0.9,MountGambier.csv
Born in North-West Europe (%),1133.322,4.1,MountGambier.csv
Born in Southern and Eastern Europe (%),276.42,1,MountGambier.csv
Born in North Africa and the Middle East (%),82.926,0.3,MountGambier.csv
Born in South-East Asia (%),663.408,2.4,MountGambier.csv
Born in North-East Asia (%),110.568,0.4,MountGambier.csv
Born in Southern and Central Asia (%),248.778,0.9,MountGambier.csv
Born in Americas (%),82.926,0.3,MountGambier.csv
Born in Sub-Saharan Africa (%),276.42,1,MountGambier.csv
Total,3123.546,11.3,MountGambier.csv
Born in Oceania and Antarctica (excluding Australia) (%),35.052,1.2,MountRemarkable.csv
Born in North-West Europe (%),154.813,5.3,MountRemarkable.csv
Born in Southern and Eastern Europe (%),17.526,0.6,MountRemarkable.csv
Born in South-East Asia (%),14.605,0.5,MountRemarkable.csv
Born in North-East Asia (%),2.921,0.1,MountRemarkable.csv
Born in Southern and Central Asia (%),2.921,0.1,MountRemarkable.csv
Born in Americas (%),5.842,0.2,MountRemarkable.csv
Born in Sub-Saharan Africa (%),8.763,0.3,MountRemarkable.csv
Total,242.443,8.3,MountRemarkable.csv
Born in Oceania and Antarctica (excluding Australia) (%),245.828,1.1,MurrayBridge.csv
Born in North-West Europe (%),960.964,4.3,MurrayBridge.csv
Born in Southern and Eastern Europe (%),201.132,0.9,MurrayBridge.csv
Born in North Africa and the Middle East (%),89.392,0.4,MurrayBridge.csv
Born in South-East Asia (%),692.788,3.1,MurrayBridge.csv
Born in North-East Asia (%),245.828,1.1,MurrayBridge.csv
Born in Southern and Central Asia (%),178.784,0.8,MurrayBridge.csv
Born in Americas (%),67.044,0.3,MurrayBridge.csv
Born in Sub-Saharan Africa (%),156.436,0.7,MurrayBridge.csv
Total,2838.196,12.7,MurrayBridge.csv
Born in Oceania and Antarctica (excluding Australia) (%),240.192,2.7,NaracoorteLucindale.csv
Born in North-West Europe (%),266.88,3,NaracoorteLucindale.csv
Born in Southern and Eastern Europe (%),17.792,0.2,NaracoorteLucindale.csv
Born in North Africa and the Middle East (%),8.896,0.1,NaracoorteLucindale.csv
Born in South-East Asia (%),373.632,4.2,NaracoorteLucindale.csv
Born in North-East Asia (%),115.648,1.3,NaracoorteLucindale.csv
Born in Southern and Central Asia (%),231.296,2.6,NaracoorteLucindale.csv
Born in Americas (%),26.688,0.3,NaracoorteLucindale.csv
Born in Sub-Saharan Africa (%),53.376,0.6,NaracoorteLucindale.csv
Total,1334.4,15,NaracoorteLucindale.csv
Born in Oceania and Antarctica (excluding Australia) (%),32.613,0.7,NorthernAreas.csv
Born in North-West Europe (%),181.701,3.9,NorthernAreas.csv
Born in Southern and Eastern Europe (%),18.636,0.4,NorthernAreas.csv
Born in South-East Asia (%),13.977,0.3,NorthernAreas.csv
Born in North-East Asia (%),9.318,0.2,NorthernAreas.csv
Born in Southern and Central Asia (%),18.636,0.4,NorthernAreas.csv
Born in Americas (%),13.977,0.3,NorthernAreas.csv
Born in Sub-Saharan Africa (%),23.295,0.5,NorthernAreas.csv
Total,312.153,6.7,NorthernAreas.csv
Born in Oceania and Antarctica (excluding Australia) (%),340.65,0.9,NorwoodPaynehamandStPeters.csv
Born in North-West Europe (%),2308.85,6.1,NorwoodPaynehamandStPeters.csv
Born in Southern and Eastern Europe (%),2119.6,5.6,NorwoodPaynehamandStPeters.csv
Born in North Africa and the Middle East (%),492.05,1.3,NorwoodPaynehamandStPeters.csv
Born in South-East Asia (%),1249.05,3.3,NorwoodPaynehamandStPeters.csv
Born in North-East Asia (%),2233.15,5.9,NorwoodPaynehamandStPeters.csv
Born in Southern and Central Asia (%),2043.9,5.4,NorwoodPaynehamandStPeters.csv
Born in Americas (%),643.45,1.7,NorwoodPaynehamandStPeters.csv
Born in Sub-Saharan Africa (%),378.5,1,NorwoodPaynehamandStPeters.csv
Total,11809.2,31.2,NorwoodPaynehamandStPeters.csv
Born in Oceania and Antarctica (excluding Australia) (%),2119.536,1.2,Onkaparinga.csv
Born in North-West Europe (%),22961.64,13,Onkaparinga.csv
Born in Southern and Eastern Europe (%),2826.048,1.6,Onkaparinga.csv
Born in North Africa and the Middle East (%),1059.768,0.6,Onkaparinga.csv
Born in South-East Asia (%),2296.164,1.3,Onkaparinga.csv
Born in North-East Asia (%),1236.396,0.7,Onkaparinga.csv
Born in Southern and Central Asia (%),1942.908,1.1,Onkaparinga.csv
Born in Americas (%),1236.396,0.7,Onkaparinga.csv
Born in Sub-Saharan Africa (%),1766.28,1,Onkaparinga.csv
Total,37445.136,21.2,Onkaparinga.csv
Born in Oceania and Antarctica (excluding Australia) (%),2.673,0.3,OrrorooCarrieton.csv
Born in North-West Europe (%),34.749,3.9,OrrorooCarrieton.csv
Born in Southern and Eastern Europe (%),8.019,0.9,OrrorooCarrieton.csv
Born in North Africa and the Middle East (%),2.673,0.3,OrrorooCarrieton.csv
Born in South-East Asia (%),0,0,OrrorooCarrieton.csv
Born in Southern and Central Asia (%),5.346,0.6,OrrorooCarrieton.csv
Born in Sub-Saharan Africa (%),4.455,0.5,OrrorooCarrieton.csv
Total born overseas (%),49.896,5.6,OrrorooCarrieton.csv
Total,107.811,12.1,OrrorooCarrieton.csv
Born in Oceania and Antarctica (excluding Australia) (%),20.028,1.2,Peterborough.csv
Born in North-West Europe (%),100.14,6,Peterborough.csv
Born in Southern and Eastern Europe (%),11.683,0.7,Peterborough.csv
Born in North Africa and the Middle East (%),0,0,Peterborough.csv
Born in South-East Asia (%),11.683,0.7,Peterborough.csv
Born in Southern and Central Asia (%),6.676,0.4,Peterborough.csv
Born in Americas (%),0,0,Peterborough.csv
Born in Sub-Saharan Africa (%),3.338,0.2,Peterborough.csv
Total,153.548,9.2,Peterborough.csv
Born in Oceania and Antarctica (excluding Australia) (%),804.584,0.8,Playford.csv
Born in North-West Europe (%),8448.132,8.4,Playford.csv
Born in Southern and Eastern Europe (%),1307.449,1.3,Playford.csv
Born in North Africa and the Middle East (%),1206.876,1.2,Playford.csv
Born in South-East Asia (%),3117.763,3.1,Playford.csv
Born in North-East Asia (%),301.719,0.3,Playford.csv
Born in Southern and Central Asia (%),3821.774,3.8,Playford.csv
Born in Americas (%),502.865,0.5,Playford.csv
Born in Sub-Saharan Africa (%),2413.752,2.4,Playford.csv
Total,21924.914,21.8,Playford.csv
Born in Oceania and Antarctica (excluding Australia) (%),1207.818,0.9,PortAdelaideEnfield.csv
Born in North-West Europe (%),7112.706,5.3,PortAdelaideEnfield.csv
Born in Southern and Eastern Europe (%),5099.676,3.8,PortAdelaideEnfield.csv
Born in North Africa and the Middle East (%),2013.03,1.5,PortAdelaideEnfield.csv
Born in South-East Asia (%),9796.746,7.3,PortAdelaideEnfield.csv
Born in North-East Asia (%),4294.464,3.2,PortAdelaideEnfield.csv
Born in Southern and Central Asia (%),15567.432,11.6,PortAdelaideEnfield.csv
Born in Americas (%),1207.818,0.9,PortAdelaideEnfield.csv
Born in Sub-Saharan Africa (%),1878.828,1.4,PortAdelaideEnfield.csv
Total,48178.518,35.9,PortAdelaideEnfield.csv
Born in Oceania and Antarctica (excluding Australia) (%),144.53,1,PortAugusta.csv
Born in North-West Europe (%),448.043,3.1,PortAugusta.csv
Born in Southern and Eastern Europe (%),72.265,0.5,PortAugusta.csv
Born in North Africa and the Middle East (%),28.906,0.2,PortAugusta.csv
Born in South-East Asia (%),173.436,1.2,PortAugusta.csv
Born in North-East Asia (%),43.359,0.3,PortAugusta.csv
Born in Southern and Central Asia (%),274.607,1.9,PortAugusta.csv
Born in Americas (%),14.453,0.1,PortAugusta.csv
Born in Sub-Saharan Africa (%),57.812,0.4,PortAugusta.csv
Total,1257.411,8.7,PortAugusta.csv
Born in Oceania and Antarctica (excluding Australia) (%),133.92,0.9,PortLincoln.csv
Born in North-West Europe (%),580.32,3.9,PortLincoln.csv
Born in Southern and Eastern Europe (%),148.8,1,PortLincoln.csv
Born in North Africa and the Middle East (%),0,0,PortLincoln.csv
Born in South-East Asia (%),208.32,1.4,PortLincoln.csv
Born in North-East Asia (%),44.64,0.3,PortLincoln.csv
Born in Southern and Central Asia (%),89.28,0.6,PortLincoln.csv
Born in Americas (%),44.64,0.3,PortLincoln.csv
Born in Sub-Saharan Africa (%),59.52,0.4,PortLincoln.csv
Total,1309.44,8.8,PortLincoln.csv
Born in Oceania and Antarctica (excluding Australia) (%),124.278,0.7,PortPirie.csv
Born in North-West Europe (%),585.882,3.3,PortPirie.csv
Born in Southern and Eastern Europe (%),195.294,1.1,PortPirie.csv
Born in North Africa and the Middle East (%),17.754,0.1,PortPirie.csv
Born in South-East Asia (%),159.786,0.9,PortPirie.csv
Born in North-East Asia (%),35.508,0.2,PortPirie.csv
Born in Southern and Central Asia (%),124.278,0.7,PortPirie.csv
Born in Americas (%),53.262,0.3,PortPirie.csv
Born in Sub-Saharan Africa (%),88.77,0.5,PortPirie.csv
Total,1384.812,7.8,PortPirie.csv
Born in Oceania and Antarctica (excluding Australia) (%),179.976,0.8,Prospect.csv
Born in North-West Europe (%),1124.85,5,Prospect.csv
Born in Southern and Eastern Europe (%),1034.862,4.6,Prospect.csv
Born in North Africa and the Middle East (%),224.97,1,Prospect.csv
Born in South-East Asia (%),1057.359,4.7,Prospect.csv
Born in North-East Asia (%),562.425,2.5,Prospect.csv
Born in Southern and Central Asia (%),1822.257,8.1,Prospect.csv
Born in Americas (%),269.964,1.2,Prospect.csv
Born in Sub-Saharan Africa (%),179.976,0.8,Prospect.csv
Total,6456.639,28.7,Prospect.csv
Born in Oceania and Antarctica (excluding Australia) (%),130.117,1.3,RenmarkParinga.csv
Born in North-West Europe (%),320.288,3.2,RenmarkParinga.csv
Born in Southern and Eastern Europe (%),240.216,2.4,RenmarkParinga.csv
Born in North Africa and the Middle East (%),40.036,0.4,RenmarkParinga.csv
Born in South-East Asia (%),190.171,1.9,RenmarkParinga.csv
Born in North-East Asia (%),50.045,0.5,RenmarkParinga.csv
Born in Southern and Central Asia (%),370.333,3.7,RenmarkParinga.csv
Born in Americas (%),20.018,0.2,RenmarkParinga.csv
Born in Sub-Saharan Africa (%),30.027,0.3,RenmarkParinga.csv
Total,1391.251,13.9,RenmarkParinga.csv
Born in Oceania and Antarctica (excluding Australia) (%),25.088,1.6,Robe.csv
Born in North-West Europe (%),79.968,5.1,Robe.csv
Born in Southern and Eastern Europe (%),10.976,0.7,Robe.csv
Born in North Africa and the Middle East (%),0,0,Robe.csv
Born in South-East Asia (%),10.976,0.7,Robe.csv
Born in North-East Asia (%),3.136,0.2,Robe.csv
Born in Southern and Central Asia (%),7.84,0.5,Robe.csv
Born in Americas (%),12.544,0.8,Robe.csv
Born in Sub-Saharan Africa (%),3.136,0.2,Robe.csv
Total,153.664,9.8,Robe.csv
Born in Oceania and Antarctica (excluding Australia) (%),115.22,2.8,RoxbyDowns.csv
Born in North-West Europe (%),102.875,2.5,RoxbyDowns.csv
Born in Southern and Eastern Europe (%),20.575,0.5,RoxbyDowns.csv
Born in North Africa and the Middle East (%),20.575,0.5,RoxbyDowns.csv
Born in South-East Asia (%),156.37,3.8,RoxbyDowns.csv
Born in North-East Asia (%),12.345,0.3,RoxbyDowns.csv
Born in Southern and Central Asia (%),45.265,1.1,RoxbyDowns.csv
Born in Americas (%),45.265,1.1,RoxbyDowns.csv
Born in Sub-Saharan Africa (%),37.035,0.9,RoxbyDowns.csv
Total,555.525,13.5,RoxbyDowns.csv
Born in Oceania and Antarctica (excluding Australia) (%),1180.816,0.8,Salisbury.csv
Born in North-West Europe (%),9889.334,6.7,Salisbury.csv
Born in Southern and Eastern Europe (%),4575.662,3.1,Salisbury.csv
Born in North Africa and the Middle East (%),3099.642,2.1,Salisbury.csv
Born in South-East Asia (%),11660.558,7.9,Salisbury.csv
Born in North-East Asia (%),1918.826,1.3,Salisbury.csv
Born in Southern and Central Asia (%),14612.598,9.9,Salisbury.csv
Born in Americas (%),1180.816,0.8,Salisbury.csv
Born in Sub-Saharan Africa (%),2066.428,1.4,Salisbury.csv
Total,50184.68,34,Salisbury.csv
Born in Oceania and Antarctica (excluding Australia) (%),30.435,1.5,SouthernMallee.csv
Born in North-West Europe (%),64.928,3.2,SouthernMallee.csv
Born in Southern and Eastern Europe (%),16.232,0.8,SouthernMallee.csv
Born in North Africa and the Middle East (%),4.058,0.2,SouthernMallee.csv
Born in South-East Asia (%),36.522,1.8,SouthernMallee.csv
Born in North-East Asia (%),20.29,1,SouthernMallee.csv
Born in Southern and Central Asia (%),22.319,1.1,SouthernMallee.csv
Born in Americas (%),4.058,0.2,SouthernMallee.csv
Born in Sub-Saharan Africa (%),81.16,4,SouthernMallee.csv
Total,280.002,13.8,SouthernMallee.csv
Born in Oceania and Antarctica (excluding Australia) (%),26.892,1.2,StreakyBay.csv
Born in North-West Europe (%),58.266,2.6,StreakyBay.csv
Born in South-East Asia (%),15.687,0.7,StreakyBay.csv
Born in Southern and Central Asia (%),4.482,0.2,StreakyBay.csv
Born in Americas (%),0,0,StreakyBay.csv
Born in Sub-Saharan Africa (%),4.482,0.2,StreakyBay.csv
Total born overseas (%),114.291,5.1,StreakyBay.csv
Buddhism (%),13.446,0.6,StreakyBay.csv
Total,237.546,10.6,StreakyBay.csv
Born in Oceania and Antarctica (excluding Australia) (%),84.864,1.2,Tatiara.csv
Born in North-West Europe (%),162.656,2.3,Tatiara.csv
Born in Southern and Eastern Europe (%),14.144,0.2,Tatiara.csv
Born in North Africa and the Middle East (%),0,0,Tatiara.csv
Born in South-East Asia (%),282.88,4,Tatiara.csv
Born in North-East Asia (%),70.72,1,Tatiara.csv
Born in Southern and Central Asia (%),148.512,2.1,Tatiara.csv
Born in Americas (%),35.36,0.5,Tatiara.csv
Born in Sub-Saharan Africa (%),113.152,1.6,Tatiara.csv
Total,912.288,12.9,Tatiara.csv
Born in Oceania and Antarctica (excluding Australia) (%),816.536,0.8,TeaTreeGully.csv
Born in North-West Europe (%),10819.102,10.6,TeaTreeGully.csv
Born in Southern and Eastern Europe (%),2857.876,2.8,TeaTreeGully.csv
Born in North Africa and the Middle East (%),1122.737,1.1,TeaTreeGully.csv
Born in South-East Asia (%),1837.206,1.8,TeaTreeGully.csv
Born in North-East Asia (%),1633.072,1.6,TeaTreeGully.csv
Born in Southern and Central Asia (%),4388.881,4.3,TeaTreeGully.csv
Born in Americas (%),816.536,0.8,TeaTreeGully.csv
Born in Sub-Saharan Africa (%),918.603,0.9,TeaTreeGully.csv
Total,25210.549,24.7,TeaTreeGully.csv
Born in Oceania and Antarctica (excluding Australia) (%),11.5,0.4,TumbyBay.csv
Born in North-West Europe (%),97.75,3.4,TumbyBay.csv
Born in Southern and Eastern Europe (%),5.75,0.2,TumbyBay.csv
Born in South-East Asia (%),14.375,0.5,TumbyBay.csv
Born in Americas (%),5.75,0.2,TumbyBay.csv
Born in Sub-Saharan Africa (%),5.75,0.2,TumbyBay.csv
Total born overseas (%),149.5,5.2,TumbyBay.csv
Buddhism (%),5.75,0.2,TumbyBay.csv
Total,296.125,10.3,TumbyBay.csv
Born in Oceania and Antarctica (excluding Australia) (%),46.53,1.5,UnincorporatedSA.csv
Born in North-West Europe (%),133.386,4.3,UnincorporatedSA.csv
Born in Southern and Eastern Europe (%),27.918,0.9,UnincorporatedSA.csv
Born in North Africa and the Middle East (%),0,0,UnincorporatedSA.csv
Born in South-East Asia (%),18.612,0.6,UnincorporatedSA.csv
Born in North-East Asia (%),9.306,0.3,UnincorporatedSA.csv
Born in Southern and Central Asia (%),15.51,0.5,UnincorporatedSA.csv
Born in Americas (%),12.408,0.4,UnincorporatedSA.csv
Born in Sub-Saharan Africa (%),27.918,0.9,UnincorporatedSA.csv
Total,291.588,9.4,UnincorporatedSA.csv
Born in Oceania and Antarctica (excluding Australia) (%),390.82,1,Unley.csv
Born in North-West Europe (%),2696.658,6.9,Unley.csv
Born in Southern and Eastern Europe (%),1406.952,3.6,Unley.csv
Born in North Africa and the Middle East (%),351.738,0.9,Unley.csv
Born in South-East Asia (%),1016.132,2.6,Unley.csv
Born in North-East Asia (%),1524.198,3.9,Unley.csv
Born in Southern and Central Asia (%),1563.28,4,Unley.csv
Born in Americas (%),625.312,1.6,Unley.csv
Born in Sub-Saharan Africa (%),390.82,1,Unley.csv
Total,9965.91,25.5,Unley.csv
Born in Oceania and Antarctica (excluding Australia) (%),164.27,1,VictorHarbor.csv
Born in North-West Europe (%),2365.488,14.4,VictorHarbor.csv
Born in Southern and Eastern Europe (%),164.27,1,VictorHarbor.csv
Born in North Africa and the Middle East (%),16.427,0.1,VictorHarbor.csv
Born in South-East Asia (%),147.843,0.9,VictorHarbor.csv
Born in North-East Asia (%),49.281,0.3,VictorHarbor.csv
Born in Southern and Central Asia (%),65.708,0.4,VictorHarbor.csv
Born in Americas (%),114.989,0.7,VictorHarbor.csv
Born in Sub-Saharan Africa (%),82.135,0.5,VictorHarbor.csv
Total,3170.411,19.3,VictorHarbor.csv
Born in Oceania and Antarctica (excluding Australia) (%),55.408,0.8,Wakefield.csv
Born in North-West Europe (%),387.856,5.6,Wakefield.csv
Born in Southern and Eastern Europe (%),27.704,0.4,Wakefield.csv
Born in North Africa and the Middle East (%),6.926,0.1,Wakefield.csv
Born in South-East Asia (%),166.224,2.4,Wakefield.csv
Born in North-East Asia (%),13.852,0.2,Wakefield.csv
Born in Southern and Central Asia (%),27.704,0.4,Wakefield.csv
Born in Americas (%),20.778,0.3,Wakefield.csv
Born in Sub-Saharan Africa (%),13.852,0.2,Wakefield.csv
Total,720.304,10.4,Wakefield.csv
Born in Oceania and Antarctica (excluding Australia) (%),80.91,1,Walkerville.csv
Born in North-West Europe (%),582.552,7.2,Walkerville.csv
Born in Southern and Eastern Europe (%),291.276,3.6,Walkerville.csv
Born in North Africa and the Middle East (%),129.456,1.6,Walkerville.csv
Born in South-East Asia (%),364.095,4.5,Walkerville.csv
Born in North-East Asia (%),364.095,4.5,Walkerville.csv
Born in Southern and Central Asia (%),420.732,5.2,Walkerville.csv
Born in Americas (%),72.819,0.9,Walkerville.csv
Born in Sub-Saharan Africa (%),89.001,1.1,Walkerville.csv
Total,2394.936,29.6,Walkerville.csv
Born in Oceania and Antarctica (excluding Australia) (%),121.27,1,WattleRange.csv
Born in North-West Europe (%),606.35,5,WattleRange.csv
Born in Southern and Eastern Europe (%),97.016,0.8,WattleRange.csv
Born in North Africa and the Middle East (%),12.127,0.1,WattleRange.csv
Born in South-East Asia (%),121.27,1,WattleRange.csv
Born in North-East Asia (%),36.381,0.3,WattleRange.csv
Born in Southern and Central Asia (%),48.508,0.4,WattleRange.csv
Born in Americas (%),36.381,0.3,WattleRange.csv
Born in Sub-Saharan Africa (%),36.381,0.3,WattleRange.csv
Total,1115.684,9.2,WattleRange.csv
Born in Oceania and Antarctica (excluding Australia) (%),499.752,0.8,WestTorrens.csv
Born in North-West Europe (%),2873.574,4.6,WestTorrens.csv
Born in Southern and Eastern Europe (%),3498.264,5.6,WestTorrens.csv
Born in North Africa and the Middle East (%),874.566,1.4,WestTorrens.csv
Born in South-East Asia (%),2311.353,3.7,WestTorrens.csv
Born in North-East Asia (%),2123.946,3.4,WestTorrens.csv
Born in Southern and Central Asia (%),5872.086,9.4,WestTorrens.csv
Born in Americas (%),874.566,1.4,WestTorrens.csv
Born in Sub-Saharan Africa (%),812.097,1.3,WestTorrens.csv
Total,19740.204,31.6,WestTorrens.csv
Born in Oceania and Antarctica (excluding Australia) (%),175.68,0.8,Whyalla.csv
Born in North-West Europe (%),2327.76,10.6,Whyalla.csv
Born in Southern and Eastern Europe (%),329.4,1.5,Whyalla.csv
Born in North Africa and the Middle East (%),43.92,0.2,Whyalla.csv
Born in South-East Asia (%),417.24,1.9,Whyalla.csv
Born in North-East Asia (%),65.88,0.3,Whyalla.csv
Born in Southern and Central Asia (%),263.52,1.2,Whyalla.csv
Born in Americas (%),65.88,0.3,Whyalla.csv
Born in Sub-Saharan Africa (%),241.56,1.1,Whyalla.csv
Total,3930.84,17.9,Whyalla.csv
Born in Oceania and Antarctica (excluding Australia) (%),4.652,0.4,Wudinna.csv
Born in North-West Europe (%),27.912,2.4,Wudinna.csv
Born in Southern and Eastern Europe (%),0,0,Wudinna.csv
Born in South-East Asia (%),5.815,0.5,Wudinna.csv
Born in Sub-Saharan Africa (%),3.489,0.3,Wudinna.csv
Total born overseas (%),45.357,3.9,Wudinna.csv
Total,639.65,7.5,Wudinna.csv
Born in Oceania and Antarctica (excluding Australia) (%),71.136,1.2,Yankalilla.csv
Born in North-West Europe (%),782.496,13.2,Yankalilla.csv
Born in Southern and Eastern Europe (%),41.496,0.7,Yankalilla.csv
Born in North Africa and the Middle East (%),5.928,0.1,Yankalilla.csv
Born in South-East Asia (%),47.424,0.8,Yankalilla.csv
Born in North-East Asia (%),11.856,0.2,Yankalilla.csv
Born in Southern and Central Asia (%),11.856,0.2,Yankalilla.csv
Born in Americas (%),47.424,0.8,Yankalilla.csv
Born in Sub-Saharan Africa (%),17.784,0.3,Yankalilla.csv
Total,1037.4,17.5,Yankalilla.csv
Born in Oceania and Antarctica (excluding Australia) (%),47.312,0.4,YorkePeninsula.csv
Born in North-West Europe (%),780.648,6.6,YorkePeninsula.csv
Born in Southern and Eastern Europe (%),70.968,0.6,YorkePeninsula.csv
Born in South-East Asia (%),82.796,0.7,YorkePeninsula.csv
Born in North-East Asia (%),11.828,0.1,YorkePeninsula.csv
Born in Southern and Central Asia (%),23.656,0.2,YorkePeninsula.csv
Born in Americas (%),35.484,0.3,YorkePeninsula.csv
Born in Sub-Saharan Africa (%),23.656,0.2,YorkePeninsula.csv
Total,1076.348,9.1,YorkePeninsula.csv
