ethnicGroup,ethnicPopulation,ethnicPercentage,FileName
Born in Oceania and Antarctica (excluding Australia) (%),5.655,0.5,Aurukun.csv
Born in North-West Europe (%),10.179,0.9,Aurukun.csv
Born in South-East Asia (%),3.393,0.3,Aurukun.csv
Total,19.227,1.7,Aurukun.csv
Born in Oceania and Antarctica (excluding Australia) (%),65.685,1.5,Balonne.csv
Born in North-West Europe (%),70.064,1.6,Balonne.csv
Born in Southern and Eastern Europe (%),13.137,0.3,Balonne.csv
Born in North Africa and the Middle East (%),0,0,Balonne.csv
Born in South-East Asia (%),61.306,1.4,Balonne.csv
Born in North-East Asia (%),13.137,0.3,Balonne.csv
Born in Southern and Central Asia (%),13.137,0.3,Balonne.csv
Born in Americas (%),17.516,0.4,Balonne.csv
Born in Sub-Saharan Africa (%),26.274,0.6,Balonne.csv
Total,280.256,6.4,Balonne.csv
Born in Oceania and Antarctica (excluding Australia) (%),219.945,1.5,Banana.csv
Born in North-West Europe (%),234.608,1.6,Banana.csv
Born in Southern and Eastern Europe (%),29.326,0.2,Banana.csv
Born in South-East Asia (%),219.945,1.5,Banana.csv
Born in North-East Asia (%),146.63,1,Banana.csv
Born in Southern and Central Asia (%),117.304,0.8,Banana.csv
Born in Americas (%),73.315,0.5,Banana.csv
Born in Sub-Saharan Africa (%),87.978,0.6,Banana.csv
Total,1129.051,7.7,Banana.csv
Born in Oceania and Antarctica (excluding Australia) (%),48.671,1.7,Barcaldine.csv
Born in North-West Europe (%),42.945,1.5,Barcaldine.csv
Born in Southern and Eastern Europe (%),8.589,0.3,Barcaldine.csv
Born in North Africa and the Middle East (%),0,0,Barcaldine.csv
Born in South-East Asia (%),5.726,0.2,Barcaldine.csv
Born in North-East Asia (%),8.589,0.3,Barcaldine.csv
Born in Southern and Central Asia (%),5.726,0.2,Barcaldine.csv
Born in Americas (%),8.589,0.3,Barcaldine.csv
Born in Sub-Saharan Africa (%),17.178,0.6,Barcaldine.csv
Total,146.013,5.1,Barcaldine.csv
Born in Oceania and Antarctica (excluding Australia) (%),4.056,1.3,Barcoo.csv
Born in North-West Europe (%),0,0,Barcoo.csv
Born in South-East Asia (%),4.056,1.3,Barcoo.csv
Total,8.112,2.6,Barcoo.csv
Born in Oceania and Antarctica (excluding Australia) (%),34.56,1.8,BlackallTambo.csv
Born in North-West Europe (%),23.04,1.2,BlackallTambo.csv
Born in Southern and Eastern Europe (%),0,0,BlackallTambo.csv
Born in North Africa and the Middle East (%),3.84,0.2,BlackallTambo.csv
Born in South-East Asia (%),9.6,0.5,BlackallTambo.csv
Born in Southern and Central Asia (%),11.52,0.6,BlackallTambo.csv
Born in Americas (%),3.84,0.2,BlackallTambo.csv
Born in Sub-Saharan Africa (%),3.84,0.2,BlackallTambo.csv
Total,90.24,4.7,BlackallTambo.csv
Born in Oceania and Antarctica (excluding Australia) (%),10.34,2.2,Boulia.csv
Born in North-West Europe (%),7.99,1.7,Boulia.csv
Born in Americas (%),0,0,Boulia.csv
Born in Sub-Saharan Africa (%),0,0,Boulia.csv
Total,18.33,3.9,Boulia.csv
Born in Oceania and Antarctica (excluding Australia) (%),56881.08,4.5,Brisbane.csv
Born in North-West Europe (%),70785.344,5.6,Brisbane.csv
Born in Southern and Eastern Europe (%),22752.432,1.8,Brisbane.csv
Born in North Africa and the Middle East (%),15168.288,1.2,Brisbane.csv
Born in South-East Asia (%),54353.032,4.3,Brisbane.csv
Born in North-East Asia (%),72049.368,5.7,Brisbane.csv
Born in Southern and Central Asia (%),55617.056,4.4,Brisbane.csv
Born in Americas (%),27808.528,2.2,Brisbane.csv
Born in Sub-Saharan Africa (%),26544.504,2.1,Brisbane.csv
Total,401959.632,31.8,Brisbane.csv
Born in Oceania and Antarctica (excluding Australia) (%),4.104,1.2,Bulloo.csv
Born in North-West Europe (%),6.156,1.8,Bulloo.csv
Born in North-East Asia (%),4.104,1.2,Bulloo.csv
Born in Americas (%),3.078,0.9,Bulloo.csv
Total,17.442,5.1,Bulloo.csv
Born in Oceania and Antarctica (excluding Australia) (%),2703.186,2.7,Bundaberg.csv
Born in North-West Europe (%),5106.018,5.1,Bundaberg.csv
Born in Southern and Eastern Europe (%),700.826,0.7,Bundaberg.csv
Born in North Africa and the Middle East (%),200.236,0.2,Bundaberg.csv
Born in South-East Asia (%),1702.006,1.7,Bundaberg.csv
Born in North-East Asia (%),700.826,0.7,Bundaberg.csv
Born in Southern and Central Asia (%),700.826,0.7,Bundaberg.csv
Born in Americas (%),500.59,0.5,Bundaberg.csv
Born in Sub-Saharan Africa (%),700.826,0.7,Bundaberg.csv
Total,13015.34,13,Bundaberg.csv
Born in Oceania and Antarctica (excluding Australia) (%),319.998,1.9,Burdekin.csv
Born in North-West Europe (%),387.366,2.3,Burdekin.csv
Born in Southern and Eastern Europe (%),353.682,2.1,Burdekin.csv
Born in North Africa and the Middle East (%),16.842,0.1,Burdekin.csv
Born in South-East Asia (%),185.262,1.1,Burdekin.csv
Born in North-East Asia (%),50.526,0.3,Burdekin.csv
Born in Southern and Central Asia (%),67.368,0.4,Burdekin.csv
Born in Americas (%),50.526,0.3,Burdekin.csv
Born in Sub-Saharan Africa (%),84.21,0.5,Burdekin.csv
Total,1515.78,9,Burdekin.csv
Born in Oceania and Antarctica (excluding Australia) (%),9.03,2.1,Burke.csv
Born in North-West Europe (%),12.47,2.9,Burke.csv
Born in South-East Asia (%),0,0,Burke.csv
Born in Southern and Central Asia (%),5.16,1.2,Burke.csv
Total,26.66,6.2,Burke.csv
Born in Oceania and Antarctica (excluding Australia) (%),7957.664,4.7,Cairns.csv
Born in North-West Europe (%),11005.28,6.5,Cairns.csv
Born in Southern and Eastern Europe (%),2201.056,1.3,Cairns.csv
Born in North Africa and the Middle East (%),507.936,0.3,Cairns.csv
Born in South-East Asia (%),4910.048,2.9,Cairns.csv
Born in North-East Asia (%),3724.864,2.2,Cairns.csv
Born in Southern and Central Asia (%),3386.24,2,Cairns.csv
Born in Americas (%),2031.744,1.2,Cairns.csv
Born in Sub-Saharan Africa (%),1862.432,1.1,Cairns.csv
Total,37587.264,22.2,Cairns.csv
Born in Oceania and Antarctica (excluding Australia) (%),45.339,2.1,Carpentaria.csv
Born in North-West Europe (%),47.498,2.2,Carpentaria.csv
Born in Southern and Eastern Europe (%),10.795,0.5,Carpentaria.csv
Born in South-East Asia (%),23.749,1.1,Carpentaria.csv
Born in North-East Asia (%),8.636,0.4,Carpentaria.csv
Born in Southern and Central Asia (%),8.636,0.4,Carpentaria.csv
Born in Americas (%),6.477,0.3,Carpentaria.csv
Born in Sub-Saharan Africa (%),0,0,Carpentaria.csv
Total,151.13,7,Carpentaria.csv
Born in Oceania and Antarctica (excluding Australia) (%),974.325,3.3,CassowaryCoast.csv
Born in North-West Europe (%),1121.95,3.8,CassowaryCoast.csv
Born in Southern and Eastern Europe (%),413.35,1.4,CassowaryCoast.csv
Born in North Africa and the Middle East (%),0,0,CassowaryCoast.csv
Born in South-East Asia (%),590.5,2,CassowaryCoast.csv
Born in North-East Asia (%),118.1,0.4,CassowaryCoast.csv
Born in Southern and Central Asia (%),738.125,2.5,CassowaryCoast.csv
Born in Americas (%),177.15,0.6,CassowaryCoast.csv
Born in Sub-Saharan Africa (%),147.625,0.5,CassowaryCoast.csv
Total,4281.125,14.5,CassowaryCoast.csv
Born in Oceania and Antarctica (excluding Australia) (%),1217.373,4.3,CentralHighlands.csv
Born in North-West Europe (%),594.531,2.1,CentralHighlands.csv
Born in Southern and Eastern Europe (%),56.622,0.2,CentralHighlands.csv
Born in North Africa and the Middle East (%),28.311,0.1,CentralHighlands.csv
Born in South-East Asia (%),566.22,2,CentralHighlands.csv
Born in North-East Asia (%),113.244,0.4,CentralHighlands.csv
Born in Southern and Central Asia (%),198.177,0.7,CentralHighlands.csv
Born in Americas (%),141.555,0.5,CentralHighlands.csv
Born in Sub-Saharan Africa (%),396.354,1.4,CentralHighlands.csv
Total,3312.387,11.7,CentralHighlands.csv
Born in Oceania and Antarctica (excluding Australia) (%),226.537,1.9,ChartersTowers.csv
Born in North-West Europe (%),214.614,1.8,ChartersTowers.csv
Born in Southern and Eastern Europe (%),23.846,0.2,ChartersTowers.csv
Born in North Africa and the Middle East (%),11.923,0.1,ChartersTowers.csv
Born in South-East Asia (%),95.384,0.8,ChartersTowers.csv
Born in North-East Asia (%),35.769,0.3,ChartersTowers.csv
Born in Southern and Central Asia (%),47.692,0.4,ChartersTowers.csv
Born in Americas (%),35.769,0.3,ChartersTowers.csv
Born in Sub-Saharan Africa (%),59.615,0.5,ChartersTowers.csv
Total,751.149,6.3,ChartersTowers.csv
Born in Oceania and Antarctica (excluding Australia) (%),0,0,Cherbourg.csv
Born in North-West Europe (%),3.636,0.3,Cherbourg.csv
Total,3.636,0.3,Cherbourg.csv
Born in Oceania and Antarctica (excluding Australia) (%),88.92,2.4,Cloncurry.csv
Born in North-West Europe (%),85.215,2.3,Cloncurry.csv
Born in Southern and Eastern Europe (%),3.705,0.1,Cloncurry.csv
Born in North Africa and the Middle East (%),3.705,0.1,Cloncurry.csv
Born in South-East Asia (%),48.165,1.3,Cloncurry.csv
Born in North-East Asia (%),18.525,0.5,Cloncurry.csv
Born in Southern and Central Asia (%),33.345,0.9,Cloncurry.csv
Born in Americas (%),14.82,0.4,Cloncurry.csv
Born in Sub-Saharan Africa (%),18.525,0.5,Cloncurry.csv
Total,314.925,8.5,Cloncurry.csv
Born in Oceania and Antarctica (excluding Australia) (%),194.502,4.2,Cook.csv
Born in North-West Europe (%),217.657,4.7,Cook.csv
Born in Southern and Eastern Europe (%),27.786,0.6,Cook.csv
Born in North Africa and the Middle East (%),9.262,0.2,Cook.csv
Born in South-East Asia (%),74.096,1.6,Cook.csv
Born in North-East Asia (%),27.786,0.6,Cook.csv
Born in Southern and Central Asia (%),9.262,0.2,Cook.csv
Born in Americas (%),55.572,1.2,Cook.csv
Born in Sub-Saharan Africa (%),46.31,1,Cook.csv
Total,662.233,14.3,Cook.csv
Born in Oceania and Antarctica (excluding Australia) (%),8.07,3,Croydon.csv
Born in North-West Europe (%),2.959,1.1,Croydon.csv
Born in South-East Asia (%),4.035,1.5,Croydon.csv
Total,15.064,5.6,Croydon.csv
Born in Oceania and Antarctica (excluding Australia) (%),6.21,2.3,Diamantina.csv
Born in North-West Europe (%),15.12,5.6,Diamantina.csv
Born in Southern and Central Asia (%),4.05,1.5,Diamantina.csv
Born in Americas (%),2.97,1.1,Diamantina.csv
Born in Sub-Saharan Africa (%),2.97,1.1,Diamantina.csv
Total,31.32,11.6,Diamantina.csv
Born in Oceania and Antarctica (excluding Australia) (%),8.61,0.6,Doomadgee.csv
Born in North-West Europe (%),8.61,0.6,Doomadgee.csv
Born in South-East Asia (%),5.74,0.4,Doomadgee.csv
Born in North-East Asia (%),5.74,0.4,Doomadgee.csv
Born in Southern and Central Asia (%),8.61,0.6,Doomadgee.csv
Born in Sub-Saharan Africa (%),7.175,0.5,Doomadgee.csv
Total,44.485,3.1,Doomadgee.csv
Born in Oceania and Antarctica (excluding Australia) (%),497.8,4,Douglas.csv
Born in North-West Europe (%),1132.495,9.1,Douglas.csv
Born in Southern and Eastern Europe (%),161.785,1.3,Douglas.csv
Born in North Africa and the Middle East (%),24.89,0.2,Douglas.csv
Born in South-East Asia (%),199.12,1.6,Douglas.csv
Born in North-East Asia (%),87.115,0.7,Douglas.csv
Born in Southern and Central Asia (%),74.67,0.6,Douglas.csv
Born in Americas (%),398.24,3.2,Douglas.csv
Born in Sub-Saharan Africa (%),74.67,0.6,Douglas.csv
Total,2650.785,21.3,Douglas.csv
Born in Oceania and Antarctica (excluding Australia) (%),19.548,2.7,Etheridge.csv
Born in North-West Europe (%),17.376,2.4,Etheridge.csv
Born in North Africa and the Middle East (%),0,0,Etheridge.csv
Born in South-East Asia (%),2.896,0.4,Etheridge.csv
Born in North-East Asia (%),4.344,0.6,Etheridge.csv
Born in Americas (%),4.344,0.6,Etheridge.csv
Total,48.508,6.7,Etheridge.csv
Born in Oceania and Antarctica (excluding Australia) (%),24.336,1.6,Flinders.csv
Born in North-West Europe (%),19.773,1.3,Flinders.csv
Born in Southern and Eastern Europe (%),0,0,Flinders.csv
Born in South-East Asia (%),6.084,0.4,Flinders.csv
Born in North-East Asia (%),4.563,0.3,Flinders.csv
Born in Southern and Central Asia (%),19.773,1.3,Flinders.csv
Born in Americas (%),12.168,0.8,Flinders.csv
Born in Sub-Saharan Africa (%),4.563,0.3,Flinders.csv
Total,91.26,6,Flinders.csv
Born in Oceania and Antarctica (excluding Australia) (%),3810.652,3.4,FraserCoast.csv
Born in North-West Europe (%),7957.538,7.1,FraserCoast.csv
Born in Southern and Eastern Europe (%),896.624,0.8,FraserCoast.csv
Born in North Africa and the Middle East (%),224.156,0.2,FraserCoast.csv
Born in South-East Asia (%),1457.014,1.3,FraserCoast.csv
Born in North-East Asia (%),336.234,0.3,FraserCoast.csv
Born in Southern and Central Asia (%),672.468,0.6,FraserCoast.csv
Born in Americas (%),672.468,0.6,FraserCoast.csv
Born in Sub-Saharan Africa (%),896.624,0.8,FraserCoast.csv
Total,16923.778,15.1,FraserCoast.csv
Born in Oceania and Antarctica (excluding Australia) (%),2250.64,3.5,Gladstone.csv
Born in North-West Europe (%),2379.248,3.7,Gladstone.csv
Born in Southern and Eastern Europe (%),321.52,0.5,Gladstone.csv
Born in North Africa and the Middle East (%),128.608,0.2,Gladstone.csv
Born in South-East Asia (%),1286.08,2,Gladstone.csv
Born in North-East Asia (%),192.912,0.3,Gladstone.csv
Born in Southern and Central Asia (%),578.736,0.9,Gladstone.csv
Born in Americas (%),385.824,0.6,Gladstone.csv
Born in Sub-Saharan Africa (%),964.56,1.5,Gladstone.csv
Total,8488.128,13.2,Gladstone.csv
Born in Oceania and Antarctica (excluding Australia) (%),48799.828,7.7,GoldCoast.csv
Born in North-West Europe (%),46898.536,7.4,GoldCoast.csv
Born in Southern and Eastern Europe (%),13309.044,2.1,GoldCoast.csv
Born in North Africa and the Middle East (%),4436.348,0.7,GoldCoast.csv
Born in South-East Asia (%),13942.808,2.2,GoldCoast.csv
Born in North-East Asia (%),20280.448,3.2,GoldCoast.csv
Born in Southern and Central Asia (%),10140.224,1.6,GoldCoast.csv
Born in Americas (%),14576.572,2.3,GoldCoast.csv
Born in Sub-Saharan Africa (%),11407.752,1.8,GoldCoast.csv
Total,183791.56,29,GoldCoast.csv
Born in Oceania and Antarctica (excluding Australia) (%),124.848,1.2,Goondiwindi.csv
Born in North-West Europe (%),156.06,1.5,Goondiwindi.csv
Born in Southern and Eastern Europe (%),20.808,0.2,Goondiwindi.csv
Born in North Africa and the Middle East (%),0,0,Goondiwindi.csv
Born in South-East Asia (%),104.04,1,Goondiwindi.csv
Born in North-East Asia (%),52.02,0.5,Goondiwindi.csv
Born in Southern and Central Asia (%),62.424,0.6,Goondiwindi.csv
Born in Americas (%),31.212,0.3,Goondiwindi.csv
Born in Sub-Saharan Africa (%),83.232,0.8,Goondiwindi.csv
Total,634.644,6.1,Goondiwindi.csv
Born in Oceania and Antarctica (excluding Australia) (%),1507.828,2.8,Gympie.csv
Born in North-West Europe (%),2854.103,5.3,Gympie.csv
Born in Southern and Eastern Europe (%),269.255,0.5,Gympie.csv
Born in North Africa and the Middle East (%),53.851,0.1,Gympie.csv
Born in South-East Asia (%),538.51,1,Gympie.csv
Born in North-East Asia (%),161.553,0.3,Gympie.csv
Born in Southern and Central Asia (%),161.553,0.3,Gympie.csv
Born in Americas (%),323.106,0.6,Gympie.csv
Born in Sub-Saharan Africa (%),430.808,0.8,Gympie.csv
Total,6300.567,11.7,Gympie.csv
Born in Oceania and Antarctica (excluding Australia) (%),186.864,1.7,Hinchinbrook.csv
Born in North-West Europe (%),285.792,2.6,Hinchinbrook.csv
Born in Southern and Eastern Europe (%),307.776,2.8,Hinchinbrook.csv
Born in South-East Asia (%),98.928,0.9,Hinchinbrook.csv
Born in North-East Asia (%),21.984,0.2,Hinchinbrook.csv
Born in Southern and Central Asia (%),21.984,0.2,Hinchinbrook.csv
Born in Americas (%),32.976,0.3,Hinchinbrook.csv
Born in Sub-Saharan Africa (%),32.976,0.3,Hinchinbrook.csv
Total,989.28,9,Hinchinbrook.csv
Born in Oceania and Antarctica (excluding Australia) (%),6.993,0.7,HopeVale.csv
Born in North-West Europe (%),6.993,0.7,HopeVale.csv
Born in South-East Asia (%),4.995,0.5,HopeVale.csv
Total,18.981,1.9,HopeVale.csv
Born in Oceania and Antarctica (excluding Australia) (%),16797.744,7.2,Ipswich.csv
Born in North-West Europe (%),10031.986,4.3,Ipswich.csv
Born in Southern and Eastern Europe (%),1633.114,0.7,Ipswich.csv
Born in North Africa and the Middle East (%),1633.114,0.7,Ipswich.csv
Born in South-East Asia (%),6299.154,2.7,Ipswich.csv
Born in North-East Asia (%),1633.114,0.7,Ipswich.csv
Born in Southern and Central Asia (%),6299.154,2.7,Ipswich.csv
Born in Americas (%),2099.718,0.9,Ipswich.csv
Born in Sub-Saharan Africa (%),4199.436,1.8,Ipswich.csv
Total,50626.534,21.7,Ipswich.csv
Born in Oceania and Antarctica (excluding Australia) (%),784.91,3.5,Isaac.csv
Born in North-West Europe (%),336.39,1.5,Isaac.csv
Born in Southern and Eastern Europe (%),44.852,0.2,Isaac.csv
Born in North Africa and the Middle East (%),22.426,0.1,Isaac.csv
Born in South-East Asia (%),448.52,2,Isaac.csv
Born in North-East Asia (%),44.852,0.2,Isaac.csv
Born in Southern and Central Asia (%),134.556,0.6,Isaac.csv
Born in Americas (%),112.13,0.5,Isaac.csv
Born in Sub-Saharan Africa (%),224.26,1,Isaac.csv
Total,2152.896,9.6,Isaac.csv
Born in Oceania and Antarctica (excluding Australia) (%),4.432,0.4,Kowanyama.csv
Born in North-West Europe (%),0,0,Kowanyama.csv
Born in South-East Asia (%),0,0,Kowanyama.csv
Born in North-East Asia (%),4.432,0.4,Kowanyama.csv
Born in Sub-Saharan Africa (%),8.864,0.8,Kowanyama.csv
Total,17.728,1.6,Kowanyama.csv
Born in Oceania and Antarctica (excluding Australia) (%),154.512,3.7,LGA 37300.csv
Born in North-West Europe (%),79.344,1.9,LGA 37300.csv
Born in Southern and Eastern Europe (%),12.528,0.3,LGA 37300.csv
Born in South-East Asia (%),83.52,2,LGA 37300.csv
Born in North-East Asia (%),8.352,0.2,LGA 37300.csv
Born in Southern and Central Asia (%),16.704,0.4,LGA 37300.csv
Born in Americas (%),16.704,0.4,LGA 37300.csv
Born in Sub-Saharan Africa (%),29.232,0.7,LGA 37300.csv
Total,400.896,9.6,LGA 37300.csv
Born in Oceania and Antarctica (excluding Australia) (%),1036.906,2.6,Livingstone.csv
Born in North-West Europe (%),1714.883,4.3,Livingstone.csv
Born in Southern and Eastern Europe (%),159.524,0.4,Livingstone.csv
Born in North Africa and the Middle East (%),0,0,Livingstone.csv
Born in South-East Asia (%),358.929,0.9,Livingstone.csv
Born in North-East Asia (%),79.762,0.2,Livingstone.csv
Born in Southern and Central Asia (%),79.762,0.2,Livingstone.csv
Born in Americas (%),239.286,0.6,Livingstone.csv
Born in Sub-Saharan Africa (%),319.048,0.8,Livingstone.csv
Total,3988.1,10,Livingstone.csv
Born in Oceania and Antarctica (excluding Australia) (%),8.489,1.3,LockhartRiver.csv
Born in North-West Europe (%),7.183,1.1,LockhartRiver.csv
Born in South-East Asia (%),5.224,0.8,LockhartRiver.csv
Total,20.896,3.2,LockhartRiver.csv
Born in Oceania and Antarctica (excluding Australia) (%),1336.384,3.2,LockyerValley.csv
Born in North-West Europe (%),1795.766,4.3,LockyerValley.csv
Born in Southern and Eastern Europe (%),167.048,0.4,LockyerValley.csv
Born in North Africa and the Middle East (%),125.286,0.3,LockyerValley.csv
Born in South-East Asia (%),626.43,1.5,LockyerValley.csv
Born in North-East Asia (%),751.716,1.8,LockyerValley.csv
Born in Southern and Central Asia (%),542.906,1.3,LockyerValley.csv
Born in Americas (%),208.81,0.5,LockyerValley.csv
Born in Sub-Saharan Africa (%),292.334,0.7,LockyerValley.csv
Total,5846.68,14,LockyerValley.csv
Born in Oceania and Antarctica (excluding Australia) (%),32268.08,9.2,Logan.csv
Born in North-West Europe (%),17537,5,Logan.csv
Born in Southern and Eastern Europe (%),5261.1,1.5,Logan.csv
Born in North Africa and the Middle East (%),3858.14,1.1,Logan.csv
Born in South-East Asia (%),12626.64,3.6,Logan.csv
Born in North-East Asia (%),5962.58,1.7,Logan.csv
Born in Southern and Central Asia (%),10872.94,3.1,Logan.csv
Born in Americas (%),2805.92,0.8,Logan.csv
Born in Sub-Saharan Africa (%),6664.06,1.9,Logan.csv
Total,97856.46,27.9,Logan.csv
Born in Oceania and Antarctica (excluding Australia) (%),103.404,2.8,Longreach.csv
Born in North-West Europe (%),77.553,2.1,Longreach.csv
Born in Southern and Eastern Europe (%),14.772,0.4,Longreach.csv
Born in North Africa and the Middle East (%),0,0,Longreach.csv
Born in South-East Asia (%),22.158,0.6,Longreach.csv
Born in North-East Asia (%),11.079,0.3,Longreach.csv
Born in Southern and Central Asia (%),18.465,0.5,Longreach.csv
Born in Americas (%),18.465,0.5,Longreach.csv
Born in Sub-Saharan Africa (%),22.158,0.6,Longreach.csv
Total,288.054,7.8,Longreach.csv
Born in Oceania and Antarctica (excluding Australia) (%),3449.124,2.8,Mackay.csv
Born in North-West Europe (%),3572.307,2.9,Mackay.csv
Born in Southern and Eastern Europe (%),739.098,0.6,Mackay.csv
Born in North Africa and the Middle East (%),123.183,0.1,Mackay.csv
Born in South-East Asia (%),2586.843,2.1,Mackay.csv
Born in North-East Asia (%),492.732,0.4,Mackay.csv
Born in Southern and Central Asia (%),1108.647,0.9,Mackay.csv
Born in Americas (%),615.915,0.5,Mackay.csv
Born in Sub-Saharan Africa (%),1847.745,1.5,Mackay.csv
Total,14535.594,11.8,Mackay.csv
Christianity (%),120.666,27.3,Mapoon.csv
Other religions (%),5.304,1.2,Mapoon.csv
"Secular beliefs, other spiritual beliefs, no religion (%)",224.094,50.7,Mapoon.csv
Religious affiliation - inadequately described or not stated (%),91.052,20.6,Mapoon.csv
Australian citizen (no.),1684.02,381,Mapoon.csv
Australian citizenship - not stated (no.),238.68,54,Mapoon.csv
Australian citizen (%),389.844,88.2,Mapoon.csv
Total,7.072,1.6,Mapoon.csv
Born in Oceania and Antarctica (excluding Australia) (%),233.28,1.8,Maranoa.csv
Born in North-West Europe (%),181.44,1.4,Maranoa.csv
Born in Southern and Eastern Europe (%),25.92,0.2,Maranoa.csv
Born in North Africa and the Middle East (%),12.96,0.1,Maranoa.csv
Born in South-East Asia (%),194.4,1.5,Maranoa.csv
Born in North-East Asia (%),38.88,0.3,Maranoa.csv
Born in Southern and Central Asia (%),90.72,0.7,Maranoa.csv
Born in Americas (%),51.84,0.4,Maranoa.csv
Born in Sub-Saharan Africa (%),77.76,0.6,Maranoa.csv
Total,907.2,7,Maranoa.csv
Born in Oceania and Antarctica (excluding Australia) (%),764.742,3.3,Mareeba.csv
Born in North-West Europe (%),1205.048,5.2,Mareeba.csv
Born in Southern and Eastern Europe (%),695.22,3,Mareeba.csv
Born in North Africa and the Middle East (%),23.174,0.1,Mareeba.csv
Born in South-East Asia (%),393.958,1.7,Mareeba.csv
Born in North-East Asia (%),254.914,1.1,Mareeba.csv
Born in Southern and Central Asia (%),139.044,0.6,Mareeba.csv
Born in Americas (%),162.218,0.7,Mareeba.csv
Born in Sub-Saharan Africa (%),254.914,1.1,Mareeba.csv
Total,3893.232,16.8,Mareeba.csv
Born in Oceania and Antarctica (excluding Australia) (%),9.218,1.1,McKinlay.csv
Born in North-West Europe (%),24.302,2.9,McKinlay.csv
Born in Southern and Central Asia (%),0,0,McKinlay.csv
Born in Americas (%),0,0,McKinlay.csv
Born in Sub-Saharan Africa (%),4.19,0.5,McKinlay.csv
Total,37.71,4.5,McKinlay.csv
Born in Oceania and Antarctica (excluding Australia) (%),29065.68,6,MoretonBay.csv
Born in North-West Europe (%),32941.104,6.8,MoretonBay.csv
Born in Southern and Eastern Europe (%),4359.852,0.9,MoretonBay.csv
Born in North Africa and the Middle East (%),1937.712,0.4,MoretonBay.csv
Born in South-East Asia (%),9204.132,1.9,MoretonBay.csv
Born in North-East Asia (%),4359.852,0.9,MoretonBay.csv
Born in Southern and Central Asia (%),7266.42,1.5,MoretonBay.csv
Born in Americas (%),4359.852,0.9,MoretonBay.csv
Born in Sub-Saharan Africa (%),8235.276,1.7,MoretonBay.csv
Total,101729.88,21,MoretonBay.csv
Born in Oceania and Antarctica (excluding Australia) (%),21.22,2,Mornington.csv
Born in North-West Europe (%),4.244,0.4,Mornington.csv
Born in South-East Asia (%),0,0,Mornington.csv
Born in Southern and Central Asia (%),0,0,Mornington.csv
Born in Americas (%),0,0,Mornington.csv
Born in Sub-Saharan Africa (%),0,0,Mornington.csv
Total,25.464,2.4,Mornington.csv
Born in Oceania and Antarctica (excluding Australia) (%),1115.108,5.8,MountIsa.csv
Born in North-West Europe (%),442.198,2.3,MountIsa.csv
Born in Southern and Eastern Europe (%),134.582,0.7,MountIsa.csv
Born in North Africa and the Middle East (%),38.452,0.2,MountIsa.csv
Born in South-East Asia (%),615.232,3.2,MountIsa.csv
Born in North-East Asia (%),76.904,0.4,MountIsa.csv
Born in Southern and Central Asia (%),249.938,1.3,MountIsa.csv
Born in Americas (%),96.13,0.5,MountIsa.csv
Born in Sub-Saharan Africa (%),365.294,1.9,MountIsa.csv
Total,3133.838,16.3,MountIsa.csv
Born in Oceania and Antarctica (excluding Australia) (%),72.18,1.8,Murweh.csv
Born in North-West Europe (%),52.13,1.3,Murweh.csv
Born in Southern and Eastern Europe (%),4.01,0.1,Murweh.csv
Born in North Africa and the Middle East (%),4.01,0.1,Murweh.csv
Born in South-East Asia (%),164.41,4.1,Murweh.csv
Born in North-East Asia (%),12.03,0.3,Murweh.csv
Born in Southern and Central Asia (%),8.02,0.2,Murweh.csv
Born in Americas (%),12.03,0.3,Murweh.csv
Born in Sub-Saharan Africa (%),16.04,0.4,Murweh.csv
Total,344.86,8.6,Murweh.csv
Born in Oceania and Antarctica (excluding Australia) (%),14.512,1.6,Napranum.csv
Born in South-East Asia (%),0,0,Napranum.csv
Born in Sub-Saharan Africa (%),0,0,Napranum.csv
Total,14.512,1.6,Napranum.csv
Born in Oceania and Antarctica (excluding Australia) (%),2445.539,4.3,Noosa.csv
Born in North-West Europe (%),6483.522,11.4,Noosa.csv
Born in Southern and Eastern Europe (%),682.476,1.2,Noosa.csv
Born in North Africa and the Middle East (%),113.746,0.2,Noosa.csv
Born in South-East Asia (%),682.476,1.2,Noosa.csv
Born in North-East Asia (%),284.365,0.5,Noosa.csv
Born in Southern and Central Asia (%),227.492,0.4,Noosa.csv
Born in Americas (%),1194.333,2.1,Noosa.csv
Born in Sub-Saharan Africa (%),909.968,1.6,Noosa.csv
Total,13023.917,22.9,Noosa.csv
Born in Oceania and Antarctica (excluding Australia) (%),233.312,2.3,NorthBurnett.csv
Born in North-West Europe (%),324.608,3.2,NorthBurnett.csv
Born in Southern and Eastern Europe (%),30.432,0.3,NorthBurnett.csv
Born in North Africa and the Middle East (%),20.288,0.2,NorthBurnett.csv
Born in South-East Asia (%),152.16,1.5,NorthBurnett.csv
Born in North-East Asia (%),71.008,0.7,NorthBurnett.csv
Born in Southern and Central Asia (%),142.016,1.4,NorthBurnett.csv
Born in Americas (%),40.576,0.4,NorthBurnett.csv
Born in Sub-Saharan Africa (%),40.576,0.4,NorthBurnett.csv
Total,1054.976,10.4,NorthBurnett.csv
Born in Oceania and Antarctica (excluding Australia) (%),37.518,1.3,NorthernPeninsulaArea.csv
Born in North-West Europe (%),14.43,0.5,NorthernPeninsulaArea.csv
Born in Southern and Eastern Europe (%),0,0,NorthernPeninsulaArea.csv
Born in South-East Asia (%),2.886,0.1,NorthernPeninsulaArea.csv
Born in North-East Asia (%),0,0,NorthernPeninsulaArea.csv
Born in Southern and Central Asia (%),0,0,NorthernPeninsulaArea.csv
Born in Americas (%),8.658,0.3,NorthernPeninsulaArea.csv
Total,63.492,2.2,NorthernPeninsulaArea.csv
Born in Oceania and Antarctica (excluding Australia) (%),13.08,0.6,PalmIsland.csv
Born in North-West Europe (%),6.54,0.3,PalmIsland.csv
Born in South-East Asia (%),4.36,0.2,PalmIsland.csv
Born in Americas (%),4.36,0.2,PalmIsland.csv
Born in Sub-Saharan Africa (%),0,0,PalmIsland.csv
Total,28.34,1.3,PalmIsland.csv
Born in Oceania and Antarctica (excluding Australia) (%),23.912,1.4,Paroo.csv
Born in North-West Europe (%),22.204,1.3,Paroo.csv
Born in Southern and Eastern Europe (%),0,0,Paroo.csv
Born in South-East Asia (%),6.832,0.4,Paroo.csv
Born in Southern and Central Asia (%),8.54,0.5,Paroo.csv
Born in Americas (%),11.956,0.7,Paroo.csv
Born in Sub-Saharan Africa (%),8.54,0.5,Paroo.csv
Total,81.984,4.8,Paroo.csv
Born in Oceania and Antarctica (excluding Australia) (%),16.432,2.6,Pormpuraaw.csv
Born in North-West Europe (%),0,0,Pormpuraaw.csv
Born in South-East Asia (%),3.16,0.5,Pormpuraaw.csv
Born in Americas (%),0,0,Pormpuraaw.csv
Born in Sub-Saharan Africa (%),4.424,0.7,Pormpuraaw.csv
Total,24.016,3.8,Pormpuraaw.csv
Born in Oceania and Antarctica (excluding Australia) (%),9.828,1.4,Quilpie.csv
Born in North-West Europe (%),11.934,1.7,Quilpie.csv
Born in Southern and Eastern Europe (%),9.126,1.3,Quilpie.csv
Born in South-East Asia (%),0,0,Quilpie.csv
Born in Americas (%),4.212,0.6,Quilpie.csv
Total,35.1,5,Quilpie.csv
Born in Oceania and Antarctica (excluding Australia) (%),9218.61,5.7,Redland.csv
Born in North-West Europe (%),15364.35,9.5,Redland.csv
Born in Southern and Eastern Europe (%),1940.76,1.2,Redland.csv
Born in North Africa and the Middle East (%),485.19,0.3,Redland.csv
Born in South-East Asia (%),2425.95,1.5,Redland.csv
Born in North-East Asia (%),1455.57,0.9,Redland.csv
Born in Southern and Central Asia (%),1455.57,0.9,Redland.csv
Born in Americas (%),1455.57,0.9,Redland.csv
Born in Sub-Saharan Africa (%),3558.06,2.2,Redland.csv
Total,37359.63,23.1,Redland.csv
Born in Oceania and Antarctica (excluding Australia) (%),8.459,1.1,Richmond.csv
Born in North-West Europe (%),8.459,1.1,Richmond.csv
Born in Southern and Eastern Europe (%),0,0,Richmond.csv
Born in South-East Asia (%),6.152,0.8,Richmond.csv
Born in North-East Asia (%),0,0,Richmond.csv
Born in Sub-Saharan Africa (%),3.845,0.5,Richmond.csv
Total,26.915,3.5,Richmond.csv
Born in Oceania and Antarctica (excluding Australia) (%),1575.176,1.9,Rockhampton.csv
Born in North-West Europe (%),1658.08,2,Rockhampton.csv
Born in Southern and Eastern Europe (%),165.808,0.2,Rockhampton.csv
Born in North Africa and the Middle East (%),82.904,0.1,Rockhampton.csv
Born in South-East Asia (%),1740.984,2.1,Rockhampton.csv
Born in North-East Asia (%),580.328,0.7,Rockhampton.csv
Born in Southern and Central Asia (%),1326.464,1.6,Rockhampton.csv
Born in Americas (%),497.424,0.6,Rockhampton.csv
Born in Sub-Saharan Africa (%),663.232,0.8,Rockhampton.csv
Total,8290.4,10,Rockhampton.csv
Born in Oceania and Antarctica (excluding Australia) (%),1700.205,3.9,ScenicRim.csv
Born in North-West Europe (%),3051.65,7,ScenicRim.csv
Born in Southern and Eastern Europe (%),261.57,0.6,ScenicRim.csv
Born in North Africa and the Middle East (%),43.595,0.1,ScenicRim.csv
Born in South-East Asia (%),392.355,0.9,ScenicRim.csv
Born in North-East Asia (%),261.57,0.6,ScenicRim.csv
Born in Southern and Central Asia (%),130.785,0.3,ScenicRim.csv
Born in Americas (%),348.76,0.8,ScenicRim.csv
Born in Sub-Saharan Africa (%),348.76,0.8,ScenicRim.csv
Total,6539.25,15,ScenicRim.csv
Born in Oceania and Antarctica (excluding Australia) (%),812.512,3.2,Somerset.csv
Born in North-West Europe (%),1294.941,5.1,Somerset.csv
Born in Southern and Eastern Europe (%),101.564,0.4,Somerset.csv
Born in North Africa and the Middle East (%),0,0,Somerset.csv
Born in South-East Asia (%),787.121,3.1,Somerset.csv
Born in North-East Asia (%),126.955,0.5,Somerset.csv
Born in Southern and Central Asia (%),50.782,0.2,Somerset.csv
Born in Americas (%),101.564,0.4,Somerset.csv
Born in Sub-Saharan Africa (%),152.346,0.6,Somerset.csv
Total,3427.785,13.5,Somerset.csv
Born in Oceania and Antarctica (excluding Australia) (%),799.8,2.4,SouthBurnett.csv
Born in North-West Europe (%),1299.675,3.9,SouthBurnett.csv
Born in Southern and Eastern Europe (%),99.975,0.3,SouthBurnett.csv
Born in North Africa and the Middle East (%),33.325,0.1,SouthBurnett.csv
Born in South-East Asia (%),399.9,1.2,SouthBurnett.csv
Born in North-East Asia (%),133.3,0.4,SouthBurnett.csv
Born in Southern and Central Asia (%),133.3,0.4,SouthBurnett.csv
Born in Americas (%),166.625,0.5,SouthBurnett.csv
Born in Sub-Saharan Africa (%),166.625,0.5,SouthBurnett.csv
Total,3232.525,9.7,SouthBurnett.csv
Born in Oceania and Antarctica (excluding Australia) (%),806.102,2.2,SouthernDowns.csv
Born in North-West Europe (%),1428.999,3.9,SouthernDowns.csv
Born in Southern and Eastern Europe (%),329.769,0.9,SouthernDowns.csv
Born in North Africa and the Middle East (%),36.641,0.1,SouthernDowns.csv
Born in South-East Asia (%),403.051,1.1,SouthernDowns.csv
Born in North-East Asia (%),219.846,0.6,SouthernDowns.csv
Born in Southern and Central Asia (%),109.923,0.3,SouthernDowns.csv
Born in Americas (%),219.846,0.6,SouthernDowns.csv
Born in Sub-Saharan Africa (%),183.205,0.5,SouthernDowns.csv
Total,3737.382,10.2,SouthernDowns.csv
Born in Oceania and Antarctica (excluding Australia) (%),16292.456,4.7,SunshineCoast.csv
Born in North-West Europe (%),30158.376,8.7,SunshineCoast.csv
Born in Southern and Eastern Europe (%),3119.832,0.9,SunshineCoast.csv
Born in North Africa and the Middle East (%),693.296,0.2,SunshineCoast.csv
Born in South-East Asia (%),4159.776,1.2,SunshineCoast.csv
Born in North-East Asia (%),2426.536,0.7,SunshineCoast.csv
Born in Southern and Central Asia (%),3813.128,1.1,SunshineCoast.csv
Born in Americas (%),5199.72,1.5,SunshineCoast.csv
Born in Sub-Saharan Africa (%),5893.016,1.7,SunshineCoast.csv
Total,71756.136,20.7,SunshineCoast.csv
Born in Oceania and Antarctica (excluding Australia) (%),874.104,3.3,Tablelands.csv
Born in North-West Europe (%),1483.328,5.6,Tablelands.csv
Born in Southern and Eastern Europe (%),238.392,0.9,Tablelands.csv
Born in North Africa and the Middle East (%),26.488,0.1,Tablelands.csv
Born in South-East Asia (%),291.368,1.1,Tablelands.csv
Born in North-East Asia (%),79.464,0.3,Tablelands.csv
Born in Southern and Central Asia (%),79.464,0.3,Tablelands.csv
Born in Americas (%),211.904,0.8,Tablelands.csv
Born in Sub-Saharan Africa (%),185.416,0.7,Tablelands.csv
Total,3469.928,13.1,Tablelands.csv
Born in Oceania and Antarctica (excluding Australia) (%),3331.004,1.9,Toowoomba.csv
Born in North-West Europe (%),5259.48,3,Toowoomba.csv
Born in Southern and Eastern Europe (%),525.948,0.3,Toowoomba.csv
Born in North Africa and the Middle East (%),3506.32,2,Toowoomba.csv
Born in South-East Asia (%),2805.056,1.6,Toowoomba.csv
Born in North-East Asia (%),1402.528,0.8,Toowoomba.csv
Born in Southern and Central Asia (%),3681.636,2.1,Toowoomba.csv
Born in Americas (%),1402.528,0.8,Toowoomba.csv
Born in Sub-Saharan Africa (%),2629.74,1.5,Toowoomba.csv
Total,24544.24,14,Toowoomba.csv
Born in Oceania and Antarctica (excluding Australia) (%),120.122,3.4,Torres.csv
Born in North-West Europe (%),52.995,1.5,Torres.csv
Born in Southern and Eastern Europe (%),10.599,0.3,Torres.csv
Born in South-East Asia (%),28.264,0.8,Torres.csv
Born in North-East Asia (%),17.665,0.5,Torres.csv
Born in Southern and Central Asia (%),17.665,0.5,Torres.csv
Born in Americas (%),14.132,0.4,Torres.csv
Born in Sub-Saharan Africa (%),10.599,0.3,Torres.csv
Total,272.041,7.7,Torres.csv
Born in Oceania and Antarctica (excluding Australia) (%),124.7,2.9,TorresStraitIsland.csv
Born in North-West Europe (%),8.6,0.2,TorresStraitIsland.csv
Born in Americas (%),8.6,0.2,TorresStraitIsland.csv
Born in Sub-Saharan Africa (%),4.3,0.1,TorresStraitIsland.csv
Total,146.2,3.4,TorresStraitIsland.csv
Born in Oceania and Antarctica (excluding Australia) (%),5865.45,3,Townsville.csv
Born in North-West Europe (%),8016.115,4.1,Townsville.csv
Born in Southern and Eastern Europe (%),1173.09,0.6,Townsville.csv
Born in North Africa and the Middle East (%),391.03,0.2,Townsville.csv
Born in South-East Asia (%),3714.785,1.9,Townsville.csv
Born in North-East Asia (%),1173.09,0.6,Townsville.csv
Born in Southern and Central Asia (%),2541.695,1.3,Townsville.csv
Born in Americas (%),1564.12,0.8,Townsville.csv
Born in Sub-Saharan Africa (%),2932.725,1.5,Townsville.csv
Total,27372.1,14,Townsville.csv
Born in Oceania and Antarctica (excluding Australia) (%),16.432,2.6,Weipa.csv
Born in North-West Europe (%),0,0,Weipa.csv
Born in South-East Asia (%),3.16,0.5,Weipa.csv
Born in Americas (%),0,0,Weipa.csv
Born in Sub-Saharan Africa (%),4.424,0.7,Weipa.csv
Total,24.016,3.8,Weipa.csv
Born in Oceania and Antarctica (excluding Australia) (%),584.12,1.7,WesternDowns.csv
Born in North-West Europe (%),687.2,2,WesternDowns.csv
Born in Southern and Eastern Europe (%),137.44,0.4,WesternDowns.csv
Born in North Africa and the Middle East (%),0,0,WesternDowns.csv
Born in South-East Asia (%),618.48,1.8,WesternDowns.csv
Born in North-East Asia (%),68.72,0.2,WesternDowns.csv
Born in Southern and Central Asia (%),171.8,0.5,WesternDowns.csv
Born in Americas (%),206.16,0.6,WesternDowns.csv
Born in Sub-Saharan Africa (%),240.52,0.7,WesternDowns.csv
Total,2714.44,7.9,WesternDowns.csv
Born in Oceania and Antarctica (excluding Australia) (%),1468.74,3.9,Whitsunday.csv
Born in North-West Europe (%),2033.64,5.4,Whitsunday.csv
Born in Southern and Eastern Europe (%),338.94,0.9,Whitsunday.csv
Born in North Africa and the Middle East (%),75.32,0.2,Whitsunday.csv
Born in South-East Asia (%),790.86,2.1,Whitsunday.csv
Born in North-East Asia (%),376.6,1,Whitsunday.csv
Born in Southern and Central Asia (%),225.96,0.6,Whitsunday.csv
Born in Americas (%),527.24,1.4,Whitsunday.csv
Born in Sub-Saharan Africa (%),338.94,0.9,Whitsunday.csv
Total,6176.24,16.4,Whitsunday.csv
Born in Oceania and Antarctica (excluding Australia) (%),9.056,0.8,Winton.csv
Born in North-West Europe (%),23.772,2.1,Winton.csv
Born in Southern and Eastern Europe (%),4.528,0.4,Winton.csv
Born in South-East Asia (%),7.924,0.7,Winton.csv
Born in Southern and Central Asia (%),5.66,0.5,Winton.csv
Total,50.94,4.5,Winton.csv
Born in Oceania and Antarctica (excluding Australia) (%),4.164,0.4,Woorabinda.csv
Born in North-West Europe (%),0,0,Woorabinda.csv
Born in South-East Asia (%),4.164,0.4,Woorabinda.csv
Total,8.328,0.8,Woorabinda.csv
Born in Oceania and Antarctica (excluding Australia) (%),5.112,1.8,WujalWujal.csv
Total,5.112,1.8,WujalWujal.csv
Born in Oceania and Antarctica (excluding Australia) (%),2.598,0.1,Yarrabah.csv
Total,2.598,0.1,Yarrabah.csv
