ethnicGroup,ethnicPopulation,ethnicPercentage,FileName
Born in Oceania and Antarctica (excluding Australia) (%),102.21,1.41,UnincorporatedACT.csv
Born in North-West Europe (%),132.123,1.78,UnincorporatedACT.csv
Born in Southern and Eastern Europe (%),29.55,0.5,UnincorporatedACT.csv
Born in North Africa and the Middle East (%),99.54,1.2,UnincorporatedACT.csv
Born in South-East Asia (%),39.56,1.23,UnincorporatedACT.csv
Born in North-East Asia (%),105.23,1.5,UnincorporatedACT.csv
Born in Southern and Central Asia (%),200.31,2.2,UnincorporatedACT.csv
Born in Americas (%),10.2,0.1,UnincorporatedACT.csv
Born in Sub-Saharan Africa (%),34.56,0.3,UnincorporatedACT.csv
Total,753.283,10.22,UnincorporatedACT.csv
