ethnicGroup,ethnicPopulation,ethnicPercentage
Born in Oceania and Antarctica (excluding Australia) (%),762.185,1.9
Born in North-West Europe (%),4011.5,10.0
Born in Southern and Eastern Europe (%),320.92,0.8
Born in North Africa and the Middle East (%),40.115,0.1
Born in South-East Asia (%),1123.22,2.8
Born in North-East Asia (%),160.46,0.4
Born in Southern and Central Asia (%),200.575,0.5
Born in Americas (%),320.92,0.8
Born in Sub-Saharan Africa (%),722.07,1.8
Total born overseas (no.),7661.964999999999,19.1
