ethnicGroup,ethnicPopulation,ethnicPercentage
Born in Oceania and Antarctica (excluding Australia) (%),3320.1,3.4
Born in North-West Europe (%),10155.6,10.4
Born in Southern and Eastern Europe (%),878.85,0.9
Born in North Africa and the Middle East (%),781.2,0.8
Born in South-East Asia (%),6347.25,6.5
Born in North-East Asia (%),1367.1,1.4
Born in Southern and Central Asia (%),7421.4,7.6
Born in Americas (%),878.85,0.9
Born in Sub-Saharan Africa (%),3906.0,4.0
Total born overseas (no.),35056.35,35.9
