ethnicGroup,ethnicPopulation,ethnicPercentage
Born in Oceania and Antarctica (excluding Australia) (%),451.53,5.8
Born in North-West Europe (%),365.895,4.7
Born in Southern and Eastern Europe (%),77.85,1.0
Born in North Africa and the Middle East (%),31.14,0.4
Born in South-East Asia (%),249.12,3.2
Born in North-East Asia (%),31.14,0.4
Born in Southern and Central Asia (%),70.065,0.9
Born in Americas (%),54.495,0.7
Born in Sub-Saharan Africa (%),124.56,1.6
Total born overseas (no.),1455.7949999999998,18.700000000000003
