ethnicGroup,ethnicPopulation,ethnicPercentage
Born in Oceania and Antarctica (excluding Australia) (%),553.536,3.2
Born in North-West Europe (%),2006.568,11.6
Born in Southern and Eastern Europe (%),190.278,1.1
Born in North Africa and the Middle East (%),17.298,0.1
Born in South-East Asia (%),259.47,1.5
Born in North-East Asia (%),121.086,0.7
Born in Southern and Central Asia (%),69.192,0.4
Born in Americas (%),345.96,2.0
Born in Sub-Saharan Africa (%),294.066,1.7
Total born overseas (no.),3857.4539999999993,22.299999999999997
