ethnicGroup,ethnicPopulation,ethnicPercentage
Born in Oceania and Antarctica (excluding Australia) (%),478.645,2.9
Born in North-West Europe (%),1683.51,10.2
Born in Southern and Eastern Europe (%),495.15,3.0
Born in North Africa and the Middle East (%),82.525,0.5
Born in South-East Asia (%),676.705,4.1
Born in North-East Asia (%),231.07,1.4
Born in Southern and Central Asia (%),412.625,2.5
Born in Americas (%),165.05,1.0
Born in Sub-Saharan Africa (%),280.585,1.7
Total born overseas (no.),4505.865,27.3
