ethnicGroup,ethnicPopulation,ethnicPercentage
Born in Oceania and Antarctica (excluding Australia) (%),1651.308,2.3
Born in North-West Europe (%),6102.66,8.5
Born in Southern and Eastern Europe (%),3446.208,4.8
Born in North Africa and the Middle East (%),1005.144,1.4
Born in South-East Asia (%),5815.476,8.1
Born in North-East Asia (%),2369.268,3.3
Born in Southern and Central Asia (%),3661.596,5.1
Born in Americas (%),1076.94,1.5
Born in Sub-Saharan Africa (%),1938.492,2.7
Total born overseas (no.),27067.091999999997,37.7
