ethnicGroup,ethnicPopulation,ethnicPercentage
Born in Oceania and Antarctica (excluding Australia) (%),1579.428,3.6
Born in North-West Europe (%),3071.11,7.0
Born in Southern and Eastern Europe (%),1009.079,2.3
Born in North Africa and the Middle East (%),921.333,2.1
Born in South-East Asia (%),3904.697,8.9
Born in North-East Asia (%),1974.285,4.5
Born in Southern and Central Asia (%),3422.094,7.8
Born in Americas (%),570.349,1.3
Born in Sub-Saharan Africa (%),1447.809,3.3
Total born overseas (no.),17900.184,40.79999999999999
