ethnicGroup,ethnicPopulation,ethnicPercentage
Born in Oceania and Antarctica (excluding Australia) (%),155.904,2.9
Born in North-West Europe (%),736.512,13.7
Born in Southern and Eastern Europe (%),32.256,0.6
Born in North Africa and the Middle East (%),5.376,0.1
Born in South-East Asia (%),64.512,1.2
Born in North-East Asia (%),10.752,0.2
Born in Southern and Central Asia (%),10.752,0.2
Born in Americas (%),53.76,1.0
Born in Sub-Saharan Africa (%),86.016,1.6
Total born overseas (no.),1155.84,21.5
