ethnicGroup,ethnicPopulation,ethnicPercentage
Born in Oceania and Antarctica (excluding Australia) (%),364.18,2.0
Born in North-West Europe (%),928.659,5.1
Born in Southern and Eastern Europe (%),145.672,0.8
Born in North Africa and the Middle East (%),36.418,0.2
Born in South-East Asia (%),437.016,2.4
Born in North-East Asia (%),163.881,0.9
Born in Southern and Central Asia (%),109.254,0.6
Born in Americas (%),200.299,1.1
Born in Sub-Saharan Africa (%),218.508,1.2
Total born overseas (no.),2603.8869999999997,14.299999999999999
