ethnicGroup,ethnicPopulation,ethnicPercentage
Born in Oceania and Antarctica (excluding Australia) (%),921.996,2.7
Born in North-West Europe (%),2731.84,8.0
Born in Southern and Eastern Europe (%),443.924,1.3
Born in North Africa and the Middle East (%),136.592,0.4
Born in South-East Asia (%),887.848,2.6
Born in North-East Asia (%),307.332,0.9
Born in Southern and Central Asia (%),409.776,1.2
Born in Americas (%),239.036,0.7
Born in Sub-Saharan Africa (%),614.664,1.8
Total born overseas (no.),6693.008,19.6
