ethnicGroup,ethnicPopulation,ethnicPercentage
Born in Oceania and Antarctica (excluding Australia) (%),1008.144,2.4
Born in North-West Europe (%),4578.654,10.9
Born in Southern and Eastern Europe (%),252.036,0.6
Born in North Africa and the Middle East (%),42.006,0.1
Born in South-East Asia (%),546.078,1.3
Born in North-East Asia (%),210.03,0.5
Born in Southern and Central Asia (%),336.048,0.8
Born in Americas (%),378.054,0.9
Born in Sub-Saharan Africa (%),714.102,1.7
Total born overseas (no.),8065.152000000001,19.2
