ethnicGroup,ethnicPopulation,ethnicPercentage
Born in Oceania and Antarctica (excluding Australia) (%),477.376,1.6
Born in North-West Europe (%),3490.812,11.7
Born in Southern and Eastern Europe (%),626.556,2.1
Born in North Africa and the Middle East (%),268.524,0.9
Born in South-East Asia (%),1163.604,3.9
Born in North-East Asia (%),745.9,2.5
Born in Southern and Central Asia (%),656.392,2.2
Born in Americas (%),745.9,2.5
Born in Sub-Saharan Africa (%),895.08,3.0
Total born overseas (no.),9070.144,30.399999999999995
