ethnicGroup,ethnicPopulation,ethnicPercentage
Born in Oceania and Antarctica (excluding Australia) (%),1987.02,2.0
Born in North-West Europe (%),6855.219,6.9
Born in Southern and Eastern Europe (%),1490.265,1.5
Born in North Africa and the Middle East (%),2185.722,2.2
Born in South-East Asia (%),13710.438,13.8
Born in North-East Asia (%),7550.676,7.6
Born in Southern and Central Asia (%),12716.928,12.8
Born in Americas (%),993.51,1.0
Born in Sub-Saharan Africa (%),3079.881,3.1
Total born overseas (no.),50569.659,50.9
