ethnicGroup,ethnicPopulation,ethnicPercentage
Born in Oceania and Antarctica (excluding Australia) (%),525.84,2.8
Born in North-West Europe (%),1558.74,8.3
Born in Southern and Eastern Europe (%),112.68,0.6
Born in North Africa and the Middle East (%),56.34,0.3
Born in South-East Asia (%),450.72,2.4
Born in North-East Asia (%),56.34,0.3
Born in Southern and Central Asia (%),225.36,1.2
Born in Americas (%),131.46,0.7
Born in Sub-Saharan Africa (%),995.34,5.3
Total born overseas (no.),4112.82,21.900000000000002
