ethnicGroup,ethnicPopulation,ethnicPercentage
Born in Oceania and Antarctica (excluding Australia) (%),138.15,2.5
Born in North-West Europe (%),281.826,5.1
Born in Southern and Eastern Europe (%),138.15,2.5
Born in North Africa and the Middle East (%),11.052,0.2
Born in South-East Asia (%),254.196,4.6
Born in North-East Asia (%),66.312,1.2
Born in Southern and Central Asia (%),38.682,0.7
Born in Americas (%),33.156,0.6
Born in Sub-Saharan Africa (%),55.26,1.0
Total born overseas (no.),1016.784,18.4
