ethnicGroup,ethnicPopulation,ethnicPercentage
Born in Oceania and Antarctica (excluding Australia) (%),56.628,3.3
Born in North-West Europe (%),49.764,2.9
Born in Southern and Eastern Europe (%),8.58,0.5
Born in North Africa and the Middle East (%),68.64,4.0
Born in South-East Asia (%),437.58,25.5
Born in North-East Asia (%),20.592,1.2
Born in Southern and Central Asia (%),49.764,2.9
Born in Americas (%),8.58,0.5
Born in Sub-Saharan Africa (%),46.332,2.7
Total born overseas (no.),746.46,43.50000000000001
