ethnicGroup,ethnicPopulation,ethnicPercentage
Born in Oceania and Antarctica (excluding Australia) (%),186.32,1.6
Born in North-West Europe (%),1502.205,12.9
Born in Southern and Eastern Europe (%),163.03,1.4
Born in North Africa and the Middle East (%),93.16,0.8
Born in South-East Asia (%),360.995,3.1
Born in North-East Asia (%),465.8,4.0
Born in Southern and Central Asia (%),163.03,1.4
Born in Americas (%),302.77,2.6
Born in Sub-Saharan Africa (%),407.575,3.5
Total born overseas (no.),3644.885,31.3
