ethnicGroup,ethnicPopulation,ethnicPercentage
Born in Oceania and Antarctica (excluding Australia) (%),3544.119,2.9
Born in North-West Europe (%),12098.889,9.9
Born in Southern and Eastern Europe (%),5866.128,4.8
Born in North Africa and the Middle East (%),977.688,0.8
Born in South-East Asia (%),7332.66,6.0
Born in North-East Asia (%),2810.853,2.3
Born in Southern and Central Asia (%),3421.908,2.8
Born in Americas (%),1955.376,1.6
Born in Sub-Saharan Africa (%),3666.33,3.0
Total born overseas (no.),41673.950999999994,34.10000000000001
