ethnicGroup,ethnicPopulation,ethnicPercentage
Born in Oceania and Antarctica (excluding Australia) (%),209.024,2.3
Born in North-West Europe (%),536.192,5.9
Born in Southern and Eastern Europe (%),54.528,0.6
Born in North Africa and the Middle East (%),18.176,0.2
Born in South-East Asia (%),90.88,1.0
Born in North-East Asia (%),18.176,0.2
Born in Southern and Central Asia (%),18.176,0.2
Born in Americas (%),18.176,0.2
Born in Sub-Saharan Africa (%),72.704,0.8
Total born overseas (no.),1036.0320000000002,11.399999999999997
