ethnicGroup,ethnicPopulation,ethnicPercentage
Born in Oceania and Antarctica (excluding Australia) (%),287.402,7.9
Born in North-West Europe (%),120.054,3.3
Born in Southern and Eastern Europe (%),29.104,0.8
Born in North Africa and the Middle East (%),3.638,0.1
Born in South-East Asia (%),83.674,2.3
Born in North-East Asia (%),7.276,0.2
Born in Southern and Central Asia (%),21.828,0.6
Born in Americas (%),10.914,0.3
Born in Sub-Saharan Africa (%),43.656,1.2
Total born overseas (no.),607.5459999999998,16.7
