ethnicGroup,ethnicPopulation,ethnicPercentage
Born in Oceania and Antarctica (excluding Australia) (%),148.428,1.8
Born in North-West Europe (%),1030.75,12.5
Born in Southern and Eastern Europe (%),131.936,1.6
Born in North Africa and the Middle East (%),32.984,0.4
Born in South-East Asia (%),123.69,1.5
Born in North-East Asia (%),74.214,0.9
Born in Southern and Central Asia (%),41.23,0.5
Born in Americas (%),222.642,2.7
Born in Sub-Saharan Africa (%),214.396,2.6
Total born overseas (no.),2020.2699999999998,24.5
