ethnicGroup,ethnicPopulation,ethnicPercentage
Born in Oceania and Antarctica (excluding Australia) (%),35.9,2.5
Born in North-West Europe (%),61.748,4.3
Born in Southern and Eastern Europe (%),0.0,0.0
Born in North Africa and the Middle East (%),0.0,0.0
Born in South-East Asia (%),112.008,7.8
Born in North-East Asia (%),0.0,0.0
Born in Southern and Central Asia (%),2.872,0.2
Born in Americas (%),11.488,0.8
Born in Sub-Saharan Africa (%),24.412,1.7
Total born overseas (no.),248.42800000000003,17.3
