ethnicGroup,ethnicPopulation,ethnicPercentage
Born in Oceania and Antarctica (excluding Australia) (%),97.244,2.8
Born in North-West Europe (%),246.583,7.1
Born in Southern and Eastern Europe (%),17.365,0.5
Born in North Africa and the Middle East (%),6.946,0.2
Born in South-East Asia (%),38.203,1.1
Born in North-East Asia (%),13.892,0.4
Born in Southern and Central Asia (%),17.365,0.5
Born in Americas (%),20.838,0.6
Born in Sub-Saharan Africa (%),52.095,1.5
Total born overseas (no.),510.53100000000006,14.699999999999998
