ethnicGroup,ethnicPopulation,ethnicPercentage
Born in Oceania and Antarctica (excluding Australia) (%),440.771,2.9
Born in North-West Europe (%),1124.726,7.4
Born in Southern and Eastern Europe (%),75.995,0.5
Born in North Africa and the Middle East (%),30.398,0.2
Born in South-East Asia (%),243.184,1.6
Born in North-East Asia (%),91.194,0.6
Born in Southern and Central Asia (%),121.592,0.8
Born in Americas (%),75.995,0.5
Born in Sub-Saharan Africa (%),349.577,2.3
Total born overseas (no.),2553.432,16.8
