ethnicGroup,ethnicPopulation,ethnicPercentage
Born in Oceania and Antarctica (excluding Australia) (%),129.34,2.0
Born in North-West Europe (%),944.182,14.6
Born in Southern and Eastern Europe (%),38.802,0.6
Born in North Africa and the Middle East (%),6.467,0.1
Born in South-East Asia (%),84.071,1.3
Born in North-East Asia (%),19.401,0.3
Born in Southern and Central Asia (%),19.401,0.3
Born in Americas (%),84.071,1.3
Born in Sub-Saharan Africa (%),148.741,2.3
Total born overseas (no.),1474.4759999999999,22.800000000000008
