ethnicGroup,ethnicPopulation,ethnicPercentage
Born in Oceania and Antarctica (excluding Australia) (%),168.28,2.0
Born in North-West Europe (%),159.866,1.9
Born in Southern and Eastern Europe (%),16.828,0.2
Born in North Africa and the Middle East (%),8.414,0.1
Born in South-East Asia (%),75.726,0.9
Born in North-East Asia (%),33.656,0.4
Born in Southern and Central Asia (%),58.898,0.7
Born in Americas (%),33.656,0.4
Born in Sub-Saharan Africa (%),67.312,0.8
Total born overseas (no.),622.636,7.4
