ethnicGroup,ethnicPopulation,ethnicPercentage
Born in Oceania and Antarctica (excluding Australia) (%),157.8,2.5
Born in North-West Europe (%),656.448,10.4
Born in Southern and Eastern Europe (%),63.12,1.0
Born in North Africa and the Middle East (%),6.312,0.1
Born in South-East Asia (%),82.056,1.3
Born in North-East Asia (%),44.184,0.7
Born in Southern and Central Asia (%),31.56,0.5
Born in Americas (%),44.184,0.7
Born in Sub-Saharan Africa (%),82.056,1.3
Total born overseas (no.),1167.72,18.5
