ethnicGroup,ethnicPopulation,ethnicPercentage
Born in Oceania and Antarctica (excluding Australia) (%),716.013,6.9
Born in North-West Europe (%),446.211,4.3
Born in Southern and Eastern Europe (%),72.639,0.7
Born in North Africa and the Middle East (%),41.508,0.4
Born in South-East Asia (%),404.703,3.9
Born in North-East Asia (%),51.885,0.5
Born in Southern and Central Asia (%),114.147,1.1
Born in Americas (%),83.016,0.8
Born in Sub-Saharan Africa (%),300.933,2.9
Total born overseas (no.),2231.0550000000003,21.5
