ethnicGroup,ethnicPopulation,ethnicPercentage
Born in Oceania and Antarctica (excluding Australia) (%),161.3,2.0
Born in North-West Europe (%),1072.645,13.3
Born in Southern and Eastern Europe (%),201.625,2.5
Born in North Africa and the Middle East (%),32.26,0.4
Born in South-East Asia (%),104.845,1.3
Born in North-East Asia (%),48.39,0.6
Born in Southern and Central Asia (%),32.26,0.4
Born in Americas (%),169.365,2.1
Born in Sub-Saharan Africa (%),120.975,1.5
Total born overseas (no.),1943.665,24.1
