ethnicGroup,ethnicPopulation,ethnicPercentage
Born in Oceania and Antarctica (excluding Australia) (%),403.144,2.8
Born in North-West Europe (%),791.89,5.5
Born in Southern and Eastern Europe (%),43.194,0.3
Born in North Africa and the Middle East (%),0.0,0.0
Born in South-East Asia (%),187.174,1.3
Born in North-East Asia (%),28.796,0.2
Born in Southern and Central Asia (%),57.592,0.4
Born in Americas (%),71.99,0.5
Born in Sub-Saharan Africa (%),259.164,1.8
Total born overseas (no.),1842.9440000000002,12.800000000000002
