ethnicGroup,ethnicPopulation,ethnicPercentage
Born in Oceania and Antarctica (excluding Australia) (%),76.92,2.4
Born in North-West Europe (%),243.58,7.6
Born in Southern and Eastern Europe (%),48.075,1.5
Born in North Africa and the Middle East (%),6.41,0.2
Born in South-East Asia (%),57.69,1.8
Born in North-East Asia (%),19.23,0.6
Born in Southern and Central Asia (%),12.82,0.4
Born in Americas (%),102.56,3.2
Born in Sub-Saharan Africa (%),28.845,0.9
Total born overseas (no.),596.1300000000001,18.599999999999998
