ethnicGroup,ethnicPopulation,ethnicPercentage
Born in Oceania and Antarctica (excluding Australia) (%),728.398,2.2
Born in North-West Europe (%),4668.369,14.1
Born in Southern and Eastern Europe (%),1556.123,4.7
Born in North Africa and the Middle East (%),165.545,0.5
Born in South-East Asia (%),629.071,1.9
Born in North-East Asia (%),264.872,0.8
Born in Southern and Central Asia (%),198.654,0.6
Born in Americas (%),827.725,2.5
Born in Sub-Saharan Africa (%),595.962,1.8
Total born overseas (no.),9634.719,29.1
