ethnicGroup,ethnicPopulation,ethnicPercentage
Born in Oceania and Antarctica (excluding Australia) (%),287.55,5.0
Born in North-West Europe (%),695.871,12.1
Born in Southern and Eastern Europe (%),86.265,1.5
Born in North Africa and the Middle East (%),5.751,0.1
Born in South-East Asia (%),155.277,2.7
Born in North-East Asia (%),80.514,1.4
Born in Southern and Central Asia (%),28.755,0.5
Born in Americas (%),34.506,0.6
Born in Sub-Saharan Africa (%),86.265,1.5
Total born overseas (no.),1460.7540000000004,25.400000000000002
