ethnicGroup,ethnicPopulation,ethnicPercentage
Born in Oceania and Antarctica (excluding Australia) (%),3941.43,3.0
Born in North-West Europe (%),9853.575,7.5
Born in Southern and Eastern Europe (%),1576.572,1.2
Born in North Africa and the Middle East (%),2627.62,2.0
Born in South-East Asia (%),15108.815,11.5
Born in North-East Asia (%),4729.716,3.6
Born in Southern and Central Asia (%),14057.767,10.7
Born in Americas (%),919.667,0.7
Born in Sub-Saharan Africa (%),4598.335,3.5
Total born overseas (no.),57413.497,43.7
