ethnicGroup,ethnicPopulation,ethnicPercentage
Born in Oceania and Antarctica (excluding Australia) (%),782.762,1.9
Born in North-West Europe (%),2307.088,5.6
Born in Southern and Eastern Europe (%),247.188,0.6
Born in North Africa and the Middle East (%),41.198,0.1
Born in South-East Asia (%),988.752,2.4
Born in North-East Asia (%),123.594,0.3
Born in Southern and Central Asia (%),370.782,0.9
Born in Americas (%),247.188,0.6
Born in Sub-Saharan Africa (%),741.564,1.8
Total born overseas (no.),5850.116000000001,14.200000000000001
