ethnicGroup,ethnicPopulation,ethnicPercentage
Born in Oceania and Antarctica (excluding Australia) (%),1096.347,3.7
Born in North-West Europe (%),2281.587,7.7
Born in Southern and Eastern Europe (%),237.048,0.8
Born in North Africa and the Middle East (%),59.262,0.2
Born in South-East Asia (%),800.037,2.7
Born in North-East Asia (%),266.679,0.9
Born in Southern and Central Asia (%),177.786,0.6
Born in Americas (%),118.524,0.4
Born in Sub-Saharan Africa (%),651.882,2.2
Total born overseas (no.),5689.152,19.2
