ethnicGroup,ethnicPopulation,ethnicPercentage
Born in Oceania and Antarctica (excluding Australia) (%),4457.025,2.7
Born in North-West Europe (%),33345.15,20.2
Born in Southern and Eastern Europe (%),3466.575,2.1
Born in North Africa and the Middle East (%),1320.6,0.8
Born in South-East Asia (%),4126.875,2.5
Born in North-East Asia (%),1815.825,1.1
Born in Southern and Central Asia (%),1980.9,1.2
Born in Americas (%),2145.975,1.3
Born in Sub-Saharan Africa (%),8418.825,5.1
Total born overseas (no.),61077.75,37.0
