ethnicGroup,ethnicPopulation,ethnicPercentage
Born in Oceania and Antarctica (excluding Australia) (%),2128.105,3.5
Born in North-West Europe (%),7357.163,12.1
Born in Southern and Eastern Europe (%),912.045,1.5
Born in North Africa and the Middle East (%),243.212,0.4
Born in South-East Asia (%),2128.105,3.5
Born in North-East Asia (%),547.227,0.9
Born in Southern and Central Asia (%),2006.499,3.3
Born in Americas (%),425.621,0.7
Born in Sub-Saharan Africa (%),1580.878,2.6
Total born overseas (no.),17328.855,28.5
