ethnicGroup,ethnicPopulation,ethnicPercentage
Born in Oceania and Antarctica (excluding Australia) (%),2453.92,8.0
Born in North-West Europe (%),1134.938,3.7
Born in Southern and Eastern Europe (%),214.718,0.7
Born in North Africa and the Middle East (%),153.37,0.5
Born in South-East Asia (%),1196.286,3.9
Born in North-East Asia (%),245.392,0.8
Born in Southern and Central Asia (%),582.806,1.9
Born in Americas (%),245.392,0.8
Born in Sub-Saharan Africa (%),1134.938,3.7
Total born overseas (no.),7361.76,23.999999999999996
