ethnicGroup,ethnicPopulation,ethnicPercentage
Born in Oceania and Antarctica (excluding Australia) (%),1030.524,4.4
Born in North-West Europe (%),983.682,4.2
Born in Southern and Eastern Europe (%),140.526,0.6
Born in North Africa and the Middle East (%),70.263,0.3
Born in South-East Asia (%),889.998,3.8
Born in North-East Asia (%),187.368,0.8
Born in Southern and Central Asia (%),444.999,1.9
Born in Americas (%),187.368,0.8
Born in Sub-Saharan Africa (%),444.999,1.9
Total born overseas (no.),4379.727,18.7
