ethnicGroup,ethnicPopulation,ethnicPercentage
Born in Oceania and Antarctica (excluding Australia) (%),207.074,4.9
Born in North-West Europe (%),156.362,3.7
Born in Southern and Eastern Europe (%),29.582,0.7
Born in North Africa and the Middle East (%),8.452,0.2
Born in South-East Asia (%),325.402,7.7
Born in North-East Asia (%),33.808,0.8
Born in Southern and Central Asia (%),59.164,1.4
Born in Americas (%),16.904,0.4
Born in Sub-Saharan Africa (%),54.938,1.3
Total born overseas (no.),891.686,21.099999999999998
