ethnicGroup,ethnicPopulation,ethnicPercentage
Born in Oceania and Antarctica (excluding Australia) (%),2287.584,4.8
Born in North-West Europe (%),4193.904,8.8
Born in Southern and Eastern Europe (%),667.212,1.4
Born in North Africa and the Middle East (%),333.606,0.7
Born in South-East Asia (%),3955.614,8.3
Born in North-East Asia (%),571.896,1.2
Born in Southern and Central Asia (%),2287.584,4.8
Born in Americas (%),524.238,1.1
Born in Sub-Saharan Africa (%),1763.346,3.7
Total born overseas (no.),16584.984,34.800000000000004
