ethnicGroup,ethnicPopulation,ethnicPercentage
Born in Oceania and Antarctica (excluding Australia) (%),31.2,2.4
Born in North-West Europe (%),71.5,5.5
Born in Southern and Eastern Europe (%),2.6,0.2
Born in North Africa and the Middle East (%),5.2,0.4
Born in South-East Asia (%),16.9,1.3
Born in North-East Asia (%),7.8,0.6
Born in Southern and Central Asia (%),5.2,0.4
Born in Americas (%),0.0,0.0
Born in Sub-Saharan Africa (%),31.2,2.4
Total born overseas (no.),171.6,13.200000000000001
