ethnicGroup,ethnicPopulation,ethnicPercentage
Born in Oceania and Antarctica (excluding Australia) (%),100.24,7.0
Born in North-West Europe (%),40.096,2.8
Born in Southern and Eastern Europe (%),4.296,0.3
Born in North Africa and the Middle East (%),5.728,0.4
Born in South-East Asia (%),24.344,1.7
Born in North-East Asia (%),0.0,0.0
Born in Southern and Central Asia (%),4.296,0.3
Born in Americas (%),4.296,0.3
Born in Sub-Saharan Africa (%),28.64,2.0
Total born overseas (no.),211.93599999999998,14.800000000000002
