ethnicGroup,ethnicPopulation,ethnicPercentage
Born in Oceania and Antarctica (excluding Australia) (%),118.473,6.9
Born in North-West Europe (%),75.548,4.4
Born in Southern and Eastern Europe (%),8.585,0.5
Born in North Africa and the Middle East (%),8.585,0.5
Born in South-East Asia (%),51.51,3.0
Born in North-East Asia (%),0.0,0.0
Born in Southern and Central Asia (%),10.302,0.6
Born in Americas (%),8.585,0.5
Born in Sub-Saharan Africa (%),39.491,2.3
Total born overseas (no.),321.079,18.7
