ethnicGroup,ethnicPopulation,ethnicPercentage
Born in Oceania and Antarctica (excluding Australia) (%),3643.146,3.9
Born in North-West Europe (%),14012.1,15.0
Born in Southern and Eastern Europe (%),840.726,0.9
Born in North Africa and the Middle East (%),280.242,0.3
Born in South-East Asia (%),2428.764,2.6
Born in North-East Asia (%),467.07,0.5
Born in Southern and Central Asia (%),934.14,1.0
Born in Americas (%),747.312,0.8
Born in Sub-Saharan Africa (%),2335.35,2.5
Total born overseas (no.),25688.849999999995,27.5
