ethnicGroup,ethnicPopulation,ethnicPercentage
Born in Oceania and Antarctica (excluding Australia) (%),224.424,2.4
Born in North-West Europe (%),720.027,7.7
Born in Southern and Eastern Europe (%),149.616,1.6
Born in North Africa and the Middle East (%),9.351,0.1
Born in South-East Asia (%),121.563,1.3
Born in North-East Asia (%),56.106,0.6
Born in Southern and Central Asia (%),93.51,1.0
Born in Americas (%),46.755,0.5
Born in Sub-Saharan Africa (%),65.457,0.7
Total born overseas (no.),1486.8090000000002,15.899999999999999
