ethnicGroup,ethnicPopulation,ethnicPercentage
Born in Oceania and Antarctica (excluding Australia) (%),48.906,3.8
Born in North-West Europe (%),38.61,3.0
Born in Southern and Eastern Europe (%),6.435,0.5
Born in North Africa and the Middle East (%),6.435,0.5
Born in South-East Asia (%),28.314,2.2
Born in North-East Asia (%),15.444,1.2
Born in Southern and Central Asia (%),12.87,1.0
Born in Americas (%),7.722,0.6
Born in Sub-Saharan Africa (%),18.018,1.4
Total born overseas (no.),182.754,14.2
