ethnicGroup,ethnicPopulation,ethnicPercentage
Born in Oceania and Antarctica (excluding Australia) (%),1923.21,1.8
Born in North-West Europe (%),10791.345,10.1
Born in Southern and Eastern Europe (%),2350.59,2.2
Born in North Africa and the Middle East (%),1282.14,1.2
Born in South-East Asia (%),8868.135,8.3
Born in North-East Asia (%),4060.11,3.8
Born in Southern and Central Asia (%),2991.66,2.8
Born in Americas (%),1602.675,1.5
Born in Sub-Saharan Africa (%),2884.815,2.7
Total born overseas (no.),36754.68,34.400000000000006
