ethnicGroup,ethnicPopulation,ethnicPercentage
Born in Oceania and Antarctica (excluding Australia) (%),74.083,2.3
Born in North-West Europe (%),148.166,4.6
Born in Southern and Eastern Europe (%),22.547,0.7
Born in North Africa and the Middle East (%),3.221,0.1
Born in South-East Asia (%),35.431,1.1
Born in North-East Asia (%),9.663,0.3
Born in Southern and Central Asia (%),22.547,0.7
Born in Americas (%),6.442,0.2
Born in Sub-Saharan Africa (%),51.536,1.6
Total born overseas (no.),373.636,11.599999999999998
