ethnicGroup,ethnicPopulation,ethnicPercentage
Born in Oceania and Antarctica (excluding Australia) (%),45.296,1.9
Born in North-West Europe (%),114.432,4.8
Born in Southern and Eastern Europe (%),7.152,0.3
Born in North Africa and the Middle East (%),4.768,0.2
Born in South-East Asia (%),38.144,1.6
Born in North-East Asia (%),0.0,0.0
Born in Southern and Central Asia (%),4.768,0.2
Born in Americas (%),9.536,0.4
Born in Sub-Saharan Africa (%),28.608,1.2
Total born overseas (no.),252.704,10.599999999999998
