ethnicGroup,ethnicPopulation,ethnicPercentage
Born in Oceania and Antarctica (excluding Australia) (%),180.158,1.9
Born in North-West Europe (%),1204.214,12.7
Born in Southern and Eastern Europe (%),227.568,2.4
Born in North Africa and the Middle East (%),66.374,0.7
Born in South-East Asia (%),331.87,3.5
Born in North-East Asia (%),237.05,2.5
Born in Southern and Central Asia (%),246.532,2.6
Born in Americas (%),265.496,2.8
Born in Sub-Saharan Africa (%),303.424,3.2
Total born overseas (no.),3062.686,32.300000000000004
