ethnicGroup,ethnicPopulation,ethnicPercentage
Born in Oceania and Antarctica (excluding Australia) (%),1135.148,2.8
Born in North-West Europe (%),5432.494,13.4
Born in Southern and Eastern Europe (%),567.574,1.4
Born in North Africa and the Middle East (%),81.082,0.2
Born in South-East Asia (%),689.197,1.7
Born in North-East Asia (%),202.705,0.5
Born in Southern and Central Asia (%),324.328,0.8
Born in Americas (%),364.869,0.9
Born in Sub-Saharan Africa (%),810.82,2.0
Total born overseas (no.),9608.217,23.699999999999996
