ethnicGroup,ethnicPopulation,ethnicPercentage
Born in Oceania and Antarctica (excluding Australia) (%),128.362,2.6
Born in North-West Europe (%),286.346,5.8
Born in Southern and Eastern Europe (%),29.622,0.6
Born in North Africa and the Middle East (%),4.937,0.1
Born in South-East Asia (%),162.921,3.3
Born in North-East Asia (%),14.811,0.3
Born in Southern and Central Asia (%),49.37,1.0
Born in Americas (%),9.874,0.2
Born in Sub-Saharan Africa (%),108.614,2.2
Total born overseas (no.),794.8570000000001,16.099999999999998
