ethnicGroup,ethnicPopulation,ethnicPercentage
Born in Oceania and Antarctica (excluding Australia) (%),321.272,1.4
Born in North-West Europe (%),2501.332,10.9
Born in Southern and Eastern Europe (%),321.272,1.4
Born in North Africa and the Middle East (%),229.48,1.0
Born in South-East Asia (%),1422.776,6.2
Born in North-East Asia (%),917.92,4.0
Born in Southern and Central Asia (%),504.856,2.2
Born in Americas (%),573.7,2.5
Born in Sub-Saharan Africa (%),711.388,3.1
Total born overseas (no.),7503.995999999999,32.7
