ethnicGroup,ethnicPopulation,ethnicPercentage
Born in Oceania and Antarctica (excluding Australia) (%),354.3,3.0
Born in North-West Europe (%),862.13,7.3
Born in Southern and Eastern Europe (%),106.29,0.9
Born in North Africa and the Middle East (%),94.48,0.8
Born in South-East Asia (%),318.87,2.7
Born in North-East Asia (%),35.43,0.3
Born in Southern and Central Asia (%),177.15,1.5
Born in Americas (%),35.43,0.3
Born in Sub-Saharan Africa (%),141.72,1.2
Total born overseas (no.),2125.8,18.000000000000004
