ethnicGroup,ethnicPopulation,ethnicPercentage
Born in Oceania and Antarctica (excluding Australia) (%),73.37,2.2
Born in North-West Europe (%),263.465,7.9
Born in Southern and Eastern Europe (%),16.675,0.5
Born in North Africa and the Middle East (%),3.335,0.1
Born in South-East Asia (%),30.015,0.9
Born in North-East Asia (%),10.005,0.3
Born in Southern and Central Asia (%),6.67,0.2
Born in Americas (%),16.675,0.5
Born in Sub-Saharan Africa (%),23.345,0.7
Total born overseas (no.),443.55499999999995,13.3
