ethnicGroup,ethnicPopulation,ethnicPercentage
Born in Oceania and Antarctica (excluding Australia) (%),18.029,1.1
Born in North-West Europe (%),186.846,11.4
Born in Southern and Eastern Europe (%),14.751,0.9
Born in North Africa and the Middle East (%),22.946,1.4
Born in South-East Asia (%),47.531,2.9
Born in North-East Asia (%),45.892,2.8
Born in Southern and Central Asia (%),19.668,1.2
Born in Americas (%),44.253,2.7
Born in Sub-Saharan Africa (%),54.087,3.3
Total born overseas (no.),454.003,27.7
