ethnicGroup,ethnicPopulation,ethnicPercentage
Born in Oceania and Antarctica (excluding Australia) (%),682.341,2.3
Born in North-West Europe (%),2907.366,9.8
Born in Southern and Eastern Europe (%),979.011,3.3
Born in North Africa and the Middle East (%),682.341,2.3
Born in South-East Asia (%),3204.036,10.8
Born in North-East Asia (%),3174.369,10.7
Born in Southern and Central Asia (%),1987.689,6.7
Born in Americas (%),1483.35,5.0
Born in Sub-Saharan Africa (%),919.677,3.1
Total born overseas (no.),16020.180000000002,54.00000000000001
