ethnicGroup,ethnicPopulation,ethnicPercentage
Born in Oceania and Antarctica (excluding Australia) (%),43.952,4.1
Born in North-West Europe (%),87.904,8.2
Born in Southern and Eastern Europe (%),7.504,0.7
Born in North Africa and the Middle East (%),0.0,0.0
Born in South-East Asia (%),11.792,1.1
Born in North-East Asia (%),3.216,0.3
Born in Southern and Central Asia (%),5.36,0.5
Born in Americas (%),7.504,0.7
Born in Sub-Saharan Africa (%),10.72,1.0
Total born overseas (no.),177.952,16.599999999999998
