ethnicGroup,ethnicPopulation,ethnicPercentage
Born in Oceania and Antarctica (excluding Australia) (%),132.816,2.4
Born in North-West Europe (%),575.536,10.4
Born in Southern and Eastern Europe (%),33.204,0.6
Born in North Africa and the Middle East (%),5.534,0.1
Born in South-East Asia (%),83.01,1.5
Born in North-East Asia (%),16.602,0.3
Born in Southern and Central Asia (%),110.68,2.0
Born in Americas (%),33.204,0.6
Born in Sub-Saharan Africa (%),77.476,1.4
Total born overseas (no.),1068.062,19.3
