ethnicGroup,ethnicPopulation,ethnicPercentage
Born in Oceania and Antarctica (excluding Australia) (%),982.94,5.9
Born in North-West Europe (%),566.44,3.4
Born in Southern and Eastern Europe (%),99.96,0.6
Born in North Africa and the Middle East (%),49.98,0.3
Born in South-East Asia (%),816.34,4.9
Born in North-East Asia (%),99.96,0.6
Born in Southern and Central Asia (%),299.88,1.8
Born in Americas (%),99.96,0.6
Born in Sub-Saharan Africa (%),399.84,2.4
Total born overseas (no.),3415.3000000000006,20.5
