ethnicGroup,ethnicPopulation,ethnicPercentage
Born in Oceania and Antarctica (excluding Australia) (%),79.809,3.7
Born in North-West Europe (%),159.618,7.4
Born in Southern and Eastern Europe (%),10.785,0.5
Born in North Africa and the Middle East (%),6.471,0.3
Born in South-East Asia (%),43.14,2.0
Born in North-East Asia (%),10.785,0.5
Born in Southern and Central Asia (%),12.942,0.6
Born in Americas (%),21.57,1.0
Born in Sub-Saharan Africa (%),77.652,3.6
Total born overseas (no.),422.772,19.6
