ethnicGroup,ethnicPopulation,ethnicPercentage
Born in Oceania and Antarctica (excluding Australia) (%),7310.94,5.2
Born in North-West Europe (%),23057.58,16.4
Born in Southern and Eastern Europe (%),1687.14,1.2
Born in North Africa and the Middle East (%),421.785,0.3
Born in South-East Asia (%),3233.685,2.3
Born in North-East Asia (%),562.38,0.4
Born in Southern and Central Asia (%),1405.95,1.0
Born in Americas (%),1124.76,0.8
Born in Sub-Saharan Africa (%),3936.66,2.8
Total born overseas (no.),42740.87999999999,30.4
