ethnicGroup,ethnicPopulation,ethnicPercentage
Born in Oceania and Antarctica (excluding Australia) (%),1233.802,3.7
Born in North-West Europe (%),3601.368,10.8
Born in Southern and Eastern Europe (%),200.076,0.6
Born in North Africa and the Middle East (%),100.038,0.3
Born in South-East Asia (%),733.612,2.2
Born in North-East Asia (%),100.038,0.3
Born in Southern and Central Asia (%),900.342,2.7
Born in Americas (%),233.422,0.7
Born in Sub-Saharan Africa (%),1200.456,3.6
Total born overseas (no.),8303.153999999999,24.900000000000002
