ethnicGroup,ethnicPopulation,ethnicPercentage
Born in Oceania and Antarctica (excluding Australia) (%),899.64,2.0
Born in North-West Europe (%),4273.29,9.5
Born in Southern and Eastern Europe (%),944.622,2.1
Born in North Africa and the Middle East (%),719.712,1.6
Born in South-East Asia (%),3328.668,7.4
Born in North-East Asia (%),1574.37,3.5
Born in Southern and Central Asia (%),1619.352,3.6
Born in Americas (%),854.658,1.9
Born in Sub-Saharan Africa (%),1349.46,3.0
Total born overseas (no.),15563.772,34.6
