ethnicGroup,ethnicPopulation,ethnicPercentage
Born in Oceania and Antarctica (excluding Australia) (%),4921.98,2.1
Born in North-West Europe (%),20625.44,8.8
Born in Southern and Eastern Europe (%),11719.0,5.0
Born in North Africa and the Middle East (%),4218.84,1.8
Born in South-East Asia (%),13594.04,5.8
Born in North-East Asia (%),5859.5,2.5
Born in Southern and Central Asia (%),12890.9,5.5
Born in Americas (%),4687.6,2.0
Born in Sub-Saharan Africa (%),9609.58,4.1
Total born overseas (no.),88126.88,37.6
