ethnicGroup,ethnicPopulation,ethnicPercentage
Born in Oceania and Antarctica (excluding Australia) (%),322.452,1.8
Born in North-West Europe (%),2346.734,13.1
Born in Southern and Eastern Europe (%),465.764,2.6
Born in North Africa and the Middle East (%),232.882,1.3
Born in South-East Asia (%),877.786,4.9
Born in North-East Asia (%),698.646,3.9
Born in Southern and Central Asia (%),429.936,2.4
Born in Americas (%),501.592,2.8
Born in Sub-Saharan Africa (%),465.764,2.6
Total born overseas (no.),6341.555999999999,35.4
