ethnicGroup,ethnicPopulation,ethnicPercentage
Born in Oceania and Antarctica (excluding Australia) (%),6030.258,3.8
Born in North-West Europe (%),12853.971,8.1
Born in Southern and Eastern Europe (%),3491.202,2.2
Born in North Africa and the Middle East (%),2380.365,1.5
Born in South-East Asia (%),10949.679,6.9
Born in North-East Asia (%),1428.219,0.9
Born in Southern and Central Asia (%),8410.623,5.3
Born in Americas (%),1269.528,0.8
Born in Sub-Saharan Africa (%),6188.949,3.9
Total born overseas (no.),53002.794,33.4
