ethnicGroup,ethnicPopulation,ethnicPercentage
Born in Oceania and Antarctica (excluding Australia) (%),160.242,3.4
Born in North-West Europe (%),659.82,14.0
Born in Southern and Eastern Europe (%),47.13,1.0
Born in North Africa and the Middle East (%),9.426,0.2
Born in South-East Asia (%),42.417,0.9
Born in North-East Asia (%),18.852,0.4
Born in Southern and Central Asia (%),9.426,0.2
Born in Americas (%),28.278,0.6
Born in Sub-Saharan Africa (%),56.556,1.2
Total born overseas (no.),1032.1470000000002,21.899999999999995
