ethnicGroup,ethnicPopulation,ethnicPercentage
Born in Oceania and Antarctica (excluding Australia) (%),996.112,2.6
Born in North-West Europe (%),3486.392,9.1
Born in Southern and Eastern Europe (%),919.488,2.4
Born in North Africa and the Middle East (%),536.368,1.4
Born in South-East Asia (%),2758.464,7.2
Born in North-East Asia (%),1455.856,3.8
Born in Southern and Central Asia (%),2566.904,6.7
Born in Americas (%),766.24,2.0
Born in Sub-Saharan Africa (%),957.8,2.5
Total born overseas (no.),14443.624,37.7
