ethnicGroup,ethnicPopulation,ethnicPercentage
Born in Oceania and Antarctica (excluding Australia) (%),795.165,2.1
Born in North-West Europe (%),3900.095,10.3
Born in Southern and Eastern Europe (%),1666.06,4.4
Born in North Africa and the Middle East (%),302.92,0.8
Born in South-East Asia (%),1968.98,5.2
Born in North-East Asia (%),1135.95,3.0
Born in Southern and Central Asia (%),833.03,2.2
Born in Americas (%),1022.355,2.7
Born in Sub-Saharan Africa (%),833.03,2.2
Total born overseas (no.),12457.585000000001,32.9
