ethnicGroup,ethnicPopulation,ethnicPercentage
Born in Oceania and Antarctica (excluding Australia) (%),7792.2,3.6
Born in North-West Europe (%),36363.6,16.8
Born in Southern and Eastern Europe (%),5411.25,2.5
Born in North Africa and the Middle East (%),3030.3,1.4
Born in South-East Asia (%),12337.65,5.7
Born in North-East Asia (%),1948.05,0.9
Born in Southern and Central Asia (%),6277.05,2.9
Born in Americas (%),2164.5,1.0
Born in Sub-Saharan Africa (%),12554.1,5.8
Total born overseas (no.),87878.70000000001,40.599999999999994
