ethnicGroup,ethnicPopulation,ethnicPercentage
Born in Oceania and Antarctica (excluding Australia) (%),135.067,3.1
Born in North-West Europe (%),418.272,9.6
Born in Southern and Eastern Europe (%),74.069,1.7
Born in North Africa and the Middle East (%),8.714,0.2
Born in South-East Asia (%),65.355,1.5
Born in North-East Asia (%),8.714,0.2
Born in Southern and Central Asia (%),8.714,0.2
Born in Americas (%),17.428,0.4
Born in Sub-Saharan Africa (%),43.57,1.0
Total born overseas (no.),779.9030000000001,17.899999999999995
