ethnicGroup,ethnicPopulation,ethnicPercentage
Born in Oceania and Antarctica (excluding Australia) (%),177.166,2.2
Born in North-West Europe (%),410.703,5.1
Born in Southern and Eastern Europe (%),40.265,0.5
Born in North Africa and the Middle East (%),16.106,0.2
Born in South-East Asia (%),128.848,1.6
Born in North-East Asia (%),48.318,0.6
Born in Southern and Central Asia (%),56.371,0.7
Born in Americas (%),40.265,0.5
Born in Sub-Saharan Africa (%),72.477,0.9
Total born overseas (no.),990.5189999999999,12.299999999999999
